primaryTitle,startYear,averageRating,numVotes
My boyfriends daddy is my man,2022,10.0,6
Gauri,1963,9.9,17
Blind Surfer with Pete Gustin,2020,9.9,12
Committed to the Craft,2022,9.9,16
La Lucha: Getting Schooled in America,2023,9.9,62
The Golden Hours,2025,9.9,9
Dance for Your Life,2026,9.9,61
I Forced an AI to Play a Kids Adventure Game,2023,9.9,475
Racquel Untamed,1990,9.8,10
Csonka Bereg,1989,9.8,6
Freedom Had a Price,1994,9.8,7
Gottzfart,1994,9.8,8
One Ten: Two Forty,1993,9.8,8
Bursa senfonisi,1934,9.8,8
Big Bones - Big Business,2004,9.8,12
Desh Devi,2002,9.8,15
Weirdo: The Story of Five Eight,2024,9.8,10
Apoteose,2009,9.8,88
Buried in Tucson,2007,9.8,19
Venice Carnival Unmasked,2019,9.8,7
Marineros,2019,9.8,6
Africa Uncensored,2019,9.8,7
My Father's Daughter,2002,9.8,15
Strade interrotte,2021,9.8,16
The Choice of Staying,2020,9.8,60
Almost an Island,2021,9.8,10
The Making of Liberty,1986,9.8,9
Possible Selves,2022,9.8,35
Budapest to Gettysburg,2007,9.8,9
What Happened at the Veterans Home?,2021,9.8,11
The Son,2021,9.8,46
The Trees of the East,2018,9.8,20
Fishmans: Otokotachi no Wakare 98.12.28 @ Akasaka Blitz,2005,9.8,99
Freedom Street,2022,9.8,10
Rajdrohi Rajneta,2022,9.8,10
Part-Time,1996,9.8,6
The Wired Prut,2011,9.8,7
Carnaval Devoto,2015,9.8,8
Streets of Flamenco,2021,9.8,8
Complicated,2025,9.8,88
Dandgi Muley,2012,9.8,41
Live in Relation,2022,9.8,86
Pelkie: 100 Years of Finnishness in Michigan's Upper Peninsula.,2019,9.8,21
Pelas estradas do teatro levando cidadania,2014,9.8,7
Griôs,2023,9.8,8
Prince Oak Oakleyski: Eurasia Handsome Sovereign,2022,9.8,76
Ignite Your Love,2021,9.8,6
Big Ass Bhabhi,2022,9.8,7
Friends and Flatmates,2024,9.8,5
Endless Light,2022,9.8,19
A Nineteenth-century Photographer's Legacy,2022,9.8,20
Il custode della memoria,2022,9.8,32
Squirting MILFs,2022,9.8,8
Groupe de protection des Mineurs,2022,9.8,6
Limpa ja unemaailm,2023,9.8,8
Melges: The Wizard of Zenda,2023,9.8,23
The Order of Things,2022,9.8,11
Buddha by Nature,2012,9.8,6
Reggae Girlz,2025,9.8,6
Come pesci nell'acqua,2024,9.8,98
A Place to Call His Own,2013,9.8,17
Where the Rope Ends,2023,9.8,19
Zen Comedy,2023,9.8,31
Kamarati,2011,9.8,19
Chaos Dragon and the Light,2023,9.8,15
American Sons,2025,9.8,16
Babymetal: Legend - Metal Galaxy,2020,9.8,12
Megas afsakið meðanað ég æli,2023,9.8,13
Survivors Speak: Domestic Abuse and the Legal System,2024,9.8,15
The Dirty Gerund Poetry Show,2024,9.8,13
Sick-Amour: A Love Story,2024,9.8,6
A Thousand Forests,2024,9.8,6
Chingos,2023,9.8,7
"Islande, Sur les Traces de la Démocratie",2024,9.8,16
Siege at Nune High,2024,9.8,17
It's A to Z: The Art of Arleen Schloss,2024,9.8,11
Hassanovi Ratovi,2024,9.8,21
Agamemnon,2025,9.8,10
Transcending Surgeon,2014,9.8,7
La dea risorta,2022,9.8,21
Patchwork Family,2024,9.8,8
Tóxico Narcisista,2024,9.8,6
Ghosts of Texas: Galveston,2026,9.8,16
Out the Game,2025,9.8,135
Journeyman,2025,9.8,14
Archyvu detektyvas,2025,9.8,10
Rangi,2025,9.8,6
Anschlag aus dem Schwitzerreich,2026,9.8,5
For Such a Time as This,2025,9.8,74
Uma Chamada Furry,2025,9.8,6
Em Queda-Livre,2024,9.8,41
Quantum Qi,2025,9.8,75
Six of a Kind,2025,9.8,16
The Man in the Red Beret,2023,9.8,13
The Next Right Thing,2025,9.8,54
Toren: Back to Roots,2025,9.8,6
Ik Tere Kar K,2025,9.8,5
Daniel Ho: Life as an Audition,2025,9.8,9
Bankie Banx: King of the Dune,2024,9.8,36
A Fighting Legacy,2025,9.8,97
Children of Yamato,2025,9.8,5
Super-Yusuf,2025,9.8,6
TOTS (Tricked Out the Streets),2025,9.8,27
Legacy: The Fifty State Story of Letters from Home,2025,9.8,13
Queen Mary 2: The Last Great Ocean Liner,2025,9.8,7
Conversas nas Zonas Azuis,2025,9.8,5
Legado Negado: a escravidão no Brasil em um guia incorreto,2019,9.8,6
96 Pounds of Dynamite,2026,9.8,38
True Stories of Faith and Redemption,2026,9.8,9
A Road at Night,2026,9.8,7
Romeo + Julia,2014,9.8,17
You Have His Eyes,2014,9.8,11
Bringing the Fallen Home,2014,9.8,8
Silhouette Secrets,2015,9.8,9
La pas prin Bucuresti,2015,9.8,5
Institutionalized,2015,9.8,9
Wrestling Alligators,2016,9.8,14
Sobre tus huellas,2018,9.8,7
L'ultimo sparviero,2016,9.8,9
Dalla Regia Marina alla Decima Mas,2017,9.8,9
Code of Revelation,2017,9.8,10
Anna und Herr Goethe,2021,9.8,5
Ikaw lang ang mamahalin: Camiguin,1995,9.8,10
hitched,2017,9.8,10
Man's Game,2026,9.8,10
Shatter the Silence,2019,9.8,16
Mr. Texas,1951,9.8,10
Parto,2010,9.8,88
O Lar,2008,9.8,79
Yeshurun in 6 Chapters,2018,9.8,8
Anything You Lose,2019,9.8,7
Looking For A Heart Of Gold,2022,9.8,8
The Importance of Being Earnest,1932,9.7,11
Fenomenat,1976,9.7,8
Battleship Texas: The Lone Star Ship,2001,9.7,12
Illusory Thoughts,1989,9.7,393
Köroglu-Türkan Sultan,1953,9.7,10
The People's Story,2000,9.7,24
But What Was She Wearing?,2018,9.7,9
Baldy for the Blind,2024,9.7,55
Tukso,2007,9.7,10
Space Chasers,2025,9.7,54
Witness at Tornillo,2019,9.7,15
Mancation,2020,9.7,10
Main Bhi NRI,2020,9.7,10
Erik,2020,9.7,18
The Story of Your Life,2008,9.7,141
A Better Life,2020,9.7,66
Akujo no irojikake: Kamotte kaikan!,2020,9.7,11
Caution! Heartache Ahead,2009,9.7,13
Living Legends 66-0,2021,9.7,9
Lalka Paag,2015,9.7,10
Living with the Odds,2020,9.7,9
Muse,2021,9.7,13
Losers of Eden,2023,9.7,9
I'll See You Later,2021,9.7,8
"The Bird (Or: Marty, Clown)",2021,9.7,30
A Filha Do Governador 2,2016,9.7,7
Identity of the Soul,2009,9.7,143
Dream Big: Neemias Queta,2021,9.7,8
Hope Lives in Hohenwald,2022,9.7,9
Siti: Are You Ready?,2021,9.7,8
Swallows and Amazons: Bristol Old Vic Sets Sail,2010,9.7,85
The Banjo Boys,2025,9.7,33
The 90s Club,2022,9.7,42
Shaken and Stirred: The Story of Flair Bartending,2025,9.7,57
Local Area Network,2025,9.7,9
A Life to Regret,2022,9.7,8
Chebriarchatas,2011,9.7,12
History of Cleveland's Chinatown - an Oral History,2022,9.7,22
Dealin,2012,9.7,8
Beyond the Smoke,2022,9.7,10
Prince Oak Oakleyski Andronovo,2022,9.7,61
Prince Oak Oakleyski Most Handsome in the World Handsomest,2022,9.7,76
Who Is Prince Oak Oakleyski,2022,9.7,71
Giving Back: Students Who Returned As Teachers,2022,9.7,12
Unstoppable: The Rebecca Nagel Story,2022,9.7,19
Tahanan (Home),2022,9.7,30
Margazhi Raagam,2008,9.7,14
9 Lives,2022,9.7,12
Dancing with Mom,2022,9.7,68
Twenty One Pilots: Cinema Experience Extended Cut,2022,9.7,129
Before We Break,2023,9.7,9
Kodak,2023,9.7,8
The Arab Americans,2015,9.7,13
Tale of the American Dream,2023,9.7,17
Catching Bullets,2025,9.7,12
Mission 11 July,2010,9.7,9
Prisoner by Choice: The Frankie San Story,2023,9.7,29
The Ziguais,2022,9.7,9
The House That Stood,2023,9.7,58
U poshukakh Skovorody,2022,9.7,6
Inherent,2023,9.7,12
When You Become Me,2023,9.7,8
We Thrive,2023,9.7,28
The Three Little Proletariat Pigs,2023,9.7,8
Fake Friends,2022,9.7,12
Father and Son,2022,9.7,7
What the Heart Wants,2024,9.7,37
The Black Letter,2023,9.7,9
The First Lap,2023,9.7,17
Voices over the Water,2023,9.7,10
Ethos of Darkness,2023,9.7,7
The Fairy Garden,2023,9.7,17
Psicopata Paraibano,2022,9.7,6
Unstoppable Me,2023,9.7,33
Is There Something Going on at Home?,2023,9.7,29
Happen to Happen,2023,9.7,9
Traced 2,2024,9.7,12
Gedraag Ow,2024,9.7,7
Before You Fade Away Into Nothing,2025,9.7,16
From Homeless to Hollywood,2025,9.7,12
Babymetal - 10 Babymetal Budokan,2021,9.7,12
XRP Unleashed,2024,9.7,17
Babymetal: World Tour 2023 - 2024 Legend - MM,2024,9.7,14
"Missing, Presumed",2024,9.7,15
Poised,2024,9.7,17
Nanak Naam Jahaz Hai,2024,9.7,69
Bocchi the Rock! Live,2024,9.7,8
Bronx Socrates,2025,9.7,8
Spelkollektivet: To Build a Castle,2024,9.7,7
Exclusion: Beyond the Silence,2024,9.7,21
Borderline Forever,2021,9.7,122
A Faith Under Siege,2025,9.7,76
Station to Station,2014,9.7,16
The Silent Angel,2019,9.7,50
The Greatest Fire That Never Should've Happened,2025,9.7,95
Unremarkable,2025,9.7,22
Mamá quiero ser futbolista profesional,2022,9.7,7
Tell the Future That We Are Coming,2025,9.7,7
Visha Gati,2025,9.7,15
The Absurd Life of Kate,2017,9.7,6
Hockeytown,2024,9.7,98
Anna Loog,2025,9.7,6
Deadly Neighbor,2025,9.7,15
Until the Sky Falls Quiet,2025,9.7,42
Uhlanga the Mark,2012,9.7,17
Pantheon 3600,2025,9.7,18
Moira,2025,9.7,7
Golun Sarkisi,2025,9.7,6
The Vanished Neighborhood.,2025,9.7,20
Són,2025,9.7,6
Batman: The Crimson Cowl,2026,9.7,25
Aquarium,2026,9.7,12
Cheater Cheater Pussy Eater,2013,9.7,8
Drawing the Tiger,2015,9.7,31
"R5: All Day, All Night",2015,9.7,50
Todo mapa tem um discurso,2014,9.7,13
Il pilota della croce di ferro,2015,9.7,12
The Woodstock of House,2021,9.7,11
Love & Justice: In the Footsteps of Beethoven's Rebel Opera,2023,9.7,14
The Promise,2016,9.7,9
The Last Nomads,2016,9.7,11
Count Time the Movie,2018,9.7,10
Hand an Margarethe legen,2016,9.7,11
A Dedicated Life: Phoebe Brand Beyond the Group,2015,9.7,15
The Other End of the Earth,2018,9.7,12
Fort Maria,2018,9.7,12
The Pitts Circus Family,2017,9.7,10
The Changing Face of Iceland,2021,9.7,16
Song of Songs: The Journey of a Consecrated Virgin,2020,9.7,10
Monsoon Football,2019,9.7,14
The Fire Cats,2022,9.7,79
Guitar Days - An Unlikely Story of Brazilian Music,2019,9.7,39
Six Locked Doors: The Legacy of Cocoanut Grove,2021,9.7,13
Die Abrissbirnen,2019,9.7,8
Finite Water,2019,9.7,18
Stranen dvuboy,1971,9.6,9
Bondage Teacher,1986,9.6,13
Sayang si buta,1965,9.6,7
Casi ángeles,2002,9.6,8
Ispred prve linije,2004,9.6,11
The Boles Murders,2004,9.6,16
Di bale na lang,1987,9.6,52
Antes de a Vida Começar,2006,9.6,101
Creative Nature,2008,9.6,23
A Most Particularly Peculiar Bank Heist,2005,9.6,12
An Island's Legacy: Preparing for TT,2007,9.6,14
Cafe Coexistence,2009,9.6,18
Honor Project Documentary,2019,9.6,10
Hear Us,2018,9.6,18
Michelle Kash: Smoking Gun,2018,9.6,6
The Book of Harth,2022,9.6,57
In Sickness and in Health,2007,9.6,10
Wolf: Homeless in Native America,2006,9.6,12
Sidewalk Entrepreneurs,2019,9.6,13
I Was Always Supposed to Be Here,2019,9.6,10
Love Goes Public,2019,9.6,16
Our Club,2019,9.6,19
The Butcher Baronet,2019,9.6,31
Dr. Sebi: The Cure Documentary,2019,9.6,32
Anthony,2026,9.6,305
Gray Shadows,2021,9.6,7
Amazing Grace,2020,9.6,24
Broken Truth,2020,9.6,46
Aspired,2020,9.6,11
ODA,2020,9.6,11
Bidadari Terakhir,2015,9.6,13
Molulo 2: Jodohku yang Mana?,2022,9.6,78
Pingara,2019,9.6,23
Fatima,2009,9.6,11
Hearts of Glass: A Vertical Farm Takes Root in Wyoming,2019,9.6,7
Comfort Zone,2016,9.6,9
Flash: la storia di Giovanni Parisi,2020,9.6,6
Hasruin,2020,9.6,44
Ropewalk: A Cordage Engineer's Journey Through History,2008,9.6,15
In Illo Tempore,2019,9.6,5
Rutas del más allá: El documental,2020,9.6,30
Cleeve Concerts - Kim Cypher,2019,9.6,15
Shining Moon Director's Cut,2020,9.6,74
Lamba,2015,9.6,7
Escaped from Destruction,2020,9.6,5
Kocsis intim megvilágításban,2016,9.6,5
Levi: Becoming Himself,2021,9.6,6
Sehnsucht nach einer unbekannten Heimat,2021,9.6,18
Rhythms of the Heart,2018,9.6,7
The Child King,2007,9.6,16
"Mindless Self Indulgence: Our Pain, Your Gain",2007,9.6,14
Krenak,2017,9.6,7
The Martin,2008,9.6,14
Vamos Subir Leão!,2009,9.6,7
Foo Fighters - Live at Lollapalooza Brasil,2012,9.6,11
The Cat Town Story,2023,9.6,8
Lo spirito del serchio,2009,9.6,16
Sochi. Spring sonata,2021,9.6,26
Dear Mother,2022,9.6,9
Yeden,2021,9.6,29
Akshi,2021,9.6,67
God Lives in the Himalayas,2009,9.6,112
Isteni kéz,2020,9.6,39
Mission Champion,2007,9.6,10
Bad Luck Joe,2018,9.6,16
Desires and Delusions,2022,9.6,21
The History of the First Film Festival in Podilia,2021,9.6,6
Tailor My Heart,2018,9.6,9
Relatief Jonk,2021,9.6,9
Kot ptic,2006,9.6,19
In the Mud,2021,9.6,18
Hidden Agenda,2021,9.6,11
The Drive to Sing,2022,9.6,88
Amends of the Father,2023,9.6,15
Compound,2014,9.6,12
A Light in the Dark: The Art & Life of Frank Mason,2011,9.6,41
It's in the Blood: The Origins of Chattanooga Racing,2022,9.6,7
Postar,2007,9.6,10
Vivian Bullwinkel: An Australian Heroine,2007,9.6,10
Canaries in a Cold War,2022,9.6,9
A Place at the Table: African-Americans on the Path to Sainthood,2022,9.6,7
"With Love, Ion and Doina",2014,9.6,9
Dosor,2012,9.6,9
HSBC Champions WGC Official Film,2009,9.6,15
Tulak,2009,9.6,8
"Ciria, Pronounced Thiria",2013,9.6,18
Prem Prakaran,"",9.6,87
What Do We Know About Refugees?,2022,9.6,24
Home Alone - A Romanian Tragedy,2010,9.6,6
The Mask of Sanity,2012,9.6,14
Beautiful Noise,2022,9.6,8
Winona: A Copper Country Ghost Town,2015,9.6,18
Finger Laced Crown,2024,9.6,18
Maya Dede Maya Lele,2001,9.6,8
Beyond,2023,9.6,11
India's Sons,2022,9.6,365
The Roping Fools,2025,9.6,24
From Segregation to Justice,2022,9.6,16
Gvinis Akvani,2013,9.6,9
"Ryang-kang-do: Merry Christmas, North!",2011,9.6,106
Survival,2018,9.6,16
Battle of Amritsar,2022,9.6,59
Prince Oak Oakley Ski,2022,9.6,75
Prince Oak Oakleyski and News Interviewers,2022,9.6,78
America's Core,2008,9.6,11
Good Time Charley,2025,9.6,15
Prince Oakleyski Is Enough - Final,2022,9.6,75
Galamsey: Enemies Are Not God,2022,9.6,11
Project Pivot,2022,9.6,19
What Is Love?,2023,9.6,10
Maternal Intuition,2023,9.6,12
Vicuna Salvation,2023,9.6,30
More Tomcat Tales,2023,9.6,14
The Planters Plantation,2022,9.6,30
Dadiwonisi (We Will Speak),2023,9.6,25
Palestine,2011,9.6,9
Rising Above the Blues: The Story of Jimmy Scott,2012,9.6,10
Origine Nesanatoasa,2022,9.6,9
Madly Gifted,2012,9.6,8
Comigo Num se Pode,2022,9.6,16
The American Good Samaritans,2022,9.6,14
The Industry,2012,9.6,10
Dasein,2023,9.6,14
For the Love of Friends,2022,9.6,10
Man's Best Friend,2012,9.6,10
"Stomach In, Chest Out",1988,9.6,10
To Rise Above,2026,9.6,23
Actress,2023,9.6,6
A World of Difference,2022,9.6,8
Melvin Kangas: Kantele Man,2019,9.6,7
Searching for Veslemøy,2023,9.6,6
Das Munich Game - Der Football-Hype in Deutschland,2023,9.6,39
Win for Losing,2023,9.6,11
Pueblo: A Year of Crises in America,2023,9.6,7
Eight Chapters,2023,9.6,11
Getting Even,2014,9.6,12
Koromousso (Big Sister),2023,9.6,7
Abhisheka,2023,9.6,14
Dheera Samrat,2024,9.6,102
Turn Up the Love: Connecting to Pride,2023,9.6,19
Empirion: An adventure with Einstein,2023,9.6,5
Abyss In,2022,9.6,5
I Treturi,2021,9.6,9
Behind Our Walls,2023,9.6,27
Kalrav (Sound of running water),2023,9.6,65
Daisy's,2013,9.6,12
Tane Voivodata,2023,9.6,87
The Cowboy Capital,2024,9.6,9
All of the Above,2026,9.6,8
Dwarf Story,2025,9.6,7
Safe Sets,2024,9.6,8
Idem,2023,9.6,10
Big Stages,2023,9.6,28
Learning to Be Naked: Healing through burlesque,2024,9.6,23
Democracy: Year Zero,2013,9.6,15
Ramblings of a Bomber Pilot,2023,9.6,15
Medvedeva protiv Medvedevoy,2023,9.6,7
Dinobi,2023,9.6,18
Enredo de Reyes,2025,9.6,47
SEVENTEEN TOUR 'FOLLOW' to JAPAN: LIVE VIEWING,2023,9.6,44
Retaliation,2023,9.6,11
Shirphool,2018,9.6,7
Days of Géants 3: Dani Divova 3,2024,9.6,70
Onde as Ondas Quebram,2024,9.6,18
Flying with Fins,2024,9.6,6
Bleh!,2024,9.6,10
SICK: Unmasking Big Medicine,2024,9.6,10
Mr. Cinderella 2,2003,9.6,10
The Gregg Russell Story,2024,9.6,29
Il criminologo,2025,9.6,5
Boss Up: The Musical,2025,9.6,12
Lynden,2024,9.6,93
Hyperfocus: Tomorrow x Together VR Concert,2024,9.6,17
Artifact War,2024,9.6,12
Sunflowers in the Rain,2024,9.6,12
Ice Fishing Hardcore: On the Road,2024,9.6,8
The Sacrifice of Love,2014,9.6,31
Rawayan,2024,9.6,6
40 Days,2025,9.6,42
Messaggio per il secolo,2013,9.6,14
Plot Number 302,2025,9.6,52
13 Lentes De Um Final Feliz (Documentário Completo),2024,9.6,56
The Makings of Curtis Mayfield,2025,9.6,21
Raibaar,2025,9.6,100
L'energia della creazione,2025,9.6,7
La Realidad de lo Imaginario,2015,9.6,10
Raakshasa,2025,9.6,182
The Edge of Possible,2025,9.6,19
Projekt Marmor - verdrängt und vergessen,2025,9.6,12
The Night Before Easter,2025,9.6,38
Racket,2025,9.6,280
Heart of Brass,2025,9.6,27
Perfect for me,2025,9.6,27
Focused,2003,9.6,15
War of the Crowns: Fashion vs Beauty,2025,9.6,55
Selfless,2025,9.6,32
Trails Across the Steppe,2014,9.6,8
The Proctor,2026,9.6,8
Sadha Mulga,2025,9.6,87
Us Alone,2012,9.6,6
Everywhere Man: The Lives and Times of Peter Asher,2025,9.6,18
Jamming Addis,2014,9.6,8
Stolen Dreams Redemption,2025,9.6,5
The Killer Monroes,2014,9.6,21
La Otra Pelota,2025,9.6,6
Go Africa - Skyboy and the Woman of Honor,2025,9.6,12
The Philipstown WireCar Grand Prix,2025,9.6,7
Berona,2025,9.6,5
Cards on the Table,2025,9.6,11
Risha,2025,9.6,10
The Search for Milliseconds: Jackson Goldstone,2025,9.6,6
Project Origin: For King and Con,2026,9.6,22
Pumpkin Patch,2025,9.6,15
Struck,2025,9.6,21
Southerly,2026,9.6,9
Batang Paco,2026,9.6,6
Of Sound Mind,2015,9.6,12
Conscious,2026,9.6,10
We are the Champions- 40 Jahre Queen,2013,9.6,8
In guerra con l'Ala Littoria,2014,9.6,9
Breach,2026,9.6,48
Beyond Summits,2025,9.6,25
Batman: The Owl's Hollow,2025,9.6,54
Madina's Dream,2015,9.6,37
A Last Year in 114 Minutes,2014,9.6,11
Land of Songs,2015,9.6,15
Biwi Tumhari Bachche Hamare,2004,9.6,10
My Journey: Mencari Mata Air,2016,9.6,26
S.A.D Sitting and Drinking,2016,9.6,9
Reflections between the Oceans,2014,9.6,9
Mount Hopeless,2016,9.6,7
Susan Feature Documentary,2025,9.6,7
Built to Fail,2017,9.6,15
Pop Lock 'n Roll,2016,9.6,103
Two Four Six,2017,9.6,15
Tales of Rocky Point Park,2016,9.6,11
Corky and Bob Get a Job!,2017,9.6,7
EJK (Extra Judicial Killing),2016,9.6,11
Besides These Walls,2017,9.6,7
Unexpected Confrontation,2019,9.6,6
Detroit Under S.T.R.E.S.S.,2018,9.6,50
Music of Survival: The Story of the Ukrainian Bandurist Chorus,2015,9.6,12
Lost in Avalon,2021,9.6,26
I Don't Belong Here,2017,9.6,8
Abby's List: A Dogumentary,2023,9.6,101
The Calling: Things Will Go My Way,2004,9.6,16
Shears,2018,9.6,9
Traces of the Brush: The Heartprint of Fu Shen,2018,9.6,22
Tsunami After the Wave of Interest,2009,9.6,8
Quo Vadis 2020,2020,9.6,9
Talent of a Fish,2019,9.6,10
These Two Hands - The Story of Bowen Therapy,2023,9.6,47
Pre Fab!,2023,9.6,16
The Gods as My Friends,2019,9.6,20
"I Respond to You, God",1996,9.6,115
The Best Years Ever,1994,9.6,108
Banjoman,1975,9.5,14
Wiping the Tears of Seven Generations,1992,9.5,19
Nikki Dial's Secrets of Sexcess,1996,9.5,14
Dresden Diary 3,1989,9.5,25
Cat's Cradle,1997,9.5,11
A Day in the Warsaw Ghetto: A Birthday Trip in Hell,1991,9.5,10
"This Is Our Home, It Is Not for Sale",1987,9.5,11
Edadugula Bandham,1985,9.5,142
Murder in Yolpalas,1955,9.5,9
A Monk's Voice,2003,9.5,16
Dharma Poratam,1983,9.5,200
Indocumentados,2004,9.5,24
Soul of Justice: Thelton Henderson's American Journey,2005,9.5,24
Live From... the Hook,2006,9.5,18
God's Prayer,2007,9.5,15
Courageous Warriors Beauty from the Ashes,2021,9.5,51
Preet Janmo Janam Ni Bhulashe Nahi,2009,9.5,17
Heavy Vibes - The Vince Montana Retrospect.,2022,9.5,12
Filthy Frank Final Full Lore Movie,2018,9.5,305
MrBizness Presents: Friday Nights with Banshee Will,2019,9.5,11
Superstar,2017,9.5,32
MrBizness Presents: The Return of Rod Mikey,2019,9.5,10
Petersburg's tram,2007,9.5,28
The 50,2022,9.5,32
Squeezed Up - Tales of Polynesian Pop and Kustom Kulture,2020,9.5,16
Choosing Real Immunity,2019,9.5,17
Big Smooth,2023,9.5,81
Chasing the Long Yellow Line,2025,9.5,19
Maelstrom,2019,9.5,25
Liquor House Comedy presents Brown Sugar Night,2020,9.5,11
Maanavudu Daanavudu,1986,9.5,143
The Promise of New York,2009,9.5,70
ForeverMoore; The Angelo project,2020,9.5,62
Qawwali - Music of the Mystics,2020,9.5,58
"Return to Eden, It's All About Coming Home",2020,9.5,58
Þegiðu og syntu,2020,9.5,20
Average Community,2009,9.5,27
Bonne année,2008,9.5,113
Journey Into Tibet,2008,9.5,10
Il nostro paradiso,2020,9.5,29
Mandoukhai the Wise,1988,9.5,15
XXX-Mas Fun!,2012,9.5,13
Devara Makkalu,1970,9.5,20
Holy Rights,2020,9.5,9
Horchata with Oatmilk,2025,9.5,31
Bitter Sugar,2021,9.5,12
Behind the Visible,2021,9.5,92
The Oath of Cyriac,2021,9.5,36
Metallica: Rock in Rio 2011,2011,9.5,10
Walk with Frank,2021,9.5,18
The Fakefluencer,2021,9.5,32
On da Road: FRO Documentary 2021,2021,9.5,28
Wolf Song: The Movie,2016,9.5,19
Saint-Petersburg. Gatchina. Tsarskoe selo,2021,9.5,29
Inside Scofield,2022,9.5,69
Children of Fire: The Movie,2009,9.5,10
Terre rosse,2008,9.5,9
Spring and 3rd- The Story of the Yin Yang Cafe,2021,9.5,16
The Love Square,2021,9.5,12
Antaryatri Mahapurush (The Walking God),2022,9.5,429
The 5 Seconds of Summer Show,2021,9.5,11
Puli Vachindi Meka Chachindi,2021,9.5,90
James 'The Machine' Deane - Clipping Point,2021,9.5,27
The Rangers: Jerkin Is a Habit,2009,9.5,14
Subarnabhumi,2020,9.5,9
The Stars at Night,2023,9.5,18
Long Road to Europe,2021,9.5,12
Warology: Operations Other Than War,2011,9.5,30
Dans La Maison Du Capitaine,2018,9.5,10
The Mischievous Adventures of Brody Hayes,2011,9.5,27
Caffè & Vino - Due mondi un documentario,2022,9.5,30
I'll Be Frank,2022,9.5,9
Great Kills,2022,9.5,39
Svet Koji Nestaje,1987,9.5,393
Swor-The Melody of Dreams,2011,9.5,76
Welcome to Wonderland,2006,9.5,15
The Broken Promise,2023,9.5,124
Hiding in the Walls,2022,9.5,18
One Second at a Time,2023,9.5,38
Blackalachia,2021,9.5,10
Power to Change,2021,9.5,23
War Dogs and I,2022,9.5,88
Curiosity Killed the Cat,2012,9.5,22
Africa and I,2021,9.5,49
"Once Dumb, Twice Crazy, Third Time Wise: A Tale of Buddhist Pilgrimage",2011,9.5,12
Beyond the summit,2022,9.5,27
Spin,2011,9.5,22
Piggy Duster,2024,9.5,62
Parto,2011,9.5,105
Real Emperor Kandanai Maneesawath,2022,9.5,76
My Sister Liv,2022,9.5,17
In Pursuit of Flavor,2022,9.5,44
Prince of Eurasia,2022,9.5,85
Prince Oak Oakleyski on Google,2022,9.5,66
Stalag Luft III: One Man's Story,2019,9.5,22
Topeng Bramacorah dan Media Sosial,2021,9.5,61
Star Trek Enterprise: The Definitive History,2022,9.5,25
Wild Gift,2022,9.5,11
The Reckoning of Erin Morrigan,2025,9.5,10
Cosa verrà,2022,9.5,22
Self Referential Traverse: Zeitgeist and Engagement,2011,9.5,66
Return of the Black Queen,2012,9.5,10
Labour Pain - an unending saga,2023,9.5,47
The Boxer from Somewhere Else: The Ken Buchanan Story,2025,9.5,13
The Passion of Joan,2022,9.5,36
The Return of Uncle Benon,2011,9.5,207
The Musical: Welcome to the Night of Your Lives!,2023,9.5,33
Rising: City of Dreams,2022,9.5,14
The Making of Validation,2022,9.5,36
Away from Home - The Global Streaming Event,2021,9.5,13
Sefa: Road to Defqon.1,2022,9.5,11
The Art Whisperer,2023,9.5,21
Full Circle,2023,9.5,11
Amal,2011,9.5,26
Ambatukam: The Rise and Fall of Dreamybull,2023,9.5,71
Nkwanzi's Slip,2023,9.5,8
Lincoln the Musical,2023,9.5,28
Volver a ver,2025,9.5,20
Gud förbannat vilken jävla show! Med Leif & Billy,2023,9.5,32
Snatched,2023,9.5,14
Yug Purush Sadguru Sai Teoonram,2023,9.5,38
Bad Things Happen in Philadelphia,2023,9.5,12
What Is Art,2023,9.5,48
Nindu Chandamama,2023,9.5,75
Trustworthy,2024,9.5,24
Molise Tropico Felice,2023,9.5,8
Paramvah,2023,9.5,209
Big Rude Jake: Pursuing the Pearl of Great Price,2023,9.5,14
Masquerade,2023,9.5,8
Booked,2023,9.5,6
Sahebs Who Never Left - Part 2: The Aftermath,2023,9.5,96
Words of Wisdom from the Rainbow State,2021,9.5,14
ACID Canal,2023,9.5,21
Shoshite,2023,9.5,265
Schörle Herb,2023,9.5,12
Faction Leni Seemakatha,2024,9.5,55
The Funk Brothers,2011,9.5,10
Prince and the New Power Generation: Diamonds and Pearls Live at Glam Slam,2023,9.5,53
BTS Japan Official Fanmeeting Vol.5: Magic Shop,2020,9.5,43
Take 69 B,2020,9.5,227
Iyus Jenius,2024,9.5,49
Vestindo Histórias,2023,9.5,28
A Tisza nevében,2021,9.5,8
Bittersweet Memories: 14 Dias Isolados Para Fazer Um Álbum,2023,9.5,131
Le Dernier KO,2024,9.5,17
"Dudunya, the Art and Many Hats of Vladimir Radunsky",2023,9.5,19
Mr. Misogynistic starring Ron Da Don,2024,9.5,23
Die Brieffreundin,2023,9.5,6
Love God's Will,2024,9.5,68
Babymetal: Babymetal Begins -The Other One,2023,9.5,15
Sinduraa (Odia),2024,9.5,53
Genocide in the Wildflower State,2024,9.5,9
The Years We Have Been Nowhere,2023,9.5,86
Disengaged Soldiers,2024,9.5,10
Malik Ni Varta,2025,9.5,481
No Place to Grow Old,2024,9.5,25
The Gift (Belek),2023,9.5,18
Google Aai,2024,9.5,80
It'll Never Work,2024,9.5,34
Sniper Alley to My Brother,2024,9.5,7
Sweet Mahogany 3: The Final Entanglement,2025,9.5,13
God Is Good,2025,9.5,41
"Stones: The Rise, Fall, and Rise of Scottish Stonelifting",2024,9.5,15
Stateless,2014,9.5,49
BBC on Trial,2024,9.5,33
Bonding,2026,9.5,35
The Finding Papa Movie,2025,9.5,68
I Am Living Proof,2025,9.5,17
55 Years Glavbolgarstroy,2024,9.5,15
Bling Power,2025,9.5,51
Stabbed in the Face: The Rise and Fall of the World's Most Violent Band,2023,9.5,7
Navidad Catracha 2: El Origen,2024,9.5,12
Project Fiftyone,2025,9.5,43
Chain of People,2023,9.5,37
Alpha: Men Love Vengeance,2026,9.5,330
C-Bazz: Where Is the Love?,2025,9.5,15
Either Way,2025,9.5,14
The Light They Cast,2025,9.5,20
Il protagonista,2025,9.5,38
Foreign Homeland,2025,9.5,13
The Long Shot,2025,9.5,22
Love Chaos Kin,2025,9.5,22
Sagas of the Raven Land,2025,9.5,22
Shatir: The Beginning,2025,9.5,234
Dear Lara,2026,9.5,67
Stronger than Yesterday: 2024 Hybricon Games Documentary,2025,9.5,36
The Land of Women,2024,9.5,140
Still Waters,2025,9.5,9
1983 - O Ano Azul,2009,9.5,14
Dara: A Port Harcourt Love Story?,2025,9.5,19
Malamal Boyyyz,2025,9.5,25
Eidolon,2025,9.5,25
Etqi Allah - Fear God,2025,9.5,80
Pravas,2025,9.5,275
Sánchez S.A. Una Historia De Corrupción,2025,9.5,13
Not in Vain,2025,9.5,17
The Dying Trade,2025,9.5,54
Van Kraakpand tot Internationaal Poppodium,2025,9.5,24
Justitie capturata,2025,9.5,22
The Last Critic,2026,9.5,7
Sovereign Son,2026,9.5,10
Bhidewada,2026,9.5,292
Our Friend Jon,2020,9.5,64
Whispers of the River,2026,9.5,48
Brian on the Boulevard: The Story of a Hollywood Hustler,2006,9.5,40
Bicycle Dreams,2014,9.5,11
Murabi,2026,9.5,66
A Lifetime Poem,2015,9.5,8
Doreen Brownstone: Still Working After 90,2014,9.5,7
American 965,2021,9.5,36
Loybner,2018,9.5,13
Las Mafiosas,2015,9.5,17
El Pirata,2015,9.5,19
Golpe a La Mafia,2016,9.5,17
Running on Climate,2015,9.5,24
Red Dog & Bates,2023,9.5,19
Praying the Hours,2021,9.5,9
Etotuku Asha,1968,9.5,42
Going Furthur,2016,9.5,100
Downup the Exit 796,2018,9.5,61
The Wonderful Digby,2016,9.5,10
The Paternal Bond: Barbary Macaques,2015,9.5,17
Brigade,2017,9.5,11
A Vicious Cycle,2018,9.5,11
The Way,2016,9.5,28
Charlas con valor,2014,9.5,27
"Against All Odds, the Making of DEUCE of SPADES",2016,9.5,16
"Ginauhaw Ako, Ginagutom Ako",1977,9.5,37
"All-Americans, The",2017,9.5,25
The Human Face,2017,9.5,11
Namas Dei: The Tucker J. James Story,2025,9.5,26
Independent Roads,2012,9.5,13
Modernism Today,2016,9.5,7
Pale Blue Dot,2017,9.5,11
Once Upon a Time in the Wild,2022,9.5,17
Manry at Sea: In the Wake of a Dream,2018,9.5,97
Rooftop Story,2017,9.5,7
Lifeline: Pearl Harbor's Unknown Hero Narrated by Gary Sinise,2018,9.5,19
In Pursuit of Love,2021,9.5,13
A Memory in Khaki,2016,9.5,57
Tendlya,2018,9.5,45
Férid Boughedir: de l'Émotion Tunisienne au Rêve Universel,2016,9.5,10
Rising Silence,2019,9.5,8
Home,2019,9.5,9
Our Catherine,2019,9.5,47
From Depression with Love,2025,9.5,20
Vilangu,1987,9.5,91
Gift Box,2020,9.5,28
Perfectly Frank,2022,9.5,26
Rock Musical Bleach,2012,9.5,23
Vidyoday,2018,9.5,83
Twiceland,2018,9.5,83
Damasarete pero-pero: Wakarete moraimasu,2018,9.5,11
As If They Were Angels,2018,9.5,16
General Motors,1993,9.4,7
Nonki Yokocho,1939,9.4,17
"Faludy György, költö",1988,9.4,9
Christy Canyon X-Posed 2,1990,9.4,7
Christy Canyon X-Posed 3,1990,9.4,7
Still/Here,1996,9.4,11
Ankh Ka Nasha,1957,9.4,32
Free a Man to Fight: Women Soldiers of WWII,1999,9.4,9
The Return of Paul Jarrett,1998,9.4,25
"Disappearing Oasis, Last Oasis",1983,9.4,293
Molkarin,1963,9.4,20
Bhagya Devathe,1968,9.4,15
Candystore Conspiracy,1991,9.4,10
Nine Months to Freedom: The Story of Bangladesh,1972,9.4,28
Veera Kesari,1963,9.4,41
Juju Music,1987,9.4,14
The Myster General,2002,9.4,21
Jacob's Cry,1996,9.4,89
Boldstar,2003,9.4,12
Muriyada Mane,1964,9.4,18
My 100 Children,2003,9.4,11
Beware of Time,2004,9.4,19
Isn't This a Time! A Tribute Concert for Harold Leventhal,2004,9.4,39
"Ride Hard, Live Free",1988,9.4,7
A Trumpet at the Walls of Jericho,2005,9.4,8
Forbidden Forest,2004,9.4,11
Isa-dalawa-tatlo: Ang tatay kong kalbo,1979,9.4,41
Mzima: Portrait of a Spring,1972,9.4,6
Crazy Again,2006,9.4,15
Yours to Keep,1989,9.4,31
Ano tonneru,2004,9.4,21
Ofrenda desnuda,2006,9.4,13
"Je ne voyage pas, je rêve",2005,9.4,10
Royal Kaliber,2008,9.4,14
One Family,2018,9.4,7
Die Dreaming,2003,9.4,29
Beyond the Fear of Singing,2019,9.4,11
Ink & Linda,2022,9.4,10
Ratne price sa Kosara,2019,9.4,189
Resbak,2016,9.4,7
Ella Urma. Povestea unei vieti,2013,9.4,9
Café Mirage,2020,9.4,6
Companions to None,2007,9.4,9
Shinka no toki,2019,9.4,51
Tezhongbingguilai 2,2019,9.4,8
Float,2007,9.4,19
"Seniors, a dogumentary",2020,9.4,56
Marine Drive,2024,9.4,54
B.K.S. Iyengar: Uniting Through Yoga,2019,9.4,12
Crazy Cat Lady,2022,9.4,24
Rock n Roll Made in Mexico: From Evolution to Revolution,2007,9.4,17
130 Years of Alawites,2019,9.4,33
Miami,2019,9.4,27
Undercover Rascals,2010,9.4,24
Junho,2021,9.4,51
The Earned Life,2021,9.4,93
Abbeyfealegood,2019,9.4,16
Zulali,2022,9.4,18
The Book of Job,2018,9.4,14
Mixed Emotions Vol. 2,2020,9.4,8
The Last House Standing,2020,9.4,33
"Through a Glass, Dimly",2021,9.4,17
Lost in Berlin,2020,9.4,39
"Liquor House Comedy Almost Clean, Vol. 1",2020,9.4,11
Smoke Break the Movie,2016,9.4,46
Bagel & Lax,2021,9.4,10
Stamps Back,2022,9.4,60
Route 24,2020,9.4,42
Walk,2023,9.4,139
Children of All Ages,2008,9.4,26
The Dancin' Bulldogs,2020,9.4,18
Il Santo Veleno,2023,9.4,12
Hollywood's Architect: The Paul R. Williams Story,2020,9.4,24
Vandha Mala,2015,9.4,12
Execution,2020,9.4,9
Siliconn City,2017,9.4,71
Rough Hustle,2014,9.4,14
Swim,2008,9.4,17
From the Heart of Asia,2009,9.4,9
Your Name Here,2008,9.4,46
The Sacrament of Life,2008,9.4,72
States of Mind,2007,9.4,9
The Miracle in Manhattan,2017,9.4,17
Kelavu Dinagala Nanthara,2018,9.4,44
Alaska Far Away: The New Deal Pioneers of the Matanuska Colony,2008,9.4,11
The Sexton's Wife,2009,9.4,69
Mercedes-Benz: Here Europe,2017,9.4,19
Victoria's Secret: Show at the Fashion Café,1998,9.4,20
Space Beyond,2020,9.4,5
All the Way,2020,9.4,8
Surfing 50 States,2008,9.4,19
Capo di Famiglia III,2022,9.4,24
Loyal Through It All,2021,9.4,10
Beyond the Facade,2009,9.4,14
Ezio Gribaudo - La bellezza ci salverà,2022,9.4,6
Turkey: Fairy Chimneys and Underground Cities,2019,9.4,17
Doorada Betta,1973,9.4,38
My Prayers are Precious to God,2023,9.4,7
Maestro - Alla ricerca della musica nei campi,2017,9.4,8
Water Brother,2024,9.4,45
Chikamma,1969,9.4,15
Nanna Thamma,1970,9.4,24
"62,000:1 Three Teams One City One Year",2019,9.4,12
Terceiro Lado,2020,9.4,5
Uintah United,2009,9.4,9
Mr. Local Man,2019,9.4,19
32 - A Guerra Civil,1993,9.4,7
"ITER, the Grand Illusion: A Forensic Investigation of Power Claims",2021,9.4,12
Piano Lessons the Life and Art of German Diez Nieto,2021,9.4,7
Éoliennes: du rêve aux réalités,2021,9.4,97
Plastic Bag Store: The Film,2021,9.4,11
Lagan,2022,9.4,98
Birthday Free for All,2009,9.4,22
Action on NTV: Definitive Edition,2021,9.4,9
Max & Maxine,2022,9.4,17
Yasss,2023,9.4,6
TinyTown,2021,9.4,13
When the Road Ends,2020,9.4,32
Spanish Olive Grove,2021,9.4,26
Ayaanle,2022,9.4,83
45 Days: The Fight for a Nation,2021,9.4,194
Enlightenment Film,2009,9.4,70
Amma - sound of the soul,2022,9.4,22
Time Capsule,2022,9.4,8
Bablee,2023,9.4,47
Irreconcilable Differences,2021,9.4,8
Keepin on: A Film About the Adam Ezra Group,2009,9.4,8
Joel and Julie,2009,9.4,11
"The Beths: Auckland, New Zealand, 2020",2021,9.4,7
A Filha Do Governador (2015/1),2015,9.4,6
Lussu,2021,9.4,16
Meet Me Where I Am,2023,9.4,19
Ikemefuna,2021,9.4,7
Vida,2019,9.4,14
Forever Endeavor,2024,9.4,16
Strong Bodies Fight,2011,9.4,23
Caso Pesseghini - Investigação Criminal,2021,9.4,52
The Lions' Road,2022,9.4,27
Beyond the Ruins,2024,9.4,11
Romance of the Stars,2015,9.4,9
Glimpses,2022,9.4,10
The Catalyst,2011,9.4,16
Nirmon,1966,9.4,16
Silsila Sidnaaz Ka,2021,9.4,213
The Panic,2025,9.4,50
Ladies Night Out,2008,9.4,11
Bokar Rimpoche: Meditation Master,2007,9.4,8
The Insomniac,2009,9.4,9
Blue Alchemy: Stories of Indigo,2011,9.4,18
Mother's Day,2022,9.4,11
The Harvest,2011,9.4,12
Out Loud the Documentary,2011,9.4,8
Koudelka: Crossing the Same River,2021,9.4,8
UGK David's Sit Down Stand-Up Comedy Special,2022,9.4,23
Forever the End of Aging,2024,9.4,11
Bestiary,2025,9.4,5
Valley of the Bears,2022,9.4,23
Sospesi,2022,9.4,48
Dance Dance Revolution: The Warrior's Path,2011,9.4,13
From the Hood to the Holler,2022,9.4,14
Basically Frightened: The Musical Madness of Colonel Bruce Hampton,2012,9.4,22
Memory Lane,2022,9.4,35
In Danger of Being Discovered,2011,9.4,8
Stigma - Rusbruk i Norge,2022,9.4,16
MAATI 2 Kahani kisaan ki,2022,9.4,56
Vital Signs,2011,9.4,21
Get Over It,2022,9.4,14
Acting and Eating at the Same Time,2011,9.4,86
Tez Raftaaar,2025,9.4,38
Hell or High Water: The Story of the Nashville Rollergirls,2012,9.4,26
Kollaan Karjut,2023,9.4,15
Invisible America,2023,9.4,50
Spice Bois: Da Movie,2025,9.4,92
No Time for Goodbye,2025,9.4,6
Miami or Bust: A Hoboken Bet,2012,9.4,15
Lexicon,1988,9.4,91
Sunday Sunday Sunday,2022,9.4,89
The Next Morning,2022,9.4,43
The Animal in You,2012,9.4,7
Rivals: Ohio State vs. Michigan,2022,9.4,13
Behind the Scenes: Escape from Cuba,2003,9.4,78
Nariti: Romansa Danau Toba,2022,9.4,73
KambliHula,2022,9.4,98
Shelved: The Rise and Fall of 11:11,2012,9.4,20
This Is My Black,2022,9.4,20
Maktub,2009,9.4,6
Pilgrim,2025,9.4,67
Bagh Ko Bangara,2022,9.4,25
Devbhoomi,2023,9.4,51
The Ultimate History Lesson: A Weekend with John Taylor Gatto,2012,9.4,71
The Baldlands,2015,9.4,16
The Day That Never Happened,2006,9.4,8
Westenbrink,2008,9.4,8
Stewart Udall: The Politics of Beauty,2022,9.4,8
The Road to Valhalla,2013,9.4,17
Galang,2022,9.4,76
Kakhan Harab Dukh Mor,2005,9.4,33
O Katha,2023,9.4,45
Oye Jassi Oye,2023,9.4,81
Perry & Emile,2012,9.4,10
Pure Finesse,2023,9.4,15
"See Me Once More, My Dear Kid",2023,9.4,6
Sambhrama,2023,9.4,11
Romeo and Benvolio,2024,9.4,32
Kenyatta: Do Not Wait Your Turn,2023,9.4,54
RIF 58-59 Breaking the silence,2015,9.4,6
Black America,2023,9.4,17
Plantation 2: Rise of the Celts,2023,9.4,12
Rome: Death to America,2023,9.4,19
Rabb Di Awaaz,2023,9.4,22
Umbrella,2023,9.4,48
Giuseppe Garibaldi eroe leggendario,2023,9.4,15
Hathpakda,2023,9.4,32
Out 2 Kill,2023,9.4,7
The Voice of Greenland,2023,9.4,7
La Coralillo De La Muerte,2023,9.4,21
Love and Jealousy,2023,9.4,14
The Revenge of Wii Play 2: World War Wii,2024,9.4,11
Pobedilac smrti - Conqueror of death,2013,9.4,6
This is Hunting Park,2023,9.4,10
The Knights of Shame,2014,9.4,21
Puppy Love,2023,9.4,12
Rose Ayling-Ellis: Signs for Change,2023,9.4,26
TF2: 100 Days of Spy,2023,9.4,9
The Weight of a Feather,2022,9.4,7
Fleeting Reality,2023,9.4,7
Heart of a Servant: The Father Flanagan Story,2024,9.4,59
Changed,2022,9.4,17
You See Me,2015,9.4,80
Redención en la Oscuridad,2024,9.4,17
Tapes of Revolution,2024,9.4,8
Terra Rossa,2018,9.4,22
Makeba,2023,9.4,10
Dancing with the Dead: Red Pine and the Art of Translation,2023,9.4,7
Central and Remote,2025,9.4,25
Family,2023,9.4,8
Lucky Draw 777,2023,9.4,75
"Our Planet, the People, My Blood",2026,9.4,14
Day by Day: The Dynasty,2023,9.4,14
En liten stund med Moonica Mac,2023,9.4,12
Tallywacker,2023,9.4,33
Drop,2023,9.4,24
Scars of Shame,2015,9.4,9
A Sobering Story,2024,9.4,24
Majnoo,2024,9.4,62
Of Ashes: The Musical,2023,9.4,16
Himalayan embrace,2023,9.4,6
The Last Rehearsal,2023,9.4,7
Home Tour - A Bachelor Party,2024,9.4,68
C19 trittico pandemico,2023,9.4,5
"Stern: The Man, the Gang, and the State",2024,9.4,10
Martini Mom and Devil Spawn,2012,9.4,12
Everyday Readers,1998,9.4,25
Children of the Silent Revolution,2016,9.4,7
The Final Battle,2025,9.4,8
The Quiet Diplomat,2024,9.4,73
Stranger - Talking to Jihadists,2023,9.4,23
Paradise Falls: A Christmas Story,2024,9.4,67
Hawala,2024,9.4,215
Khajure Bro,2024,9.4,9
Kipidapp! Selamatkan Hari Jadi,2016,9.4,8
Laki-Laki,2013,9.4,7
Eclipse,2024,9.4,87
Dan Day,2024,9.4,7
Out of Breath,2024,9.4,8
Under the Open Sky,2025,9.4,29
L'arca,2025,9.4,31
"Moy drug, kot i Pushkin",2025,9.4,59
Seamos Perú,2024,9.4,7
Extra- Documentary,2024,9.4,31
Daal Roti/ Bread & Butter,2025,9.4,28
The Raftsmen,2025,9.4,15
Forsaken Warriors,2024,9.4,62
The Golden Chain of Mercy,2024,9.4,14
11 Kalak 23 Minute (Gujarati),2018,9.4,8
The Power of Sports for Amputees,2024,9.4,21
The Other Dreamers,2013,9.4,23
The Thing Expanded,2026,9.4,9
The Waiting Game,2024,9.4,31
A kiút,2024,9.4,62
The Last Ryde,2026,9.4,15
Russell Saves Christmas,2023,9.4,5
Yentha Panichesav Chanti,2024,9.4,88
Finding Family,2013,9.4,46
Ninety!,2013,9.4,18
Minnesota v. We the People,2024,9.4,8
Ta Jadna Stvorenja,2003,9.4,7
Ultimate Citizens,2024,9.4,8
Casebre,2024,9.4,36
Skeletons,2025,9.4,21
Problem Toh Hai,2024,9.4,42
Jujji,2024,9.4,145
Who Got the Bag,2025,9.4,21
The Line We Crossed,2025,9.4,10
Decoy,2024,9.4,10
"Mensch, ärgere dich!",2025,9.4,9
The End of the River,2024,9.4,7
Full Figured Flings,2026,9.4,20
Tender,2025,9.4,7
Tek Ümit - Einzige Hoffnung,2014,9.4,8
Talvar,2025,9.4,75
The Edible Underwear Club,2025,9.4,48
A Father's Journey,2015,9.4,65
The Stones Are Speaking,2025,9.4,16
No Evidence of Man,2026,9.4,15
Mhanje Waghache Panje,2025,9.4,494
"Thanksgiving, Again?!",2025,9.4,21
ReRun,2025,9.4,24
My Memories with Ava,2025,9.4,5
Black Sabbath Vol.4 Documentary,2025,9.4,28
Still Loved,2015,9.4,14
11:17,2025,9.4,9
In the Name of Science: Deception,2025,9.4,29
My Mother is a Witch,2025,9.4,10
Breaking 513,2013,9.4,20
Ashtapadi,2025,9.4,336
Bouya Rage Bomb,2025,9.4,21
Subculture: Legends of Provincial Rock'n'Roll,2025,9.4,8
The Last Twins,2025,9.4,22
I Dinosauri,2025,9.4,5
"Ave Sangria, a banda que não acabou",2025,9.4,5
Creer o Morir,2025,9.4,52
Avkarika,2025,9.4,122
Blue Grace,2018,9.4,10
Gear-Up Click to Login,2025,9.4,51
Big Mountain Soul: Ski Africa,2025,9.4,18
I Will Dance,2015,9.4,10
Dear Madonna documentary,2025,9.4,26
Recovery: The Movie,2025,9.4,8
Room Service,2024,9.4,10
Late Bloomer,2024,9.4,11
Deri Hoye Geche,2025,9.4,429
O Trabalho não é mercadoria,2025,9.4,5
A Thousand Shades of Purnama,2025,9.4,16
Bini Sutor Taan,2026,9.4,323
Love New York,2025,9.4,8
The Act of Writing,2015,9.4,22
The Making of Minamahal,2025,9.4,67
Before Dawn,2011,9.4,22
The Unforgotten Hero: In Memory of Sgt. Ryan Lane,2015,9.4,21
Jerriyude Aanmakkal,2025,9.4,374
The Community Service Club,2025,9.4,18
Copinha,2025,9.4,5
The Grail Code - Revelation Zero,2025,9.4,10
Isolated,2025,9.4,74
Last Garment of Christ,2024,9.4,17
Mzigo (Burden),2025,9.4,6
Everything Grows in Eden,2026,9.4,8
Under Reflex,2024,9.4,9
Andata e ritorno,2025,9.4,5
Magic,2026,9.4,57
Bilyarista,2025,9.4,38
Plitsch Platsch Forever!,2026,9.4,9
Nem Én Vagyok,2026,9.4,6
"Life's a Drag: Makeup, Bitches and Booze",2014,9.4,8
Shema,2025,9.4,5
Efunsetan Aniwura,2005,9.4,11
Warla,2025,9.4,9
I am Bone,2026,9.4,35
KKK: 3 Raja,2026,9.4,354
Boys of Summer: American Legion Baseball Documentary,2023,9.4,5
Porsche-ophile,2026,9.4,5
Reflections Unheard: Black Women in Civil Rights,2014,9.4,12
Dear Albert,2014,9.4,8
A Thousand Voices,2014,9.4,8
Phoebe's Father,2015,9.4,12
A Casa,2026,9.4,33
To Dance Like a Man,2011,9.4,8
A Man Before His Time,2015,9.4,33
Pallati 176,1986,9.4,308
Urban Lockdown,2015,9.4,8
Part & Parcel a Yoga Documentary Satsang,2014,9.4,8
La vera storia di Mamma Lucia,2015,9.4,26
Escape from Firebase Kate,2015,9.4,23
"You Leave, I'll Stay!",2015,9.4,77
Criminal: Become Vengeance,2013,9.4,15
Fantastic Love Gym,2015,9.4,58
Adventures of a Secret Kidd: The Mass Hallucination of Kenn Kweder,2015,9.4,7
The Royal Adelaide Show,2015,9.4,23
Paying the Price for Peace,2018,9.4,19
Fly High: Story of the Disc Dog,2019,9.4,14
A Different Life,2016,9.4,16
"Victory Remembered, Legacy of The Black Devils",2015,9.4,10
My Friend Violet,2016,9.4,17
Good Intentions,2014,9.4,10
The Luckiest Man: The John Paine Story,2015,9.4,53
Capodarco e i giovani: Before the future,2015,9.4,8
Immigrant,2018,9.4,8
Concerto,2016,9.4,27
Coal India,2015,9.4,7
Armânii,2015,9.4,23
The Truth on Trial,2016,9.4,15
GAIA: The Big Mother,2016,9.4,6
Catholicism: The Pivotal Players,2016,9.4,28
Indonesia Kirana,2016,9.4,74
Children of Peace,2016,9.4,12
The Caravan Film,2015,9.4,8
Tell Me a Story: the Life of J.L. Tramel,2016,9.4,22
Jamsil,2016,9.4,101
"Blue October, the Things We Do at Night Concert",2016,9.4,37
Do U Want It?,2017,9.4,70
São Paulo: 447th Anniversary,2001,9.4,104
The Groove Is Not Trivial,2016,9.4,13
Help Me Chase Those Seconds,2016,9.4,24
Girl Versus,2016,9.4,18
Ephemeral,2017,9.4,7
Blues Before Sunrise,2016,9.4,52
Palmyra,2017,9.4,8
"Keom, tugedeo",2016,9.4,93
Zavestanje,2016,9.4,41
Ram-Path,2017,9.4,9
The Rite of Summer,2018,9.4,19
Quarter Life Crisis Documentary,2017,9.4,12
Some Lover to Some Beloved,2018,9.4,28
Back to Dad,2017,9.4,21
Flameworker,2016,9.4,15
"Punjab Vs Pesticide, the Time to Act Is Now",2006,9.4,15
Five Rivers Still Thirsty: Based on Water Problem in Punjab,2006,9.4,16
Sworn to Die (On Kashmir issue),2007,9.4,15
Wrestling in Punjab,2007,9.4,16
"Saade hisse di zindgi, in search of freedom",2008,9.4,15
30 Years Behind the Mic: Maurice the VOICE Watts,2013,9.4,19
Digging for Weldon Irvine,2019,9.4,14
Golden Boys,2016,9.4,8
On the Record: Niall Horan - Flicker,2017,9.4,14
Redemption Blues,2017,9.4,7
Outsiders,2017,9.4,23
Chasing Sunshine,2018,9.4,7
Dalila,2018,9.4,9
Kutumb the Family,2017,9.4,8
Dinabandhu,2004,9.4,107
Just One Life,2018,9.4,33
Voice from an Unmarked Grave,2018,9.4,9
The Other Side of the Hero,2017,9.4,10
Saving the Roar,2021,9.4,119
Tumi Aahibaane,2017,9.4,10
At All Cost,2016,9.4,8
The Road to Kingdom Hearts III,2019,9.4,10
Daydream Believers,2018,9.4,30
Far from Yesterday,2015,9.4,9
Di Ambang Kasih,1984,9.4,6
Finding Courage,2020,9.4,13
Passing Through,2022,9.4,13
Alun Lewis: Death and Beauty,1994,9.3,17
A színésznö és a halál,1995,9.3,12
Die Jüdin und der Hauptmann - Eine Liebe in Minsk,1994,9.3,13
Born of Water,1976,9.3,18
Steeper & Deeper,1992,9.3,23
Six Dollars a Minute,1997,9.3,15
Christy Canyon X-Posed,1990,9.3,8
A Time to Dance: The Life and Work of Norma Canner,1998,9.3,23
Manuel Ocampo: God Is My Copilot,1999,9.3,12
Musical Magic: Gilbert and Sullivan in Stratford,1984,9.3,13
Notes on Nuclear War,1983,9.3,10
La esquina caliente,1999,9.3,14
Bhoodana,1962,9.3,25
Muscle Bound,1978,9.3,9
Kodo: Heartbeat Drummers of Japan,1984,9.3,19
Bakit may pag-ibig pa?,1979,9.3,61
Togbe,2002,9.3,9
Wonderboy,2001,9.3,16
Bragging Rights: Stickball Stories,2006,9.3,26
Frontline,1975,9.3,12
Gangstacity,2001,9.3,11
Mele Mitran De,1972,9.3,8
Todos eran valientes,1983,9.3,12
Hey Vinny,2000,9.3,30
Bakit kailangan ng ibon ang pakpak,1997,9.3,10
Dbl Rein-Beau,2002,9.3,12
Get a Grip,2004,9.3,11
Obstacle,2005,9.3,12
The Man Who Couldn't,2005,9.3,21
Runners High,2006,9.3,84
Of Earth and Sky,1996,9.3,56
Alligator Run,2006,9.3,19
Homestretch,2007,9.3,9
Dorothy Day: Don't Call Me a Saint,2006,9.3,18
What I Want,2004,9.3,45
"As the Call, So the Echo",2005,9.3,13
Subway Dreams,2006,9.3,10
Nirmala Devi: Freedom and Liberation - Ein Leben für die Freiheit,2006,9.3,54
Konstantin and Mouse,2006,9.3,22
Sonia,2007,9.3,13
Jurek's Cinema,2006,9.3,12
Soccer in the City,2019,9.3,9
A Word for Human,2019,9.3,8
Por Detrás da Moeda,2020,9.3,36
Bulgaria of All Places,2007,9.3,30
The Elephants and the Grass,2022,9.3,15
Jonas,2007,9.3,23
MA.AMA,2018,9.3,27
Unique Memory: Love As You Like,2019,9.3,7
"Susuko ba ako, inay?",1987,9.3,29
Make Love! The Bruce Campbell Way,2005,9.3,16
Baba,2019,9.3,68
Deconstructing the Beatles' Abbey Road: Side 1,2019,9.3,12
The Jackie Stiles Story,2022,9.3,64
Unravelling The Ravelled Mind,2022,9.3,8
The Fan Connection,2019,9.3,85
Horas Amang: Tiga Bulan Untuk Selamanya,2019,9.3,47
Like a Prayer: A Documentary Film,2019,9.3,18
Mahakaleshwar - Legends of Shiva,2019,9.3,44
Bure bareta,2019,9.3,28
BTS World Tour 'Love Yourself: Speak Yourself' (The Final) Seoul Live Viewing,2019,9.3,154
The Unfinished Portrait,2019,9.3,34
While You Still Can,2019,9.3,13
Lusteloos,2007,9.3,8
Be Pure. Be Vigilant. Behave.,2019,9.3,15
The last people of Chernobyl 2,2019,9.3,18
Outside the City,2019,9.3,72
Tutankhamun: Enter the Tomb,2019,9.3,20
Capital M,2020,9.3,31
Adoptee 88,2019,9.3,8
Collateral Damage - The Ambassadors Ball,2022,9.3,31
Chandro ka Devar,2019,9.3,11
The Strawberries and the Gun,2007,9.3,13
Ptsd911,2022,9.3,8
How We Lookin'?,2020,9.3,16
Tudo pela Música: Os 20 Anos da Deck,2019,9.3,20
New York Our Time,2020,9.3,11
Prathigna,1982,9.3,157
Always Be Boyz,2008,9.3,39
Pra onde levam as ondas,2021,9.3,11
Katrina's Children,2008,9.3,11
The Remandee,2020,9.3,13
Spicy Mac Project,2009,9.3,119
Shree Atharvana Prathyangira,2019,9.3,9
Off Rip,2025,9.3,69
Napoli Eden,2020,9.3,70
Lubalang daik,1962,9.3,7
Seven Thousand Souls,2020,9.3,82
Veera Prathap,1987,9.3,169
Impionçable,2020,9.3,104
Gharamat AlFaqr,2015,9.3,28
Miss Lillian: More Than a President's Mother,2021,9.3,33
The Last Wolf: Karl Edward Wagner,2020,9.3,13
Death Can't Take Me,2020,9.3,15
Google Darfur,2007,9.3,11
Pound of Pure,2008,9.3,20
Instant Orgasms! Her Body Learns to Convulse in Ecstasy. Karen Kaede. I Never Knew What a Real Orgasm Felt Like Until Now...,2019,9.3,9
The Super Noble Brothers,2009,9.3,17
Citizen Kaufman,2002,9.3,16
FDA: Fresh Empire Campaign,2016,9.3,20
Hatsune Miku Concert,2016,9.3,42
On Our Own Island,2020,9.3,13
Kanna,2007,9.3,9
Navodaya Dayzz,2018,9.3,24
The Glassblower: A Life in the Service of the Glass,2021,9.3,8
Nyayave Devaru,1971,9.3,28
Perchance to Dream,2025,9.3,8
House of Cards: Rust,2021,9.3,121
I Build the Tower,2006,9.3,19
Margadarshi,1969,9.3,16
Sarvagna Murthy,1965,9.3,18
Jaimen Hudson: From Sky to Sea,2021,9.3,70
Divorcee at Large,2020,9.3,10
Hood Movie,2021,9.3,8
How to Clear a Cluttered Mind,2021,9.3,13
One Toke Over the Line... and Still Smokin',2021,9.3,12
Encountering BACH,2020,9.3,30
"SDMU-075: Art Models Wanted, Nude Modeling, Shameful Art Classes",2014,9.3,13
Devara Kanassu,2023,9.3,300
Om Namah Shivaya,1999,9.3,28
Emil,2015,9.3,6
We Want the Airwaves,2022,9.3,96
Tokata Fasigala,2018,9.3,26
My Heart Belongs to Dad,2007,9.3,23
Match Made,2021,9.3,13
From My Eyes,2023,9.3,30
Defining Beauty: Ms. Wheelchair America,2011,9.3,15
Greenland,1952,9.3,6
Sunny,2022,9.3,89
Kassettmannen,2023,9.3,10
Left Behind: The Story of the New Orleans Public Schools,2008,9.3,9
Naive,2008,9.3,10
Pa que lo Baile como Quiera,2021,9.3,8
"Like Father, Like Son",2009,9.3,12
Con il mare negli occhi,2021,9.3,14
Survivors,2021,9.3,15
Distance,2022,9.3,48
First Days,2012,9.3,25
Epic Bill,2022,9.3,34
Light: The Father Jay Samonie Documentary,2007,9.3,12
Bajka bespovratnog vremena,2023,9.3,22
Langobardi - Alboino e Romans,2021,9.3,7
The Toy Shop,2021,9.3,9
Invisible Circus: No Dress Rehearsal,2010,9.3,9
Silent Drum,2010,9.3,12
The Phantom of Yun Gang Grottos,2016,9.3,22
The Harvest,2021,9.3,25
Zlin the lived Utopia,2010,9.3,28
Acting Ka Bhoot,2023,9.3,84
Embraceable,2011,9.3,8
I Swear I Promise,2022,9.3,74
Toy Masters,2012,9.3,24
Really Good Rejects,2022,9.3,23
Four Winters: A Story of Jewish Partisan Resistance and Bravery in WW2,2022,9.3,59
Some Called Them Baby Killers... We Call Them Heroes,2010,9.3,11
Stvarnost je takva kakva je,2010,9.3,18
Nostalgia: The Music of Wim Statius Muller,2013,9.3,11
Pyramide Le Grand Virage,2022,9.3,9
Opus Cope: An Algorithmic Opera,2021,9.3,22
Trance: The Cathy O'Brien Story,2022,9.3,100
Virinchi,2021,9.3,44
Rinaldi - Instrumental Transcommunication to The Other Side,2022,9.3,8
Naguvina Hoogala Mele,2024,9.3,34
Wimbledon: A History of the Championships,2000,9.3,21
Wimbledon Official Film 2001,2001,9.3,19
Somewhere in Africa,2011,9.3,20
Voices from Mariel,2011,9.3,13
Landis: Just Watch Me,2022,9.3,21
Preemie,2011,9.3,23
Circus,2011,9.3,22
Year of the Rat,2011,9.3,10
Philios,2022,9.3,35
Blood Line,2018,9.3,11
American Immigrants,2022,9.3,15
Tundong Magiliw: Pasaan isinisilang siyang mahirap?,2011,9.3,9
Sick Mick and the Boys,2013,9.3,8
Affair of Honor,2025,9.3,53
Atas Nama Surga,2022,9.3,53
How to Fail in Hollywood... and Kill the Dream,2012,9.3,13
Vasanthi Nalidaga,2022,9.3,44
Smead,2011,9.3,10
The Trash Goes Out on Tuesday,2024,9.3,42
Maa Nanna Naxalite,2022,9.3,73
Forever Young,2025,9.3,20
Angel's Palace,2022,9.3,6
Pulse of the Indigo,2012,9.3,66
Howling at the Moon,2011,9.3,115
Journey of light,2011,9.3,24
The Million Dollar Minute,2012,9.3,94
Moneyslapper,2024,9.3,10
Journey,2012,9.3,10
What About the Boys,2022,9.3,19
Untoldstories,2021,9.3,7
The Beekeeper,2013,9.3,15
Thomas and Friends: The All Aboard Live Tour,2004,9.3,11
Steve Vai - His First 30 Years: The Documentary,2022,9.3,96
Third and Long: The History of African Americans in Pro Football 1946-1989,2011,9.3,10
Ku'damm 56 - Das Musical,2022,9.3,22
Preet Adhuri,2022,9.3,43
The Warren,2022,9.3,16
Justicia Divina,2012,9.3,24
The Call We Carry,2022,9.3,22
Friday I'm in Love,2022,9.3,11
Ghasjomi (Grassland),2022,9.3,59
David Walliams' Big Swim,2012,9.3,9
Chicago Farmer,2012,9.3,34
Theodore Ushev: Unseen Connections,2022,9.3,62
I Am Orpheus,2012,9.3,26
The Space Tour,2012,9.3,56
Haiti Redux,2012,9.3,11
I Didn't Mean to Haunt You,2022,9.3,84
Stateless,2012,9.3,49
Breaking Three Hours: Trailblazing African American Women Marathoners,2022,9.3,9
Victorian Queens,2022,9.3,15
Boo Boo the Fool,2022,9.3,10
Il Gladiatore XXX parody,2022,9.3,7
Don't Turn Your Back on Friday Night,2024,9.3,52
Shambho Shiva Shankara,2022,9.3,60
The Mountain Path,2021,9.3,8
Acqua fuori dal ring,2012,9.3,14
"Greater Than Ourselves: The Legacy of Sigma Gamma Rho Sorority, Inc.",2022,9.3,17
The Floating Man,2012,9.3,10
In Pursuit of Light,2022,9.3,98
Güvercin,1999,9.3,12
Pictures of Susan,2012,9.3,10
The Sound of Southside,2023,9.3,57
Aaram Aravinda Swamy,2024,9.3,337
Evening Crackling Campfire,2008,9.3,21
Hu - Atra Tatra Sarvatra,2023,9.3,54
Mareyade Kshamisu,2023,9.3,170
Leitrun,2013,9.3,26
Piercing-Dynasty,2022,9.3,11
Shchedryk proty 'Russkoho mira',2022,9.3,19
Traced,2023,9.3,13
Tight & Nerdy,2025,9.3,17
Sound of Berberia,2023,9.3,13
American Spirit,2024,9.3,7
Circuitt,2023,9.3,307
Eden's Last Chance,2023,9.3,14
Beetles,2009,9.3,71
End to End: Svalbard,2023,9.3,8
Farmacy of Light,2025,9.3,13
Am I Here?,2023,9.3,14
Fred Rooster,2023,9.3,132
Kunwarapur,2024,9.3,212
Mahout: The Great Elephant Walk,2014,9.3,13
Darbar,2023,9.3,51
The Crack,2023,9.3,25
Zero Waste,2023,9.3,19
Seeds of Aloha,2013,9.3,9
The Record Man,2015,9.3,28
La luna sott'acqua,2023,9.3,8
Sri Prasanna Venkatadaasaru,2023,9.3,32
Cruella: Live Action Novelization,2021,9.3,11
Tom and Jerry Classic Collection Volume 1,1945,9.3,415
The man who tried to fake an element,2022,9.3,21
The Andalusian Man,2021,9.3,12
André Rieu's 2023 Maastricht Concert: Love Is All Around,2023,9.3,12
A Doctor of My Own: The First Medical Students of Namibia,2014,9.3,18
Money Man: An Original Documentary,2023,9.3,12
Branded by Fire,2021,9.3,10
Boil Alert,2023,9.3,21
Sitting Bull's Voice,2013,9.3,12
"André Matos - Maestro do Rock, Parte 2",2023,9.3,13
A Deal,2025,9.3,60
Out of Exile: The Photography of Fred Stein,2021,9.3,14
Kapil Returns,2023,9.3,94
Delta County,2025,9.3,19
Lucha: A Wrestling Tale,2023,9.3,32
The Lessons of Hayti,2013,9.3,16
Caper,2025,9.3,53
A Maiden's Tale,2023,9.3,230
Brotherhood of the Popcorn,2015,9.3,28
Invingatorii,2009,9.3,9
Plagiarism and You(Tube),2023,9.3,63
High Heist,2023,9.3,10
Misandri,2025,9.3,8
Bounce Back: The Story of Ronnie Fields,2013,9.3,10
The Shoshani Riddle,2023,9.3,83
Snow Leopard Sisters,2025,9.3,18
Shanti Appartment Flat no 203,2024,9.3,41
Öngörülemeyen Sonuçlar,2021,9.3,235
Kodaikanal,2024,9.3,88
Operation 12/17,2024,9.3,77
Globito y yo,2023,9.3,7
"Babymetal - Live: Legend I, D, Z Apocalypse",2013,9.3,12
High Cotton,2016,9.3,9
Rave on for the Avon,2024,9.3,45
Wicket,2025,9.3,15
Different Town,2014,9.3,54
A Shoulder to Lean On,2022,9.3,10
The Other,2024,9.3,13
Bisaahee,2025,9.3,348
Extremely Personal Documentary,2024,9.3,18
Jack Hammer: Monster Killer,2025,9.3,22
The Incredibles,2024,9.3,123
7vens Law,2024,9.3,21
Crawling Crows,2024,9.3,19
Life in Their Hands,2014,9.3,36
Quiet on Set: The Class Division in the Film Industry?,2025,9.3,17
When the World Met Miss Probinsyana,2024,9.3,46
Mother's in Love,2024,9.3,153
Driven to Save Lives,2024,9.3,9
Humans and Other Animals,2024,9.3,57
045 - Sporen van Mijnstreek-Oost,2024,9.3,8
Flashback,2024,9.3,24
Aabha,2024,9.3,88
Liverpool Story,2024,9.3,10
That Creep from the Bar Last Night,2025,9.3,16
The Last Beautiful Thing,2025,9.3,43
First Do No Pharm,2024,9.3,59
Palace Guardians,2024,9.3,29
The Inside Man,2023,9.3,9
Georgia O'Keeffe: The Brightness of Light,2024,9.3,43
Weezer's Voyage to the Blue Planet: The Concert Film,2024,9.3,16
Milunka Savic: Heroine of the Great War,2013,9.3,34
A Ghetto Love Story,2024,9.3,15
Sing Your Own Song: An Opera Love Story,2014,9.3,17
Sano Sansar,2024,9.3,7
Jagga Tax,2002,9.3,10
Horror Stories of Shalom Kolontarov Volume #1,2025,9.3,19
Nacida Para Vengar,2024,9.3,19
Down Bad,2025,9.3,13
'Tommy Gun' on the road to Kupyansk,2025,9.3,29
Row of Life,2025,9.3,33
Two-Eleven,2015,9.3,14
Snarky Puppy: We Like It Here,2014,9.3,21
The Untold Story of No Retreat No Surrender,2026,9.3,33
The Luthier,2025,9.3,22
DeathCoast Str8 Outta Newark,2014,9.3,10
Veerathin Magan,2025,9.3,251
SuperTurnê: A Primeira e A Última Noite,2025,9.3,29
The Two of Us,2025,9.3,17
Cathedrals,2025,9.3,8
Ba Tane Hun Kyan Rakhu,2019,9.3,7
Witness to Gettysburg,2013,9.3,11
The Romsdal Method,2025,9.3,21
West of Ventura,2014,9.3,13
Vahali,2025,9.3,32
Ìyálóde,2025,9.3,42
Mongolie - Dans la Peau d'un Nomade,2025,9.3,8
Deda,2025,9.3,66
Lottie's Girl,2025,9.3,11
3 Days in Berlin,2025,9.3,13
The Goddess Project,2017,9.3,50
I Am But the Mirror: The Story of American Copwatching,2025,9.3,19
The Essence of Eva,2025,9.3,28
11 : 11 (Eleven Seconds of Magic),2026,9.3,13
Brotherhood of Blades Kill Evil,2024,9.3,141
My Pastor,2025,9.3,14
Runseokjin EP Tour in Amsterdam: Live Viewing,2025,9.3,42
Eyamadoda Ayipheli,2023,9.3,26
"The Warning Live from Auditorio Nacional, CDMX",2025,9.3,307
The Burning Child,2019,9.3,9
Purgatorio,2002,9.3,25
Monster,2024,9.3,137
Bahêa Minha Vida: O Filme,2011,9.3,42
Codex 9/11,2025,9.3,104
A Dairy Story,2025,9.3,14
Madurai 16,2025,9.3,139
Brothers on Three,2025,9.3,18
Welcome to Tijuana,2004,9.3,16
Marali Manasaagide,2026,9.3,221
Cha Eun-woo VR Concert: Memories,2025,9.3,24
Psylibrium: A collection of Short Films by Sergiy Pudich,2025,9.3,40
The Anointed,2025,9.3,8
Just Jae,2025,9.3,46
Downbeat,2026,9.3,9
Afterlife: Beyond the Light,2026,9.3,7
Onobiren,2026,9.3,11
Man Atla Manatla,2026,9.3,380
The University of Chankharpul,2026,9.3,6
Code Name: Caesar,2014,9.3,21
Sheshippu,2025,9.3,20
Khakee(Khaki),2026,9.3,415
Ayahuasca Nature's Greatest Gift,2014,9.3,8
Giving Up The Ghost,2015,9.3,25
City Full of Angels,2015,9.3,10
Paysandú - 100 anos de payxão,2015,9.3,55
Meet the Vamps: The Story of the Vamps,2014,9.3,25
"I Fell, It's Fine",2026,9.3,8
Songs from the Circle,2026,9.3,12
Asking Alexandria: Live from Brixton and Beyond,2014,9.3,29
Double Digits: The Story of a Neighborhood Movie Star,2015,9.3,40
A Day's Work,2015,9.3,25
Chaldean Voices,2014,9.3,11
Code 9: Officer Needs Assistance,2015,9.3,47
Ameen,2015,9.3,91
The Invisible Class,2020,9.3,57
Baby,2017,9.3,9
Happygram,2015,9.3,17
Black Veil Brides: Alive and Burning,2015,9.3,71
Error Fatal,2016,9.3,20
Making It,2016,9.3,16
The Swaggapuss Story,2015,9.3,11
Lost in Manhattan: The Love Story of Hymie and Thelma,2015,9.3,10
Otamdan qolgan dalalar,1997,9.3,43
Long Road Home,2006,9.3,16
Submariners,2015,9.3,22
Delta Justice: The Islenos Trappers War,2015,9.3,15
Sally's Way,2015,9.3,8
I Did Her Wrong,2016,9.3,19
Trial by Fire: A Film Based on CRPS/RSD,2015,9.3,42
Fanny Pey,2016,9.3,16
Fan Club,2016,9.3,44
Balach,2009,9.3,8
Four Wise Monkeys,2016,9.3,25
BJJ NO-MAD: First Rule of the Fight Club,2015,9.3,15
Le moral des troupes,2015,9.3,18
Capio,2025,9.3,18
Transmutation,2018,9.3,16
Witches in Holland: A Glance at Wicca in the Netherlands,2015,9.3,10
2wenty9ine,2006,9.3,97
Burlesque Extravaganza,2017,9.3,38
El último piso,2010,9.3,50
Venganza Brutal,2016,9.3,20
Nati Khel,2017,9.3,14
Bernardes,2014,9.3,15
Thank You for Coming,2017,9.3,27
High Hopes 2: A New Beginning,2016,9.3,14
Colis Suspect,2017,9.3,8
Cutman,2025,9.3,19
Hombre Sin Precio,2016,9.3,20
La Sombra,2016,9.3,21
Frente Al Enemigo,2016,9.3,21
Stromae: Racine Carrée - Live,2015,9.3,42
Eclosión y evolución del fanzine de genero en España,2013,9.3,24
Coming Out: A 50 Year History,2017,9.3,14
Suffer for Good,2019,9.3,60
Lilkee,2006,9.3,14
Shaun Barker: One More Time,2017,9.3,12
The Quiet Triumph: How Arbitration Changed the World,2017,9.3,17
Defending the Fire,2017,9.3,10
Care for the Child: The Story of the Bridgeport General,2018,9.3,18
The Chemo Club,2016,9.3,31
We Are EC: The Untold Story of East Chicago Basketball,2017,9.3,24
How to Make a Film for Nothing (and Other Useful Information for Wasters),2017,9.3,14
Crohnprinsessen,2017,9.3,45
La Venganza De Los Mendoza,2017,9.3,18
Tiempo Limite Para Morir,2017,9.3,20
British Winters,2016,9.3,23
The Foreigner's Home,2018,9.3,22
Aspen Falls,2016,9.3,8
Hugo: A Hidden Past Revealed,2017,9.3,6
"Buddism in Punjab, the Ancient Era",2007,9.3,14
Cross Mountain,2023,9.3,11
Beneath the Black: A Journey Through New Zealand Rugby,2017,9.3,14
Circle Up,2017,9.3,14
Adios Amor,2018,9.3,11
Blessed Are the Strangers,2017,9.3,9
Idemili,2014,9.3,11
Ugo Dossi - Art and Space,2017,9.3,43
Walapatala,2008,9.3,8
Poka Messiah,2016,9.3,12
Hidden Bloodlines: The Grail & the Lost Tribes in the Lands of the North,2017,9.3,9
Shiseido: Ibuki,2013,9.3,16
Guerrero,2017,9.3,48
Rip 2 My Youth,2018,9.3,63
Before Hollywood: Philadelphia and the Birth of the Movies,2017,9.3,11
Leo & the Other,1999,9.3,17
The Rolling Stones: Exhibitionism,2016,9.3,24
A Step Without Feet,2020,9.3,37
Le dur désir de dire,1981,9.3,7
Une bouteille à la mer,2018,9.3,9
30 KM/H - An Israeli Adventure Film,2018,9.3,38
My Darling Son,2018,9.3,36
ATM: Attempt to murder,2018,9.3,54
Hiya Diya Niya,2000,9.3,110
Day One,2018,9.3,10
BIAFRA - Forgotten Mission,2018,9.3,9
Tell Me Love Is Real,2016,9.3,23
Steps: Party on the Dancefloor Live from the London SSE Arena Wembley,2018,9.3,12
Tumi Mur Mathu Mur,2000,9.3,66
Callao,2009,9.3,38
Cirque du Cambodia,2020,9.3,13
Once a Week for Life,2026,9.3,90
Parir,2017,9.3,10
RISE: The Story of Augustines,2018,9.3,85
Magnificus,2021,9.3,40
Rock Is Dead?,2019,9.3,63
Traces of the Soul,2018,9.3,8
Vevo Presents: The 1975,2016,9.3,12
The Unknown Torres,2019,9.3,17
New Men,2019,9.3,8
The Living Thames,2018,9.3,82
Gnanaserukku,2018,9.3,30
The Wedding Present: Something Left Behind,2018,9.3,27
Taufiq: Lelaki yang Menantang Badai,2019,9.3,39
Ragam P. Ramlee,1964,9.3,13
I Do Not Know What City Happens in His Eyes,2019,9.3,15
Forte,2019,9.3,13
Padmavyuhathile Abhimanyu,2019,9.3,382
"Seniors, Juniors, Co-Workers",1959,9.2,9
Inupiatun: In the Manner of the Eskimo,1982,9.2,13
We Are the Champions,1985,9.2,51
"Never Again, Forever",1996,9.2,24
Bull Riders: Chasing the Dream,1997,9.2,11
Városlakók,1997,9.2,13
Bachelorette Party 2,1995,9.2,7
Unter falscher Flagge,1932,9.2,10
Blvd.,1995,9.2,12
W.I.A. Wounded in Action,1966,9.2,26
Desert Flower,1999,9.2,13
A Prime Minister's Schedule,1998,9.2,11
Moon of the Desperados,1990,9.2,14
Itgaber: Le triomphe sur soi,1993,9.2,9
The Tulkus,1993,9.2,28
Alma Ta Fika,1991,9.2,7
The Superliners: Twilight of an Era,1980,9.2,11
Odo Ya! Vida com Aids,1997,9.2,10
Silence & Storm,1995,9.2,9
Awara Soup,1996,9.2,12
Rajasekara,1967,9.2,17
Karulinakare,1970,9.2,27
Devara Gedda Manava,1967,9.2,21
Massage,1973,9.2,18
La terre au ventre,1978,9.2,11
Bhagyavantha,1981,9.2,107
Naa Mogudu Nanke Sontham,1989,9.2,174
Nadina Bhagya,1970,9.2,15
Malfunction,2001,9.2,19
Janma Rahasya,1972,9.2,19
Two Unknown Photographers,2001,9.2,13
Losho momche,1992,9.2,12
Undetectable,2001,9.2,12
Dhoomakethu,1968,9.2,24
Fillim i vështirë,1986,9.2,10
Der chinesische Markt,2001,9.2,20
Déjà vu,2001,9.2,10
Partizanska igra,1962,9.2,8
Who Is A.B.?,2001,9.2,19
Bhagya Le Jurayo,2002,9.2,29
Callback,2005,9.2,23
Hannele Chiguridaga,1968,9.2,39
"Maestres do Mamulengo, o el Teatro do Riso",2001,9.2,26
The Water Carrier,1996,9.2,11
Muktir Gaan,1995,9.2,381
Americanos,2002,9.2,18
Saban-Karamanin koyunu,1954,9.2,13
Love Stories of the Bible,1997,9.2,14
Laging sariwa ang sugat,1999,9.2,9
Dancing in Exile,2003,9.2,45
Kadapa Redamma,1990,9.2,93
Glistrup,2001,9.2,8
Sound Factory,2003,9.2,9
Down Into Happiness,2003,9.2,29
Escuela,2002,9.2,7
"Bubot, kulang sa panahon",1997,9.2,10
Vitthal Vitthal,2003,9.2,32
Süchtig - Protokoll einer Hilflosigkeit,2004,9.2,60
Bubbles,2011,9.2,27
"Kid Manalo, akin ang ulo mo",1998,9.2,10
Sgt. Larry Layar,1998,9.2,12
Okey si ma'am,1995,9.2,51
Kailan mahuhugasan ang kasalanan?,1989,9.2,11
Trudis liit,1996,9.2,9
Beyond the Horizon,2009,9.2,52
The Last Serious Thing,2003,9.2,9
The Closer She Gets,2005,9.2,29
Silang mga sisiw sa lansangan,1993,9.2,33
Jimmy Johnstone: Lord of the Wing,2004,9.2,41
Ang mahiwagang singsing,1986,9.2,28
Forever,2005,9.2,12
Crónica de un fraude,1988,9.2,7
Firenze città aperta,2002,9.2,15
The Winter Sun Is a Lie,2005,9.2,15
Growing Old,2006,9.2,11
Churning the Sea of Time: A Journey Up the Mekong to Angkor,2006,9.2,10
Celebrity Art Show,2008,9.2,18
La palomilla salvaje,2006,9.2,92
Shadow Silence,1995,9.2,11
From Ground to Glass,2006,9.2,7
The Last Pogo Jumps Again,2013,9.2,53
The Dresden Dolls: In Paradise,2005,9.2,96
No Island: The Palmers Kidnapping of 1977,2006,9.2,36
The Distance,2005,9.2,11
Garbage,1996,9.2,10
The Situation,2006,9.2,21
Preserve Me a Seat,2006,9.2,32
Human Heart Explodes,2006,9.2,84
Sentenced: Buried Alive,2006,9.2,91
Cinematti - Una storia folle,2020,9.2,18
One Direction: I Love One Direction,2013,9.2,19
Exteriores: Mulheres Brasileiras na Diplomacia,2018,9.2,10
Dance: The Audition,2019,9.2,11
Velocity Girl,2023,9.2,45
Dirt Merchants: Destinova,2019,9.2,9
The New Abolitionists,2022,9.2,33
Rings of the Unpromised,2023,9.2,63
Purushottam,2019,9.2,17
Vietnam: 365 Days,2019,9.2,8
"Jonna's Body, Please Hold",2007,9.2,21
One Night in Al Aqsa,2019,9.2,31
Shut Up and Ride,2022,9.2,50
Four Nocturnes,2019,9.2,7
Where's Molly,2007,9.2,23
Merica,2007,9.2,15
Kids of the Majestic,2009,9.2,85
The Wall Crawler: The Verticle Adventures of Alain Robert,1998,9.2,15
The Eyes of Scott Robbins,2006,9.2,11
Legends and Idols,2022,9.2,15
"Live at Wembley: Babymetal World Tour 2016 Kicks Off at the SSE Arena, Wembley",2016,9.2,28
One Shot: Inchindown,2019,9.2,9
The Easy Bit,2019,9.2,11
Mountaintop Removal,2007,9.2,29
The Rise and Fall of Timex Dundee,2019,9.2,181
Machchhu,2023,9.2,49
Set this World Ablaze Killswitch Engage,2005,9.2,19
Classic,2019,9.2,19
Libertados,2014,9.2,19
Whelp,2025,9.2,50
Kilimanjaro Mama,2019,9.2,12
The Search 4 - Feral Kingdom,1995,9.2,9
Khökhö,2021,9.2,82
Waiting for the Light to Change,2009,9.2,20
The Cost of Silence,2020,9.2,19
The Woman,2021,9.2,19
I'm Afraid It's Arline,2019,9.2,6
We Are All in This Together,2024,9.2,20
Guerrero Dos: Tuloy ang laban,2019,9.2,17
Rony Roller Circus - Life & Magic,2020,9.2,5
Betonske sanje,2020,9.2,11
Joshua,2020,9.2,490
When All That's Left Is Love,2019,9.2,12
Days of Géants,2019,9.2,279
"For the Children, by the Children",2020,9.2,11
Cuando volveras,2008,9.2,16
Tizzo: Storia di un grande campione,2017,9.2,5
The Magnettes,2020,9.2,16
Coming for You,2019,9.2,20
Pak Tam Duda,1989,9.2,8
Maa Inti Katha,1990,9.2,188
Escape to Maldives,2015,9.2,5
Kismat 2,2016,9.2,7
Treptaci Svemira,1989,9.2,41
Sathyadevi,1999,9.2,6
What Lies Inside,2020,9.2,58
Tomcat Tales,2020,9.2,72
"Douglas, Head Trip",1982,9.2,6
Cardboard Addicts,2019,9.2,15
Anna Thangi,1958,9.2,24
Eyes On Me: The Movie,2020,9.2,28
Hope for a Thorn,2009,9.2,17
Gangaputrulu,2011,9.2,62
Blank Slate: The Future of Indie Film,2020,9.2,10
La terramadre,2008,9.2,7
Victory Over Darkness,2008,9.2,10
Karma Bums,2022,9.2,58
Maithili,2020,9.2,79
Bad Risk,2023,9.2,22
Ka Huakai: The Journey to Merrie Monarch,2020,9.2,6
Decomposed,2009,9.2,25
Pulling Power from the Sky: The Story of Makani,2020,9.2,15
Gyurika Egy pólós vallomásai,2015,9.2,6
Rules of Living,2024,9.2,15
Madhura Swapna,2016,9.2,8
Dieyana House,2016,9.2,13
Yearning,2020,9.2,8
Natura Umana,2021,9.2,82
Gangsta Gangsta,2009,9.2,11
Lefty,2009,9.2,12
Evoque Reality Show - Dogme#61,2008,9.2,15
A Minor Glitch,2009,9.2,8
Blood Moon: Timberwolves 2,2019,9.2,16
Riphouse 151: Could've Been's & Wanna Be's,2008,9.2,43
Class of '62: From 16 to 60,2008,9.2,17
Ibrat,2020,9.2,8
Against All Odds: The Alwyn Uys Story,2022,9.2,13
Travel from Moscow to Kazan on the ship 'Knyazhna Victoria',2020,9.2,28
Surveillance Camera Man,2018,9.2,168
Heretics,2022,9.2,8
VE Day: Countdown to Peace,2020,9.2,9
Kathari Veera,1966,9.2,18
Paropakari,1970,9.2,18
Sati Sukanya,1967,9.2,14
Swayamvara,1973,9.2,24
Ye Wendoch Guday,2007,9.2,40
Raltat,2013,9.2,64
The Gift,2025,9.2,22
The Kobe Bryant Documentary: Life Lessons,2020,9.2,27
Liquor House Comedy presents Julio Hennessey: Call the Law,2021,9.2,8
Eskawata Kayawai,2023,9.2,13
The Lovers and Fighters Convention,2009,9.2,9
Frank Lloyd Wright's Home and Studio,2008,9.2,7
Anakh Jattan Dee,1990,9.2,20
Until We Live Again,2021,9.2,7
Moartea... punct sau virgula?,2020,9.2,22
Badavara Bandhu,1976,9.2,68
Reel Rock: The Nose,2019,9.2,12
Kamana Billu,1983,9.2,96
Punarjanma,1969,9.2,15
Rowdy Ranganna,1968,9.2,20
Thayige Takka Maga,1978,9.2,81
Just Two Drops,2023,9.2,6
Mohini Bhasmasura,1966,9.2,15
Pez elefante,2009,9.2,7
Immadi Pulakesi,1967,9.2,61
Nanda-Deepa,1963,9.2,18
Hearing Everett: The Rancho Sordo Mudo Story,2008,9.2,14
Bangarada Hoovu,1967,9.2,22
Kasidre Kailasa,1971,9.2,29
Manninamaga,1968,9.2,22
Natasarva Bhowma,1968,9.2,41
Navakoti Narayana,1964,9.2,25
Bluetopia: The LA Dodgers Movie,2009,9.2,18
Devasundari,1962,9.2,14
Zunjar,2003,9.2,15
Girls on the Wall,2009,9.2,22
Lai Jhakaas,2023,9.2,111
The Shoonyah: Chapter 1 - Blow of the War Horns,2021,9.2,51
Junele Sihastru,2021,9.2,6
Mumford's Law,2009,9.2,14
Son-of-a Preacher Man,2022,9.2,18
Beyoncé Live in Atlantic City,2013,9.2,23
Keep the Cameras Rolling: The Pedro Zamora Way,2021,9.2,21
Borealis,2008,9.2,42
The Good Doctor,2021,9.2,16
A Chemical Reaction,2009,9.2,16
B-Side: For Taylor,2023,9.2,72
"Perhaps, Somewhere",2009,9.2,25
Surat Untukmu,2016,9.2,31
Have a Nice Trip: Micro v.s Macro-Dosing for Healing,2021,9.2,8
"Mary, Life After Jesus: The Road to Ephesus",2021,9.2,10
Sunday at Il Posto Accanto,2025,9.2,43
Chekhov for Children,2010,9.2,9
Hexicans and the Time Value of Money,2022,9.2,32
Poliski Teneta,2021,9.2,7
Unique: A New Musical,2021,9.2,8
Vegans of the Hood,2020,9.2,8
Bethlehem to Brooklyn: Breaking the Surface,2009,9.2,22
39 Seconds,2021,9.2,11
The Reason Why,2021,9.2,10
Doctor Feelgood,2011,9.2,23
Shola Aur Shabnam,1967,9.2,11
The Life After,2007,9.2,12
Die Haushaltshilfe,2010,9.2,12
Katha Nalapani Ko,2016,9.2,7
American River,2021,9.2,26
Devasari,2006,9.2,7
Muttnik,2009,9.2,91
Survival Strength Starting Over,2009,9.2,14
Blemish,2022,9.2,12
Daughters of Donald,2021,9.2,12
With Wonder,2021,9.2,13
Theirs Is the Kingdom,2021,9.2,10
The Rosie Movie 1: Grounded for Eternity,2019,9.2,8
Alfred Eliasson & Loftleidir Icelandic,2009,9.2,72
Nasa brazilska prica,2014,9.2,8
The Other Side,2021,9.2,12
Joshua's Seance,2021,9.2,22
Another Time,2017,9.2,14
Történet a mangalicáról,2015,9.2,7
Soi Dogs,2010,9.2,11
Johnny Twoshoes,2022,9.2,85
"Mormor, kriget & kärleken",2022,9.2,18
The Barefoot Doctors of Rural China,1975,9.2,7
Dhaman,2022,9.2,154
Praize A Thon,2021,9.2,20
Black Bauhinia,2020,9.2,10
Vila Redstone - O Filme,2021,9.2,24
The Recreation of the English Deerhound,2021,9.2,37
The Makeover of Ashton Croyd,2023,9.2,12
Qo'qon Shamoli,2019,9.2,10
Mein fremdes Land,2021,9.2,27
Kung Fu Brothers,2020,9.2,24
Bon Voyage,2021,9.2,11
All I Ever Wanted: The Airborne Toxic Event Live from Walt Disney Concert Hall,2010,9.2,27
Living with the Tiger,2011,9.2,7
First Try,2009,9.2,7
Aparajita,2021,9.2,24
Mati a Zazzau,2020,9.2,10
Travel from Moscow to Kostroma on the ship 'Knyazhna Victoria',2021,9.2,28
"Vajont, l'immagine dell'orrore",2008,9.2,8
Four Leaf Clover,2010,9.2,37
The Legend of Pale Male,2009,9.2,39
Di Xue De Hong Du Juan,2018,9.2,22
Dirty Little Secrets,2025,9.2,6
Road Dogs,2011,9.2,24
Just A Mortal Man - The Jerry Lawson Story,2022,9.2,16
Link,2011,9.2,103
Three Moons of Biyangdo,2022,9.2,10
Les mains noires,2010,9.2,15
Release,2024,9.2,40
Taliya.Date.Com,2010,9.2,32
Nero's Guests,2009,9.2,151
Samadhi Part 3: The Pathless Path,2021,9.2,77
Magic Men,2013,9.2,10
Cape Town Soup,2010,9.2,9
Greenwashers,2010,9.2,10
Marco Polo's Shangri-La,2006,9.2,9
Night of Redemption,2010,9.2,8
Ageroland,2010,9.2,27
Eskape,2021,9.2,7
Street Tunes,2022,9.2,32
Wimbledon Official Film 2006,2006,9.2,10
Los Dos Ases Zacatecanos,2007,9.2,21
Sega i zavinagi,2011,9.2,8
Bham,2023,9.2,27
The Bolshoi Ballet: Live From Moscow - Coppelia,2011,9.2,9
With Her,2012,9.2,10
Plissken,2021,9.2,6
Garoto - Vivo Sonhando,2021,9.2,6
Mohaan Aawatey,2011,9.2,14
The Collapse: The True Story of the Queen Isabella Causeway Collapse,2021,9.2,19
Shaka: A Story of Aloha,2024,9.2,59
Petter uteligger: filmen,2018,9.2,9
Banaras ke Rasiya,2022,9.2,27
"Black Hole, Wyoming",2011,9.2,12
This Is Not About Me,2021,9.2,11
America's First Guru,2024,9.2,16
Failure to Protect,2023,9.2,12
Octopus,1970,9.2,7
Moori,2022,9.2,421
Beto! The Bad Boy of Thompson Street,2011,9.2,11
Blood Knot,2022,9.2,6
Of Medicine and Miracles,2022,9.2,43
Nirvana13,2011,9.2,135
Amate sponde,2022,9.2,6
Becoming Annika,2022,9.2,7
El Ultimo Guerrero Chanka,2011,9.2,31
Bowling for Soup: Live and Very Attractive,2008,9.2,9
Death of an Indie label,2011,9.2,22
No Turning Back,2022,9.2,21
My Brother's Other Mother,2011,9.2,13
King B.'s TPD Experience,2021,9.2,14
Confidence Man: The Hugh DeNeal Story,2011,9.2,7
A Fresh Start,2022,9.2,7
The Price of Power: William Goebel the Man and the Myth,2009,9.2,9
Croatia: Defining a Nation,2022,9.2,105
Prince Oak Oakleyski Starring Supremacy,2023,9.2,34
Kidnap,2022,9.2,98
Nowhere Man and a Whiskey Girl,2022,9.2,26
Sacred the Movie,2023,9.2,25
Bhuvanam Gaganam,2025,9.2,229
Belly of the Beast: Director's Cut,2020,9.2,67
Music Triumphs Homophobia,2022,9.2,14
Amuma,2015,9.2,8
Patou: In Black & White,2022,9.2,9
Z+ A Deadly Case of Senioritis,2022,9.2,25
Haiti: Harvest of Hope,1994,9.2,7
The World of Kapata,2022,9.2,83
Vikipedia,2022,9.2,43
Prasthanam,2022,9.2,48
What Did I Do? (The Making of the Normal Album),2021,9.2,29
Alex Honnold: The Soloist VR,2022,9.2,41
Openings: The Search for Harry,2012,9.2,12
O Fado da Bia,2012,9.2,7
The Pregnancy,2020,9.2,18
Friends of Luke,2022,9.2,12
My Doggone Destiny,2012,9.2,9
The Best We've Got: The Carl Erskine Story,2022,9.2,13
Relentless Ride,2023,9.2,14
Story of HER,2022,9.2,25
Anywhere from Here,2022,9.2,11
Brazilian Beats,2022,9.2,42
Agni Pariksha,2015,9.2,8
Anur: Eyes on the sunshine,2023,9.2,52
How It All Began: Origins of the Healing Tao System,2013,9.2,56
Inspirational Sounds Unity Concert,2022,9.2,8
"I'm People, I Am Nobody",2022,9.2,18
Pyaar Ki Roshni,2022,9.2,34
The Business of Show Business,1983,9.2,90
Highwaymen Bloodlust,2022,9.2,13
RIDE: A Brutal Fairytale,2022,9.2,15
Old Prison,2012,9.2,11
The Face of Birth,2012,9.2,79
Inter-Continental Bunker Mission,2022,9.2,7
Joy Is the Acid Test,2023,9.2,90
"Fall, Rise, Fall",2022,9.2,16
Stargazer: Astroscope,2022,9.2,39
Kraftakt,2012,9.2,25
Gonzalo.,2022,9.2,5
The Occupation,2012,9.2,7
Onanya,2023,9.2,19
Junkyard,2013,9.2,12
Your Brother. Remember?,2012,9.2,34
Code 0044,2016,9.2,7
Dead Slate: Beginnings,2022,9.2,38
The Neon Tiki Tribe Special Feature,2009,9.2,75
Win Win,2022,9.2,6
Markiplier from North Korea,2022,9.2,104
Inamdar,2023,9.2,33
Da Pop-Up Movie,2022,9.2,17
Meru Gaun,2022,9.2,74
A Lovely Day,2012,9.2,11
In Search of Silent Landscapes,2012,9.2,14
The Come Up,2020,9.2,9
Amrit Nectar of Immortality,2012,9.2,7
Phin,2013,9.2,13
ROBLOX_OOF.mp3,2022,9.2,70
Cast the First Stone,2013,9.2,10
Veer Hamirji - Somanath Ni Sakhate,2012,9.2,50
Hrepenenje naroda,2021,9.2,28
Fuego Cruzado,2022,9.2,19
Waves on dry soil,2022,9.2,5
Il Doge: A Portrait of Redemption,2025,9.2,11
37 Days,2011,9.2,17
Orlando Ribeiro: Journey of a Geographer,2011,9.2,6
The Color of Ice,2023,9.2,35
Gangster Alla Prankster,2025,9.2,59
Potraga za Gusterom,2023,9.2,8
Anecdotals,2023,9.2,14
Spider Girl,2023,9.2,66
The Church of Cawd Story,2023,9.2,17
Treasure in Heaven,2012,9.2,7
The History of Analog Horror,2022,9.2,20
The Glitter Factory,2023,9.2,9
Shekinah: The Intimate Life of Hasidic Women,2013,9.2,16
Aani Baani,2023,9.2,40
Scooter LaForge: A Life of Art,2023,9.2,96
Aura,2023,9.2,61
Alaska's Wild Peninsula,2013,9.2,24
Beijing 2022,2023,9.2,12
Ballaí Dhoire,2012,9.2,8
Nagin Punjabi Pakistani Film,2019,9.2,8
The Lemurian Candidate,2025,9.2,64
The Room Celebration,2023,9.2,31
Where Are You Going,2023,9.2,9
Jomblo Fi Sabilillah,2023,9.2,54
Detektif Jaga Jarak,2023,9.2,100
After Operation London Cafe,2026,9.2,27
"Wine, Women, & Dementia",2023,9.2,8
Right Here Right Now,2024,9.2,15
Canoe Dig It?,2025,9.2,39
Opposite Land,2008,9.2,8
Before the Evening Prayer,2023,9.2,26
Charles Enterprises (Tamil),2023,9.2,47
Charlie and Wendy,2015,9.2,22
The Eagle Obsession,2025,9.2,21
Tom and Jerry Classic Collection Volume 3,1953,9.2,152
The promised asparagus,2023,9.2,11
The Liz Movie: Reborn,2022,9.2,17
In Hell with Ivo,2025,9.2,53
Dark Souls 3 NG+ Speedrun (and getting back with my ex???),2022,9.2,17
Onst Gewëssen: Wat dir net packt geet an Afrika,2013,9.2,9
Cranedance A Story of Sandhill Cranes in Michigan,2023,9.2,11
Krranthiveera,2023,9.2,23
Broken Mary: The Kevin Matthews Story,2025,9.2,23
Russian Art House,2023,9.2,5
"Grant Sheehan: Light, Ghosts & Dreams",2023,9.2,7
Mukalpparappu,2023,9.2,306
Passion of Fear,2025,9.2,53
Dead End,2025,9.2,16
My Father,2023,9.2,14
My Sweet Housewife,2023,9.2,67
In Visible Light,2023,9.2,103
El Malo,2023,9.2,19
How do you spell home?,2023,9.2,7
The Absolute Nixonverse,2023,9.2,12
Interaction,2025,9.2,16
Gajarama,2025,9.2,23
Garland Jeffreys: The King of in Between,2023,9.2,51
Majruh,2010,9.2,11
David and Bathsheba 2024,2023,9.2,11
The Primordial Code,2023,9.2,46
Ode in Blood,2013,9.2,13
Men of Culture,2021,9.2,36
We Are Home,2024,9.2,10
Never Had a Chance,2025,9.2,7
Still Playin' Possum: Music and Memories of George Jones,2023,9.2,12
Observados,2024,9.2,6
Now That We Have Expired,2023,9.2,19
Tell Me More About Evil,2014,9.2,16
Nuns vs. The Vatican,2025,9.2,40
Before,2014,9.2,13
Chandra Chakori,2003,9.2,60
Siempre la duda: Always the doubt,2021,9.2,226
Yanal,2023,9.2,75
The Honour,2013,9.2,17
Rapid Karma,2023,9.2,12
The Phantom of the Opera: Unmasking the Masterpiece,2013,9.2,16
Dasama,2024,9.2,283
Where Have You Been,2024,9.2,16
Agontuk 2024,2024,9.2,8
Words on Water,2002,9.2,8
The Asbestos City,2024,9.2,7
Our Father,2026,9.2,5
The Fisherman and the Banker,2024,9.2,18
Milou's Battle Continues,2025,9.2,85
Passacaglia,2023,9.2,6
Aftermass: Bicycling in a Post-Critical Mass Portland,2013,9.2,9
Netavi ik teatri aris?!,2011,9.2,31
Aakhreen Train: The Last Train,2023,9.2,14
Rebel Nun,2024,9.2,48
Last Gasp: Sins and Murder,2024,9.2,6
Main Ladega,2024,9.2,230
Bus No 7,2023,9.2,42
Walking Man,2014,9.2,39
Anshu,2024,9.2,199
Realm of Reminiscence,2020,9.2,20
A Place Under the Sun,2024,9.2,37
The Cape: In the Lands of the Lost World,2013,9.2,28
Curious Pedals - Cycling from Finland to Singapore,2023,9.2,7
Frog Fathers: Lessons from the Normandy Surf,2024,9.2,15
"Malvinas, héroes con nombre",2018,9.2,197
Azotes de Barrio 2,2024,9.2,23
In the Land of Palm Oil,2024,9.2,7
Naach Basanti Naach,2024,9.2,46
Kandor Mane Kathe,2024,9.2,497
Ram Bharosey,2024,9.2,48
Inherited Insanity,2014,9.2,10
Outcast Forever,2016,9.2,33
Go On,2026,9.2,27
Razing the Bar: A Documentary About the Funhouse,2014,9.2,38
Ishwar Kya Che?,2024,9.2,77
Bidurbhai,2024,9.2,465
K-Rising Stars,2023,9.2,7
Rhythm of the Mind,2024,9.2,21
Apne Ghar Begane,2024,9.2,29
The Tunnel,2024,9.2,6
Khab-i-Zindagi,1959,9.2,14
They Are the Heroes,2024,9.2,15
Midwife,2013,9.2,81
Neta Geeta,2024,9.2,26
Unsung: Behind the Glee,2013,9.2,10
64 Days,2024,9.2,20
"Seydou, il sogno non ha colore",2024,9.2,10
Kalavari,2025,9.2,22
Nicobar Islands: A Monkey's Long Tale,2024,9.2,6
Peter,2026,9.2,33
Nirjhor,2024,9.2,18
Not looking for love,2025,9.2,15
Ek Chilte Jol,2024,9.2,13
Le Séducteur: un animal en voie de disparition?,2013,9.2,15
Gaarud,2024,9.2,26
The Quintessential Quintuplets *,2024,9.2,13
D'artagnan is the Champion,2014,9.2,17
Buffalo Travels,2024,9.2,5
Not in Our Neighborhood,2014,9.2,14
Barbaric Gentlemen,2013,9.2,12
True Son,2014,9.2,20
L'âme des chefs,2011,9.2,7
Frogman Returns,2025,9.2,7
Avant les roses,2019,9.2,9
Take Willy with Ya,1989,9.2,12
87 Candles,2024,9.2,12
Send My Mail to Nashville,2013,9.2,10
Quest for the Shield,2024,9.2,15
Cinema Pichodu,2024,9.2,94
Lost Sabungeros,2024,9.2,7
Project: User,2014,9.2,8
Bird's nest,2024,9.2,18
Stamps,2024,9.2,19
We the Surfers,2024,9.2,11
Ghostland: A Journey Through Syria,2025,9.2,16
La Tamalera,2024,9.2,19
Jefa De Jefas,2024,9.2,19
Tales of a Space Pirate Coming from the Moon.,2025,9.2,27
Watching Mr. Pearson,2026,9.2,19
"Luz, Anima, Ação",2013,9.2,92
Shangrila: Tea Road to Lhasa,2025,9.2,46
Now! More! Yes!,2025,9.2,27
Sombras Chinas,2025,9.2,37
Agniveer,2025,9.2,36
The Unfixing,2024,9.2,11
Olavina Payana,2025,9.2,26
Bhaava Theera Yaana,2025,9.2,472
Piranthanaal Vazhthukal,2025,9.2,144
Chhabi (Marathi),2025,9.2,283
Bolo Har Har Shambhu,2025,9.2,181
35 days in Chernobyl,2025,9.2,7
Simli,2025,9.2,68
Hairy Who & The Chicago Imagists,2014,9.2,16
Wayward Kin,2025,9.2,17
Shastra,2025,9.2,108
Tarka,2025,9.2,26
Through the Pain,2025,9.2,13
Show Me Your Glory,2025,9.2,108
Semme,2014,9.2,40
The Snake,2026,9.2,14
SKLO: mistrovská harmonie,2025,9.2,9
The Pirate King,2026,9.2,30
"Ado SPECIAL LIVE \"Shinzou\" in Cinema",2024,9.2,72
Runa Simi,2025,9.2,48
How to Disappear Slowly,2025,9.2,36
Leurs Champs du Coeur,2025,9.2,14
Twelfth Night,2014,9.2,16
Gaadi Number 1760,2025,9.2,47
Insya Allah Berkah,2025,9.2,27
Psalms Dancers,2025,9.2,7
Samsara,2025,9.2,207
Ernie & Emma,2026,9.2,35
Musical Day,2025,9.2,15
La guerra infinita - Kosovo nove anni dopo,2008,9.2,10
Zaustavi me ako mozes,2025,9.2,6
Superhouse!,2014,9.2,10
Zzaslow K-427,2025,9.2,12
When a Little Monk's Mother Becomes a Ghost,2025,9.2,38
Messy Legends,2025,9.2,5
Ride for Lance,2014,9.2,7
Abánisétè: The Ancestor,2025,9.2,27
We Met at Grossinger's,2025,9.2,14
Listen,2017,9.2,38
Tidevand,2025,9.2,7
Dia de Finados,2024,9.2,10
Stages,2015,9.2,13
After the fire,2024,9.2,5
Annoying,2015,9.2,10
Strictly Sacred: The Story of Girl Trouble,2014,9.2,18
The Cycle of Love,2025,9.2,40
Soaring Free,2025,9.2,37
Beyond the Five Year Mission: The Evolution of Star Trek - The Next Generation,2014,9.2,14
Esteghlalish Blue Vol.2,2009,9.2,90
ADAM: Nartauekel,2025,9.2,26
A Golden State of Mind: The Storytelling Genius of Huell Howser,2014,9.2,19
Yusuf 'Yeb' Kairirlaria Liariru and the Benisian's Penis,2025,9.2,8
Tenor: My Name Is Pati,2026,9.2,17
Cuvari tradicije,2025,9.2,11
"No Packers, No Life",2025,9.2,83
The Unforgivable Sin of Ms Rachel,2025,9.2,5
Delupi,2025,9.2,38
Loyalty and Larceny,2026,9.2,12
30 Kilo Heimat,2025,9.2,9
Ein Abend im Dezember,2025,9.2,7
The Ashes of a Dream,2025,9.2,6
HSK Zrinjski - Prica o ponosu,2024,9.2,12
Beautiful Births,2014,9.2,17
Drift,2026,9.2,13
Harry Chapin - Cat's in the Cradle: The Song That Changed Our Lives,2025,9.2,6
"#Runseokjin_Ep.Tour: The Movie",2025,9.2,51
The Alien Next Door,2025,9.2,7
Saa Vee,2025,9.2,16
Tom and Jerry the Golden Era Anthology,1958,9.2,30
Run Me Wild,2026,9.2,13
The Last Game,2026,9.2,85
Tutu,2026,9.2,9
"Sometimes, I Imagine Them All at a Part",2026,9.2,7
Driven by Dreams,2026,9.2,38
The Adventures of the Jensen Boys,1978,9.2,19
En annan Håkan,2026,9.2,5
The Hungry Heart,2013,9.2,12
Connected,2016,9.2,7
A Killer Serve,2015,9.2,30
Petrolheads,2026,9.2,6
For the Record,2015,9.2,16
Healing Voices,2016,9.2,93
The Secret Life of Girls,2017,9.2,8
Kings of Baja,2014,9.2,14
Manvi Ni Bhavai,1993,9.2,47
Zemene,2014,9.2,28
Fish'R'us,2014,9.2,9
Room Boy,2026,9.2,201
Rediscovering India,2017,9.2,70
Deeper Allure,2015,9.2,12
Laura Mvula: Live from the Paradiso Amsterdam with the Metropole Orkest,2014,9.2,10
Le Monde de Gaston Rébuffat,2009,9.2,6
(Un)Righteous Men,2017,9.2,18
German Town: The Lost Story of Seaford Town Jamaica,2015,9.2,7
Trenches of Rock,2019,9.2,132
Siba: Nos Balés da Tormenta,2012,9.2,7
The Eurovisionists,2013,9.2,18
Inside the Belly of a Dragon,2016,9.2,17
I Know Sugar Hungry,2014,9.2,8
The Challenge,2016,9.2,20
Outermost Radio,2015,9.2,16
Searching for Eddie Running Wolf,2015,9.2,7
Smiles in the Mirror,2015,9.2,9
Mucky Secrets: The Marine Creatures of the Lembeh Strait,2014,9.2,43
Reef Life of the Andaman,2012,9.2,44
Island,2015,9.2,72
Rounded Corners,2019,9.2,9
The World of Liu Yuyi,2015,9.2,10
Vestigio,2016,9.2,50
Road King,2023,9.2,84
Sienna's Choice,2016,9.2,60
The Hardest Thing to Earn,2015,9.2,16
The American Jungle,2016,9.2,8
Rush Brothers,2016,9.2,28
School Time for Miss Roma,2015,9.2,11
Unsolicited Material,2016,9.2,14
Old Skool,2015,9.2,25
Ídolo,2015,9.2,14
The Summer Help,2016,9.2,12
Et liv på den anden side III: Den hvor Søren Vegger rejser tilbage i tiden,2015,9.2,16
La Belle Vie: The Good Life,2015,9.2,26
Under the Radar: The Mike Edmonds Story,2016,9.2,30
I Want to Be Different: Metal Rock in Tajikistan,2016,9.2,22
In the Parlor: The Final Good-Bye,2015,9.2,9
Montre l'exemple!,2012,9.2,16
Ispovest,2013,9.2,6
Eternal Mission,2016,9.2,37
The Yakshagana Puppets,2014,9.2,75
Amore Synthétique,2016,9.2,16
Coverdale: A Year in the Life,2016,9.2,9
Line of Control,2024,9.2,58
Until Cancer Do Us Part,2016,9.2,8
Some Sofia Bards and Other Local Birds,2015,9.2,6
Body and Soul: An American Bridge,2017,9.2,9
Out There,2020,9.2,6
It's a Potcake Life,2016,9.2,28
Putas - Ley de Vida -,2016,9.2,23
Thanks to Your Noble Shadow,2016,9.2,8
"Édes Erdély, itt voltunk",2015,9.2,24
Maniac Strippers vs. Bikers,2021,9.2,19
Shine Bright,2018,9.2,15
Avec l'amour,2017,9.2,228
Maru Style,2014,9.2,8
Codename: Watermelon,2016,9.2,15
Toh Aani Mee Ek Runanubandh,2016,9.2,25
Trial by Fire,2017,9.2,13
Ha megeszünk egy hódot,1995,9.2,21
Salisiah Adaik,2013,9.2,23
Omar Sosa's 88 Well-Tuned Drums,2022,9.2,28
Kurt Vonnegut's A Man Without a Country,2018,9.2,23
Old Town,2016,9.2,10
Niascharian. Taina,2016,9.2,9
Opuntia,2017,9.2,16
Stingray Sisters,2016,9.2,6
Chamber Music Wonderland,2017,9.2,12
Walking While Black: L.O.V.E. is the Answer,2017,9.2,49
The Weight of Honor,2017,9.2,8
Fight!,2018,9.2,69
Quintuplets,2016,9.2,19
Força Lusitana: a história de Fábio Silva,2018,9.2,19
Hilleman: A Perilous Quest to Save the World's Children,2016,9.2,35
Babies: A Miracle,2017,9.2,38
"Junjô nurashi, aijô kurashi",2016,9.2,11
La máquina del tiempo del cine aragonés,2016,9.2,28
Romeo,2017,9.2,9
To Be Alone,2017,9.2,46
An Aquarium in the Sea,2016,9.2,5
panagia ton parision,1996,9.2,14
Surviving Sunset an Actor's Hollywood journey.,2024,9.2,30
Fauji Ki Family-2,2013,9.2,18
Hollow: An Interactive Documentary,2013,9.2,9
The Monster Inside Me,2022,9.2,71
Belonging: The Truth Behind the Headlines,2017,9.2,30
One Angry Vegan,2017,9.2,26
Cabeza Madre,2017,9.2,32
Is That Man Your Husband?,2018,9.2,6
Neko,2017,9.2,7
Hua Se,2017,9.2,13
Listen to Me: Untold Stories Beyond Hatred,2016,9.2,63
Argonauta,2019,9.2,82
"Paz, Amor, y Musica the Alex Ruiz Story",2017,9.2,40
Switch,2017,9.2,12
Roy Orbison: Black and White Night 30,2017,9.2,90
Strike a Rock,2017,9.2,16
Something Quite Peculiar: The Life and Times of Steve Kilbey,2017,9.2,12
California's Forgotten Children,2018,9.2,16
Grandson,2018,9.2,15
Edge of Town,2021,9.2,11
Angelo Unwritten,2017,9.2,8
So Long Suburbia,2016,9.2,19
Nollywood: Nigeria Goes to the Movies,2009,9.2,19
FANTÔME: The Haunting of Brentwood Wine Bistro,2017,9.2,47
Wild Flight: Conquest of the Skies 3D,2016,9.2,14
Pressure,2018,9.2,9
Level Up,2019,9.2,143
Scantraxx: 15 Years of Hardstyle,2017,9.2,38
Lost Records,2020,9.2,30
Wage,2017,9.2,66
Rupantharana,2014,9.2,6
Bucky: A Fuller Future,2017,9.2,14
Rumba in the Jungle: The Return,2018,9.2,12
Theo's Choice,2018,9.2,7
Fulfill the Dream,1998,9.2,16
UnRepresented,2019,9.2,16
Long Lonesome Highway: The Story of Michael Parks,2025,9.2,15
Rudra: The Beginning,2024,9.2,39
Sermon on the Mount,2017,9.2,68
Mr D Original: My Revolver,1999,9.2,17
Life: Amidral,2018,9.2,101
Shohrat the Trap,2018,9.2,110
PescAmare,2019,9.2,5
Saving the Dark,2018,9.2,44
Raitha Sanghada Puttannaiah: Puttannaiah of Raitha Sangha,2017,9.2,22
Heritage of Thrall,2018,9.2,9
Tebaatusasula,2010,9.2,39
Lobhi Papi,1990,9.2,22
In Loving Memory of Branimir Vugdelija,2018,9.2,19
Foster Sin,2018,9.2,41
Begin Again the Movie,2018,9.2,10
Project Alpha or Short Instruction on Self-Realization,2018,9.2,13
Last Days,2019,9.2,22
Coach Jake,2018,9.2,9
Parkway of Broken Dreams,2021,9.2,10
Duck Academy,2020,9.2,20
The Ghosts of 33rd Street,2020,9.2,8
Second Door to the Right,2019,9.2,11
T-Shirt Theatre presents Kipuka: An Anti-Bullying Project,2018,9.2,14
The Little Count,2018,9.2,46
"Three Worlds, One Stage",2019,9.2,8
The Golden Harvest,2019,9.2,47
Spoons: A Santa Barbara Story,2019,9.2,16
A Magyar Nóta Belga Mestere,2019,9.2,7
Silver Lands. The Chronicles of Carpatho-Ukraine 1919-1939,2012,9.2,27
Strangers in the Night,2019,9.2,7
Nordic Pulse,2019,9.2,9
Aadim Vichar,2014,9.2,88
Hansa: Ek Sanyog,2019,9.2,20
Delivered Vacant,1992,9.1,22
Bhasma,1994,9.1,15
Mi Puerto Rico,1995,9.1,31
Pin Gods,1996,9.1,25
Gila-Gila,1978,9.1,11
Au-delà de 120 ans avec Jeanne Calment,1995,9.1,12
Flames of Wrath,1923,9.1,13
University Square: Romania,1991,9.1,181
Huttyán,1996,9.1,21
Nicole's Revenge,1995,9.1,31
Bhalobasa,1955,9.1,13
Përse bie kjo daulle,1969,9.1,11
Les enfants du diable,1992,9.1,19
Fabulous Furry Freak Brothers,2000,9.1,17
La Cenerentola,1982,9.1,137
"Don't Fight It, Kid",1975,9.1,10
Signals Through the Flames,1983,9.1,13
Speaking Tree,2007,9.1,43
Gange Gowri,1967,9.1,26
Kittur Chennamma,1962,9.1,39
Narasinha Avtar,1919,9.1,15
Letting Go: A Hospice Journey,1996,9.1,39
Maratha Tituka Melvava,1964,9.1,56
Making Metamorphosis,2001,9.1,15
Hamida,1966,9.1,18
Aparadh,1969,9.1,11
Pratigne,1964,9.1,17
Carving Out Our Name,2001,9.1,74
Mor Chhainha Bhuinya,2000,9.1,81
Bagong hari,1986,9.1,21
Man of Grease,2000,9.1,31
Rock-N-America,1984,9.1,30
Jedara Bale,1968,9.1,65
Simha Swapna,1968,9.1,16
The Three Stages of Stan,2003,9.1,14
Rising Shores,2007,9.1,37
Donald and Luba: A Family Movie,2000,9.1,22
Abba! A Hudgi,1959,9.1,18
Bhukailasa,1958,9.1,48
Hirochirac,1995,9.1,12
The Last Just Man,2002,9.1,202
Rayara Sose,1957,9.1,16
Sati Nalayini,1957,9.1,12
Sandhya Raga,1966,9.1,53
High Risk Offender,1998,9.1,22
Candombe,2001,9.1,19
"Gloria, Gloria Labandera",1997,9.1,56
Tawagin mo ang lahat ng santo,1997,9.1,20
Nobody Knows: Chronicle of an Unsigned Band,2003,9.1,12
Hiphopbattle.com: Detroit vs. Cleveland,2003,9.1,19
Fashion Murder Groove,2004,9.1,13
Hôtel Ouest,1992,9.1,22
Trespassing,2005,9.1,41
Strange Fruit,2005,9.1,16
Peace Pilgrim: An American Sage Who Walked Her Talk,2002,9.1,13
Guru Manio Granth,1977,9.1,16
Jatt Punjab Daa,1992,9.1,15
Rock and R.O.,2005,9.1,28
De prijs van overleven,2003,9.1,15
Unknown Soldier: Searching for a Father,2005,9.1,56
Funny Kinda Guy,2005,9.1,15
Rats: The Great Underrated Pet,2005,9.1,27
Apart in the World,2006,9.1,24
Force of the Spirit,2005,9.1,29
"Oh, Mr. Faulkner, Do You Write?",2006,9.1,16
Fight: War of Words,2007,9.1,26
Stossek 68-86,2003,9.1,32
Sound Man: WWII to MP3,2006,9.1,16
TQ-1992,2001,9.1,49
Welcome to Tolono,2007,9.1,21
Jagajyothi Basaveshwara,1959,9.1,27
Shrishaila Mahatme,1961,9.1,16
Kolyma,1993,9.1,14
I'm Rick James,2009,9.1,45
Un clown passe,2006,9.1,19
Bertha Lutz,2021,9.1,17
"David Mirisch, the Man Behind the Golden Stars",2021,9.1,11
Fathima The Oracle,2019,9.1,27
A Wild Fox Life,2019,9.1,15
The Hoy Boys,2019,9.1,17
Somay Ku: A Uganda Tennis Story,2008,9.1,26
Shouting Silence,2021,9.1,23
Better Living Through Chemistry,2021,9.1,15
Terminator the Second,2011,9.1,13
Snake Hill,2007,9.1,12
Farmboy,2006,9.1,16
World of Horses,2019,9.1,13
The Dart Throw,2019,9.1,10
Noche De Cartas,2019,9.1,17
Time and motion,2019,9.1,146
Puritan: All of Life to The Glory of God,2019,9.1,54
Satte,2019,9.1,11
God Bless You,2019,9.1,23
Hardway: The Legacy of Deathmatch Wrestling,2019,9.1,12
Moon by Bicycle,2007,9.1,12
A Return,2014,9.1,11
Déjà le sang de mai ensemençait novembre,1982,9.1,14
Give me a Word!,2020,9.1,24
The 600: The Soldiers' Story,2019,9.1,35
The Children's War,2010,9.1,21
Asar,2007,9.1,13
Convivencia,2023,9.1,64
Jumeli,2013,9.1,9
Big Fish Big Adventure - Kenn and Fredericks Reef,2020,9.1,10
La Muerte De Un Federal,2019,9.1,17
Bottle Conditioned,2023,9.1,55
The Nature Makers,2020,9.1,12
A Worm in the Heart,2020,9.1,116
A Soldier's Secret,2022,9.1,14
Maduve Madri Sari Hogtane,2020,9.1,139
La meta è il viaggio nella postmodernità - Murelli e Graziani a colloquio,2020,9.1,10
Against the Grain,2008,9.1,20
The Unseen Collection,2019,9.1,8
Neofascismo? Rispettatelo! Da giovane ebbe un futuro anche lui,2020,9.1,10
Mnohaya lita. Stoyko,2020,9.1,53
From Parrots to Elephants: Worldwide Animal Rescues,2020,9.1,18
"Carlo Goldoni: Venezia, Gran Teatro del Mondo",2007,9.1,17
What Will Become of Us,2020,9.1,12
Johnny Dodgeball,2008,9.1,15
Pepeng Agimat,1973,9.1,13
Nirmal Anand Ki Puppy,2019,9.1,41
Padmavyuham,1984,9.1,186
The Fortuneteller,2008,9.1,43
Rose & Rosie: Overshare,2018,9.1,13
Muktir Kotha,1999,9.1,67
Ohne Wahrheit,2024,9.1,76
Nana: A Tale of Us,2017,9.1,11
Transition,2020,9.1,96
Amber region Kaliningrad,2020,9.1,29
Brand Bollywood,2023,9.1,53
The Vampire's Dance,2008,9.1,19
Don't Forget to Leave,2024,9.1,11
Someplace Else,2008,9.1,47
The Invisible Life of Thomas Lynch,2009,9.1,112
The Writer,2018,9.1,16
Quand je serai grand,2017,9.1,12
"Dear Luke, Love Me",2025,9.1,136
New Urban Cowboy: Toward a New Pedestrianism,2007,9.1,14
The International 2019 Finals,2020,9.1,15
Myth of a Colorblind France,2020,9.1,17
Eihwaz,2021,9.1,12
Laila Tip Top Chhaila Angutha Chhap,2012,9.1,34
Ernesto on Earth,2020,9.1,9
Guides,2009,9.1,13
Shivayogi Sri Puttayyajja,2016,9.1,10
John Henry: A Steel Driving Race Horse,2010,9.1,13
Footprints on Water,2023,9.1,46
YouTube Ratovi,2019,9.1,55
Hari Singh Nalwa - Champion of the Khalsa Ji,2022,9.1,26
The Sisters Kardos,2022,9.1,37
Bildwerfer - Die 11 Stufen des Helden,2008,9.1,19
Jajo's Secret,2009,9.1,21
The Legend of Siegfried,2020,9.1,8
Ek Anokhi Dulhan - Saavi,2017,9.1,10
Die Heimreise,2020,9.1,11
Wendo Musaly,2020,9.1,14
My Homework Ate My Dog,2009,9.1,24
Translations,2023,9.1,21
Webster Hall presents Cindy Lauper,2002,9.1,17
Render Me Dead,2009,9.1,11
Sarasate: The Spanish Spirit,2020,9.1,22
"Cooper Union Talks with Susan Sarandon, Wim Wenders, Moby",2001,9.1,14
Laura's Choice,2020,9.1,41
The Micro,2022,9.1,15
Turvo,2021,9.1,9
My Enticing Aunt - Naughty Sexual Counseling to Boost Me Up,2019,9.1,12
A Time of Change: Confronting AIDS,1986,9.1,14
Binh Ngo Dai Chien,2020,9.1,76
Silent Questions Bridge Views,2009,9.1,16
Anokhe Amar Shaheed Baba Deep Singh Ji,2006,9.1,22
Sofia: A Documentary,2006,9.1,13
Lalon Fair,2020,9.1,17
Bidhata,2003,9.1,24
Nubian Spirit: The African Legacy of the Nile Vallley,2008,9.1,12
Unlinked,2021,9.1,9
12 AM Madhyarathri,2012,9.1,16
Palai palai,2021,9.1,10
Archeology of Memory: Villa Grimaldi,2008,9.1,12
Rebound: A Basketball Story,2009,9.1,14
Slow life,2021,9.1,17
Den inre skogen,2019,9.1,8
Bhakta Cheta,1961,9.1,17
Dharma Vijaya,1959,9.1,14
Dhudgus,2008,9.1,17
Kalitharu Henne,1963,9.1,11
Lagna Patrike,1967,9.1,23
Pativrata,1965,9.1,12
Shivagange Mahatme,1964,9.1,12
From A Place of Love - My Adoption Journey,2020,9.1,15
Flying Over Everest,2004,9.1,16
Bavathi,2019,9.1,44
Puja Pain Phulatie,2007,9.1,40
Shokilla Rayudu,1979,9.1,29
Carterland,2021,9.1,64
Take My Breath,2023,9.1,79
The Girls of Phnom Penh,2009,9.1,88
Gerald's Hands,2023,9.1,31
Yuujou the Friendship Experiment,2021,9.1,25
Stile originale,2021,9.1,17
My Glass Odyssey,2011,9.1,11
Carpe Diem,2021,9.1,12
Suna Panjuri,1995,9.1,150
Stingers Rule!,2009,9.1,25
Alyx Star,2021,9.1,40
Dharma Ra Heba Jay,2005,9.1,38
Criminal,2005,9.1,15
The Extravaganza,2020,9.1,30
Szétszakadt Magyarország,2016,9.1,74
People of the Seal,2009,9.1,13
Aryabhata,1999,9.1,11
Dihadi,2021,9.1,79
Prognosis: Notes on Living,2021,9.1,13
Voïvod: We Are Connected,2024,9.1,9
Cambodia: The Virginity Trade,2009,9.1,108
Maipa Deapati & Datu Museng (The Hero,2018,9.1,38
Meena,1973,9.1,29
Tim Hawkins: That's the Worst,2015,9.1,15
Travel from Moscow to St. Petersburg on the ship 'Rossiya',2021,9.1,28
Honey Bunny in Crazy Crazy Chase,2019,9.1,16
Footlights,2022,9.1,17
Namaste Nepal,2009,9.1,23
An Ordinary Couple 2.0,2010,9.1,18
The Rings That Bind Us,2022,9.1,12
Sisters and the Shrink 2,2021,9.1,22
Envy,2021,9.1,58
Hauntology of the Retrodromomania,2021,9.1,30
Never Make It Home,2011,9.1,41
Cambio de sentido,2009,9.1,19
Toy Tiger,2009,9.1,9
Sandboy,2022,9.1,13
American Road,2013,9.1,34
The Last Letter,2021,9.1,28
Regnum Fest,2021,9.1,42
România Salbatica,2021,9.1,411
The Lady and the Legend,2026,9.1,17
Evacuation,2021,9.1,12
The Irish Wedding,2021,9.1,13
Povjerenje,2021,9.1,19
Woman in the Mirror,2023,9.1,10
Frank & Jerry,2011,9.1,11
Living in Delusionville,2022,9.1,38
Cafè - Storia di una ribalta napoletana,2023,9.1,14
Re-Opening,2023,9.1,53
Return of Black Monkey,2018,9.1,20
An American Posada,2021,9.1,14
From Paseo to Pembroke: Kansas City's Golden Era,2021,9.1,16
Citromsziget,2021,9.1,14
Monsta X: The Dreaming,2021,9.1,101
Viejos Malditos,2025,9.1,56
King Kennedy,2011,9.1,12
Thorn in the Center of the Heart (Sin Lai Guh Ling Bang Do),2021,9.1,17
Blue Weekend,2021,9.1,38
Fly Monarca,2021,9.1,16
I Want So Much to Live,2009,9.1,12
Marching for Life,2009,9.1,25
Laughter Has No Color,2022,9.1,15
Lincoln at Gettysburg - The Battle & The Address,2018,9.1,11
Statute of Limitations,2009,9.1,21
Return to the Rafters,2008,9.1,12
Michael Jackson Commemorated,2010,9.1,25
Reminiscences,2010,9.1,55
Son-nim-1 Cheo-beon-jjae I-ya-gi,2011,9.1,98
I Ride,2013,9.1,14
Jack Stone: The Queen's Man,2022,9.1,11
Monk Arsenije,2022,9.1,8
Four O'Clock Flowers,2022,9.1,24
The Patriot Game,2007,9.1,15
Dhoop chhaon,2022,9.1,88
Luz de amor,1993,9.1,283
Kart Across America,2011,9.1,17
Song for Hope,2022,9.1,21
50 for Izzy,2010,9.1,17
Sharkula: Diarrhea of a Madman,2010,9.1,15
Tunahaki,2010,9.1,18
Santos - Skin to Skin,2022,9.1,59
Annie Johnson's Brothers,2021,9.1,14
Hvor drenge bliver mænd,2008,9.1,11
Once Upon Our Time,2010,9.1,13
Chasing Home,2012,9.1,17
Mila's Journey,2011,9.1,16
Ambo Nai Sopir Andalan,2022,9.1,55
Let the Church Say,2022,9.1,12
Carmen G,2012,9.1,96
Herbie Races Again 2,2021,9.1,15
Autumn of Route 66,2013,9.1,13
"Luz, câmera, pichação",2011,9.1,8
La casa,2009,9.1,17
Finnigan's War,2013,9.1,41
DramaKarma,2013,9.1,15
Tile Man,2011,9.1,15
Random Videos from Live,2022,9.1,22
Bugeaters,2011,9.1,23
Trial by Self,2011,9.1,27
Hairy,2022,9.1,28
Amchem Noxib,1963,9.1,11
FC Chechnya,2010,9.1,15
Tree Keeper,2011,9.1,45
The Cooler Bandits,2014,9.1,17
Raktneeti,2023,9.1,35
Crescendo,2023,9.1,88
Aama,1964,9.1,63
Burning Man: Metropolis,2012,9.1,89
Fairways to Happiness,2022,9.1,36
The rising of the unslaved,2011,9.1,29
The Killing of Leonard Riley,2011,9.1,18
Two Brothers: The 5000 Day Project,2011,9.1,37
Herpers II,2011,9.1,19
Marty's Project,2010,9.1,15
Vacuum,2012,9.1,101
His Land,1970,9.1,20
Velvet Prisons: Russell Jacoby on American Academia,2019,9.1,30
Hymen National,2010,9.1,13
Portugal: A Luta em Tempos de Crise!,2022,9.1,11
Losing Grip,2023,9.1,15
Victimas Del Chantaje,2011,9.1,24
Pavlo: Stage to Screen,2009,9.1,12
Oblak,2011,9.1,55
Above the Clouds,2023,9.1,41
I Fshehuri,2022,9.1,22
Dean Ormston - Working Class Superhero,2023,9.1,17
Reflections,2023,9.1,13
Déjà Vu: The Peril of Pauline,2025,9.1,12
The Box Truck Film: Building a Reuseful Home!,2022,9.1,25
Born Cursed,2022,9.1,65
Dua Alam: Villa Kaliurang,2021,9.1,35
La Canne du Roi,2021,9.1,18
Documentary: National March on Washington Against the War on Iraq,2003,9.1,61
"Joplin, Missouri",2012,9.1,18
Parvatinagar,2022,9.1,54
The Global Groove Network,2012,9.1,26
Black Dollar,2020,9.1,14
Light and Shadows. Ivan Chendej,2022,9.1,24
Deck of Cards,2022,9.1,339
Latin Comedy: Una Comedia de Derecha para un Publico de Izquierda,2003,9.1,15
Rebuilding Word on the Water,2022,9.1,10
Lady,2022,9.1,12
Kerbe,2021,9.1,24
Seeking the First Dinosaur Hunters,2022,9.1,175
In Our Heads About Our Hair,2012,9.1,25
Criminal Behavior,2013,9.1,19
Journey into my Faith,2012,9.1,81
Survivor,2012,9.1,58
Wild Danube,2021,9.1,21
Arjuna Sanyasi,2022,9.1,78
Fear Eats the Seoul,2011,9.1,67
Dastaan-E-Sirhind,2023,9.1,26
To Our Bright White Hearts,2016,9.1,47
Bad Medicine: The Human Cost of Animal Experiments,2007,9.1,12
Khasagi Putagalu,2022,9.1,24
Inside High Noon Revisited,2022,9.1,29
Neun Monate Winter,2012,9.1,24
Silenced Voices,2012,9.1,10
Mes.Komanda,2012,9.1,33
Sindrome de MAS,2008,9.1,99
Two Pints Lighter,2014,9.1,16
Boss Climax abhi Baki hai,2022,9.1,36
Mlan Jochna,2023,9.1,37
Bancoco,2023,9.1,54
Behind the Scenes of The Business of Show Business,1983,9.1,70
Bukunja Tekunja Mitti: The Cannibals,2012,9.1,68
Indradhanu,2025,9.1,36
The V: Return of the Galaxy,2013,9.1,67
Robert Shields: My Life as a Robot,2024,9.1,21
Darkest Light,2023,9.1,11
Wes Diego,2023,9.1,9
Bandhu,1992,9.1,22
La Quemazon,2012,9.1,24
Buying Her,2022,9.1,69
Libya the Land of Million Hafiz -Al Jazeera Documentary,2013,9.1,15
Becoming Fools,2015,9.1,11
Mein to Palavade Bandhi Preet,2005,9.1,13
Animal,2014,9.1,29
Smarami,2023,9.1,32
Scarf,2015,9.1,17
From Faith to Freedom,2012,9.1,15
Jiangsu: Land of Good Fortune,2014,9.1,11
JessZilla,2023,9.1,22
Soap Life,2012,9.1,32
Ofir,2013,9.1,16
Sarah,2013,9.1,20
Dialogues of Death,2023,9.1,14
Street Ballad: A Jakarta Story,2011,9.1,18
Gatas,1988,9.1,11
The Puzzling Secret,2020,9.1,12
Ketilebi in Cinema,2023,9.1,85
Stitched,2025,9.1,51
Golden September - The Galician Chronicles 1939-1941,2010,9.1,14
Drifting in the Waters of Sundarbans,2023,9.1,40
Anna,2023,9.1,42
Couldn't You Wait?,2013,9.1,13
"Space, Hope and Charity",2023,9.1,45
Sambandho Ma Khali Jagya,2023,9.1,21
Chandini Bar,2023,9.1,15
Out There: A National Parks Story,2023,9.1,16
Abled: The Blake Leeper Story,2023,9.1,15
Deva Laksh Theva,2023,9.1,15
Bewafa Pardeshi,2007,9.1,16
Joomoonjin,2010,9.1,97
Machine Gun Kelly: Mainstream Sellout Live from Cleveland - The Pink Era,2023,9.1,63
Three the Wet Way,2023,9.1,23
Medora: Empress of the Badlands,2026,9.1,8
Secuestrados,2023,9.1,17
Metal Battle Girl,2023,9.1,10
Supplier Shankara,2024,9.1,75
In Search of a Nation,2015,9.1,35
The Immigration Lawyer: Shattered Freedom,2013,9.1,26
Unforgivable!,2023,9.1,11
Pretendagers,2015,9.1,20
Böhse Onkelz - Böhse für's Leben - Live am Hockenheimring 2015,2016,9.1,11
Sala Budha,2012,9.1,87
Resentment,2025,9.1,14
Sandeh,2024,9.1,131
Harvey Greenfield Is Running Late,2023,9.1,43
Pink Floyd: The Dark Side of the Moon,2023,9.1,57
Waiphri,2023,9.1,26
Dottern bakom järnridån,2022,9.1,18
La Fama De La Pareja,2023,9.1,18
Metro Life,2023,9.1,17
Hu chhu Mr. Shankar,2023,9.1,15
Go Far: The Christopher Rush Story,2015,9.1,42
Dear Latika,2023,9.1,18
Desan,2023,9.1,13
Sehrli qalpoqcha 2,2014,9.1,37
Potraga specijal: Zavadlav,2022,9.1,24
Premam 2Two,2023,9.1,44
Waymore Place,2024,9.1,18
Mr.achuthan's last breath,2023,9.1,37
A Cause for Alarm,2026,9.1,54
Amber,2013,9.1,13
Swim 62,2023,9.1,33
Free Party: A Folk History,2023,9.1,82
Andreas Moles 2: Problème à la Radio Vendredi,2023,9.1,30
Roger Hodgson: Take the Long Way Home - Live in Montreal,2006,9.1,14
Drugo ime za slobodu,2013,9.1,13
Where Is Heaven?,2023,9.1,24
A Life Illuminated,2025,9.1,50
Bolona Tumi Amar,2010,9.1,14
Mon 14,2012,9.1,12
El rey cholo,2001,9.1,9
All We Carry/Lo Que Llevamos,2024,9.1,18
The Bass That Ate Miami: The Foundation,2013,9.1,16
The Squirt Locker,2011,9.1,14
Zeitgeist: Requiem,2024,9.1,93
El Último Táper,2024,9.1,17
Graciano Rocchigiani - Das Herz eines Boxers,2024,9.1,54
Kirik,2025,9.1,128
Jahankilla,2024,9.1,113
Aanganwadi,2024,9.1,22
The Seven Days of Creation,2013,9.1,30
Mercy,2026,9.1,15
Darwiishka Soomaaliyeed,1985,9.1,18
Tu Mo Love Story,2017,9.1,14
By Rook or Left Hook: The Story of Chessboxing,2021,9.1,9
Mort Theory: The Crimes of Mort,2021,9.1,14
Sundays After Church,2025,9.1,34
A Lab Story,2024,9.1,21
Breakthrough,2024,9.1,93
Southern Village,2025,9.1,41
Yashwant,2023,9.1,47
Chicago & Friends in Concert,2024,9.1,18
Za predelami. Snezhnye psy,2024,9.1,11
Viper,2026,9.1,17
Captain Toad and the Mystery Mine,2024,9.1,19
Barnum World,2025,9.1,23
The Nita & Zita Project,2024,9.1,7
Mashaarojinn,2024,9.1,24
The Other Side of Edinburgh,2024,9.1,22
Beast Race,2026,9.1,10
Soldiers of Song,2024,9.1,67
Arul Mozhi,2022,9.1,11
The Lick,2024,9.1,12
Kundaalu,2025,9.1,14
Have A Word: Master Bakers,2023,9.1,10
When the Mountain Roars,2024,9.1,18
The Other Side: A Queer History's Last Call,2013,9.1,10
Ummeed: adhuri bhi puri bhi,2024,9.1,24
Kumeyaay Land,2023,9.1,21
Drama 1882,2024,9.1,26
Matthew and the Chocolate Factory,2021,9.1,15
Churul,2024,9.1,198
Evil Tyson J33: The Movie,2024,9.1,17
Opioids: The Hidden Crisis,2024,9.1,212
Colour Palette,2024,9.1,58
Main Banungi Miss Bundelkhand: The Women Power,2024,9.1,29
Halloween Deluxe,2019,9.1,29
Beyaz Zenciler: Yapim Asamasi,2024,9.1,69
Barbenheimer and the Cult of Walt Disney,2024,9.1,126
Dreadlocks Story,2014,9.1,11
Roads of Fire,2025,9.1,16
Bilichukki Hallihakki,2025,9.1,261
Local Kung Fu 3,2024,9.1,59
One Woman Show,2024,9.1,58
Serial,2025,9.1,17
67 Bombs to Enid,2026,9.1,8
Light Memories,2024,9.1,30
Stand or Fall: The Remarkable Rise of Brighton and Hove Albion,2024,9.1,25
The Music We Call Country,2024,9.1,11
Tonight at Noon,2004,9.1,12
Parab,2024,9.1,66
Jammu 86 Gangwar,2025,9.1,49
Atanomia di un massacro,2024,9.1,17
Asiri Ade,2024,9.1,11
Serena,2026,9.1,20
Khatarnaak Manzil,2024,9.1,13
Makosa ni Yangu,2024,9.1,31
Tango Malhar,2025,9.1,35
T.T.T. [Terror in Teruel Town],2023,9.1,41
Mani Petha Brath Nest,2012,9.1,26
El Cártel De Teresa,2024,9.1,19
The Alien Perspective Part II,2025,9.1,14
Lucy in the Sky with Diamonds,2015,9.1,26
The Living,2008,9.1,41
Heartfall (2025),2025,9.1,26
A Curious Life,2014,9.1,76
No Sleep Til Kyiv,2025,9.1,24
Beyond the Divide,2014,9.1,12
Yoasobi 5th Anniversary Dome Live 2024 [cho-Genjitsu],2025,9.1,19
Tagiyev,2025,9.1,32
Awakening Mind Part 1 - Know Thyself,2023,9.1,15
House M.D.: The Doctor Directs,2012,9.1,25
Seen the film,2025,9.1,10
Stalemate,2014,9.1,12
Miraculous Tales,2014,9.1,14
Milen,2025,9.1,138
Takis.,2025,9.1,38
The Shoes I Wore,2025,9.1,63
Prince of Eurasia: Monotheism and Devils,2025,9.1,40
Le Accelerator,2017,9.1,25
Jimmy & The Demons,2025,9.1,12
Stewart 27,2025,9.1,12
Auntypreneur,2025,9.1,84
Talisker: Vol. 1,2025,9.1,47
Between Two Waves,2025,9.1,33
Chal Kanvariya Shiv Ke Dham,1996,9.1,13
This Is a Wasteland,2013,9.1,34
Jhumri Talayian,2025,9.1,28
Tiny Gods,2026,9.1,7
Tramping Te Araroa,2025,9.1,22
La cáscara rota,2014,9.1,20
Impaled: Painfully Blunt!,2009,9.1,32
Crusty Fouler,2025,9.1,16
The Satellite Men,2014,9.1,20
Squad Five O Is Here to Stay,2025,9.1,11
I Am the Gorgon: Bunny 'Striker' Lee and the Roots of Reggae,2013,9.1,13
The Roots Remain,2015,9.1,19
Maanbumigu Parai,2025,9.1,248
Der Donaufürst,2025,9.1,10
Secropolis,2025,9.1,7
Ouvir o Rio,2013,9.1,9
Zero to 8848,2025,9.1,12
Family Felinz Network,2025,9.1,26
Seishun Inoshishi (Go Wild) Atarashii Gakko! The Movie,2025,9.1,15
Stuck,2015,9.1,11
Until 20,2015,9.1,28
The Lord's Prayer,2025,9.1,23
Maamaram,2025,9.1,143
Walk with Me: The Trials of Damon J. Keith,2016,9.1,18
Without Warning,2025,9.1,10
Kurla to Vengurla,2025,9.1,89
Gintama: Yoshiwara in Flames,2026,9.1,167
The Sand Box,2016,9.1,53
Link Click: Bridon Arc - The Movie,2025,9.1,59
ManKIND,2014,9.1,13
Ondt blod på Torstrand,2025,9.1,36
Alone in Tehran,2025,9.1,197
Hello Knock Knock Kaun Hai?,2025,9.1,40
j-hope Tour: Hope on the Stage - The Movie,2025,9.1,81
Na Mão do Palhaço,2024,9.1,9
The Redemption of Mary Louisa McBroom,2025,9.1,33
The Birth of Your Divinity,2025,9.1,10
One Night at Dante's,2014,9.1,16
American Bomber,2007,9.1,20
"É Pra Mudar, Muleke: Uma Vida No Degase",2025,9.1,8
Warlord: Olori Ogun,2025,9.1,12
Bikes Tell Stories,2014,9.1,24
Love and Metamorphoses,2014,9.1,17
The Night Sale,2025,9.1,11
Samadhi Part 4 - Sadhana,2025,9.1,15
Malumadi,2026,9.1,47
Aurora: What Happened to the Earth?,2026,9.1,82
The Wall,2026,9.1,72
The Boy Who Built an Army,2026,9.1,14
Rise Above the Mark,2014,9.1,24
American Youngboy,2026,9.1,29
La Grande,2024,9.1,45
Wild and Woolly: An Elephant and His Sheep,2011,9.1,16
A Man for Others: The Life of Father Roberto Balducelli,2015,9.1,20
Offline,2026,9.1,10
McBusted: Tourplay,2014,9.1,41
The Doll People Tapes,2026,9.1,15
Kangula: Maa Kali Ra Danda Nacha,2026,9.1,192
All Eyes on Brazil,2014,9.1,21
Core of Corruption: In the Shadows,2009,9.1,23
Raise Up: The World Is Our Gym,2017,9.1,23
The Jones Family Will Make a Way,2015,9.1,43
3022 Ft.,2015,9.1,24
Grown Men on Tricycles,2015,9.1,25
Aroma of Heaven,2014,9.1,18
When They Awake,2017,9.1,13
"How I Once Made a Movie for $2, 000 Part 1",2014,9.1,62
Busking for Berlin,2014,9.1,22
Witness Bahrain,2014,9.1,29
Snow Day,2014,9.1,34
50 Years of the 911,2013,9.1,9
"Pomerol, Herzog & de Meuron",2013,9.1,12
Inside Piano,2013,9.1,11
Heroj 1914,2014,9.1,96
Up for Air,2016,9.1,10
Ungleich,2013,9.1,292
Cincinnati Goddamn,2015,9.1,12
Elmore Leonard - But Don't Try to Write,2021,9.1,26
Forgive Me Father,2015,9.1,37
The Winchester Orphanage,2015,9.1,22
Druglawed,2015,9.1,138
For the Love of Tango,2014,9.1,19
"Sam Houston: American Statesman, Soldier, and Pioneer",2013,9.1,25
For the Coyotes,2015,9.1,13
Soy Familia Soy Michoacano,2015,9.1,26
The Rock,2016,9.1,21
Los Viejones De Guanajuato,2016,9.1,22
Kato Therapy,2015,9.1,25
Righteous Sinner,2019,9.1,37
Ratra Aarambh,1999,9.1,45
The Father and the Bear,2016,9.1,50
Shapes,2022,9.1,15
Good Morning,2017,9.1,90
Glory Game: The Joost van der Westhuizen Story,2014,9.1,14
The Forgotten Refugees,2005,9.1,22
Lambadina,2015,9.1,18
I Dream of an Omaha Where,2015,9.1,11
Ganga Jaisan Mai Hamar,2004,9.1,12
Love Alive,2016,9.1,41
Antarctic Mission: Islands at the Edge,2007,9.1,12
Kuzda gullagan daraxt,2015,9.1,13
Mithila Makhaan,2019,9.1,407
The Blue Triangle,2000,9.1,92
Gold Balls,2016,9.1,34
Reset: The Documentary,2016,9.1,11
Magadan: Stadt erbaut auf Knochen,2016,9.1,14
Tulasi Apa,2015,9.1,22
Once There Was a Girl,2016,9.1,36
Devout,2016,9.1,20
Invitation sur le Plateau,2016,9.1,11
Good Villain,2015,9.1,14
Moina Moti,1969,9.1,37
Singfest: The Literacy of Music,2017,9.1,21
Before the West Coast,2016,9.1,12
Oltre la fatica,2016,9.1,12
The Tale of a Pusher,2016,9.1,14
1985: Héroes entre ruinas,2022,9.1,22
I Swam Enguri,2016,9.1,95
Onde a Moeda Cai Em Pé: A História do São Paulo Futebol Clube,2018,9.1,51
Free Ride,2017,9.1,16
The Minds of Others,2024,9.1,19
Sardari's Enigma,2017,9.1,59
El Rastro de los 5,2016,9.1,11
Mi'raj,2017,9.1,11
"Straight to DVD II: Past, Present, and Future Hearts",2016,9.1,15
Kiumeni,2017,9.1,24
Ungt hjerte,2016,9.1,16
Veteránfilm,2018,9.1,18
Hollywood on the Dnieper. Dreams from Atlantis,2014,9.1,49
Hije,2016,9.1,17
Requiem voor een Boom,2016,9.1,9
DranDeh (another story from Saeed Shad),2016,9.1,11
Divine Fire: The Story of Jedi Mind Tricks,2009,9.1,9
Nascent Nation,2017,9.1,9
Bennesbeh Labokra Chou,2016,9.1,33
Pain and Music,2016,9.1,13
In lieblicher bläue - En el amable azul,2020,9.1,38
Icon,2016,9.1,12
Win Marathon,2018,9.1,78
Creta Divina,2015,9.1,13
Railway Raju,2019,9.1,25
Breaking Balls,2017,9.1,72
Only Love Matters,2023,9.1,38
The Road Forward,2017,9.1,37
"The Nagano Tapes: Rewound, Replayed & Reviewed",2018,9.1,301
Talk Talk: Live at Montreux 1986,2008,9.1,46
Bosanski Hoffenheim,2017,9.1,16
Comment Awards: The Movie,2017,9.1,18
Terrorvision: Wired Up and Scary,2017,9.1,24
Tide,2017,9.1,14
Olympia 2016,2016,9.1,11
Álmatlan: Dreamless,2017,9.1,51
Made in Vietnam,2017,9.1,31
The Living River,2017,9.1,9
A New Life Out of Tortures,2016,9.1,91
Una Historia Necesaria,2017,9.1,91
El Mundo Entero,2020,9.1,45
Little Mix: Glory Days - The Documentary,2017,9.1,105
Queen of the Beach,2019,9.1,33
Black Snake Killaz: A #NoDAPL Story,2017,9.1,31
Pashu,2017,9.1,13
A Casa dos Violinos,2017,9.1,8
Dinkheller,2019,9.1,33
"parTy boi, black diamonds in ice castles",2021,9.1,10
The Condor & The Eagle,2019,9.1,37
The Pushkar Lodge,2020,9.1,75
Fall Semester,2017,9.1,26
Ironclad Proofs: Exploration of the 'Trinity',2015,9.1,38
Hooverphonic: With Orchestra Live,2012,9.1,19
Black Eyes,2021,9.1,9
Devil Dogs: Hero Marines of WWI,2017,9.1,16
Taza,2017,9.1,11
La vida que te agenciaste,2018,9.1,15
Defying All Odds,2020,9.1,27
Bhalo Meye Mando Meye,2011,9.1,12
Second Samuel,2020,9.1,56
Patachara,2009,9.1,10
Spring Thunder,2021,9.1,74
Tête de chien,2016,9.1,45
Birsa Munda - The black Iron Man,2004,9.1,13
Third Law,2018,9.1,38
A Band to Honor,2020,9.1,18
Sinfonia Caipira,2018,9.1,16
Parcells' Final Ride,2018,9.1,11
This Business of Autism,2018,9.1,11
Lamboo Rastoo,2018,9.1,25
Tommy Emmanuel: The Endless Road,2019,9.1,17
Pandharichi Vari,1988,9.1,80
"Bhikkhuni: Buddhism, Sri Lanka, Revolution",2018,9.1,17
More Than Funny,2018,9.1,14
Liam,2018,9.1,17
Namamu Kata Pertamaku,2018,9.1,13
About a Teacher,2020,9.1,50
Pink Puzzle,2023,9.1,8
Duelers,2023,9.1,15
The Ukrainian Insurgent Army: Chronicles 1942-1954,2014,9.1,34
Berlari Ke Langit,2004,9.1,10
Dave Grusin: Not Enough Time,2018,9.1,19
Verdict 19,2019,9.1,81
Powder,1916,9.0,16
Megvédtem egy asszonyt,1938,9.0,11
St. Matthew Passion,1949,9.0,22
Oraon,1955,9.0,6
De la piel del diablo,1962,9.0,8
A Movie and Breakfast,1977,9.0,7
Floor Show,1978,9.0,11
Tsu-Feh Sofiah,1986,9.0,12
Kennywood Memories,1988,9.0,79
Atlantic Realm,1989,9.0,9
Les derniers Marranes,1991,9.0,9
All I Know Is,1992,9.0,17
At Sea,1992,9.0,10
The Toko Video,1992,9.0,11
Spread the Word: The Persuasions Sing Acapella,1994,9.0,11
Exploding Angel,1995,9.0,11
Für mich soll's rote Rosen regnen,1995,9.0,14
Just for the Ride,1995,9.0,8
Young at Hearts,1994,9.0,9
Fear & Favor in the Newsroom,1996,9.0,37
Rod Serling: Writer,1996,9.0,23
Escape to Ski,1988,9.0,10
Flamingo Dreams,2000,9.0,21
Der Fall des Generalstabs-Oberst Redl,1931,9.0,11
Techno: az egyén diadala,1998,9.0,13
Sadhi Manse,1965,9.0,63
Keyhole Productions 214: Christy Canyon Sucks,1989,9.0,8
Bee Gees: One for All Tour - Live in Australia 1989,1991,9.0,74
Gutter Punks,1997,9.0,13
Njeriu me top,1977,9.0,98
The Thundering 8th,2000,9.0,96
Ruby,1971,9.0,15
Fucked Up,1986,9.0,10
The Dream Factory,1975,9.0,19
Pinagbuklod ng langit,1969,9.0,13
Deadly Force,1980,9.0,9
James Herriot's Yorkshire,1993,9.0,21
Pinne e arpioni,1952,9.0,11
Battle for the Minds,1997,9.0,9
First Light,2000,9.0,13
Sant Gajanan Shegavicha,1987,9.0,15
Chauranghee,1942,9.0,59
The Lost Pharaoh: The Search for Akhenaten,1980,9.0,12
Tokugawa ichizoku no houkai,1980,9.0,13
Middletown,1996,9.0,17
Smoke and Mirrors: A History of Denial,2000,9.0,133
Alludu Diddina Kapuram,1991,9.0,115
Kothachilo,1994,9.0,13
A Taste of Freedom,1991,9.0,9
Dora,1984,9.0,22
Puerto Rico,1992,9.0,12
Gandondu Hennaru,1969,9.0,19
Galli Gopura,1962,9.0,25
Vardakshina,1962,9.0,8
Ferdinand Bulgarski,1995,9.0,12
Chambal Ki Rani,1979,9.0,13
Varhadi Ani Vajantri,1973,9.0,12
Mahasati Ansuya,1965,9.0,19
O Manishi Thirigi Chudu,1976,9.0,43
My Oh My!,1996,9.0,38
Full Blossom: The Life of Poet/Actor Roberts Blossom,2000,9.0,13
Ruins of the Reich: The Final Chapter,2005,9.0,12
Overdoing It,1952,9.0,8
Sumber ilhamku,1979,9.0,7
Musicians in Exile,1990,9.0,14
In the Key of Oscar,1992,9.0,14
Aslan - Made in Dublin,1999,9.0,13
Amelia - Mawar berduri,1996,9.0,10
Highway Amazon,2001,9.0,29
The Jealous One,1942,9.0,9
Maximum Capacity,2001,9.0,10
Malaya Marutha,1986,9.0,55
Someone Is Sleeping in My Pain: An East-West Macbeth,2002,9.0,13
Kravta ostava,1980,9.0,14
Bakshis,2002,9.0,24
Das Horoskop der Familie Hesselbach,1956,9.0,26
"Mahatma: Life of Gandhi, 1869-1948",1968,9.0,27
Diamonds and Rust,2000,9.0,65
Nos guerres imprudentes,1995,9.0,13
Surviving the Streets,2002,9.0,9
True Icelandic Crimes,1998,9.0,59
The Making of the Revolution,2001,9.0,9
Danilo Bata Stojkovic - filmska ostvarenja,1999,9.0,18
Hanggang saan hanggang kailan,1993,9.0,57
Vsichki i nikoy,1978,9.0,13
The Discarded Sheep,1983,9.0,11
La vie sans Vincent,2001,9.0,13
Un bouquet de flirts,1932,9.0,11
Las dos caras del guero Estrada,1998,9.0,7
Phiriye Dao,1994,9.0,14
More Than Famous,2003,9.0,98
An Untold Triumph: America's Filipino Soldiers,2002,9.0,12
Beyond the Himalayas,1996,9.0,14
Johnny Tinoso and the Proud Beauty,1993,9.0,10
April Boys: Sana'y mahalin mo rin ako,1996,9.0,35
Escuela para brujas,1989,9.0,8
Seeds,2004,9.0,44
Este año no hay cosecha,2000,9.0,78
Mere Acquaintance,2003,9.0,11
Los 7 pecados capitales,1975,9.0,7
Venganza,2002,9.0,18
Intrusul,1983,9.0,9
Third Party,2003,9.0,32
The Highlife,2003,9.0,13
Dance Culture in the Mix,2002,9.0,8
A Joyce Story,2003,9.0,20
Diego Rivera: I Paint What I See,1992,9.0,15
Sonny Boy,2004,9.0,42
Irene's Last Call,2003,9.0,20
Nag-iinit na damdamin,1997,9.0,13
En el nombre del padre,2003,9.0,10
Sogni di cuoio,2004,9.0,8
"Bloodletting: Life, Death, Healthcare",2004,9.0,18
UR4 Given,2004,9.0,14
Sara May,2004,9.0,12
The Stay,2004,9.0,34
Pagdating ng panahon,1998,9.0,11
Hip Hop Get Down,2003,9.0,260
The Innocence Project,2004,9.0,32
Bird in the Sky,2006,9.0,14
Love Lessons,2005,9.0,16
Solitude,2005,9.0,18
Rockwell Kent,2005,9.0,16
Unsung,2005,9.0,27
Ballroom Dancing,2003,9.0,6
Love Minus One,1972,9.0,9
Unsung Heroes,2003,9.0,30
Bleeding Orange & Brown: A Cleveland Tradition,2005,9.0,33
Lebanon Dream,2001,9.0,9
The Quest for Nutrition,2004,9.0,12
Live/Evil - Evil/Live,2005,9.0,8
"Word, Sound and Power",1980,9.0,15
Brats: Our Journey Home,2006,9.0,53
Clásico,2005,9.0,10
Letters from the Other Side,2006,9.0,31
Katharina Bullin - Und ich dachte ich wär' die Größte,2005,9.0,11
The Yellow Shark,1992,9.0,60
For Love & Stacie,2006,9.0,28
Blues by the Beach,2004,9.0,52
Losing Ahmad,2006,9.0,29
"Baleo, Baleo!",2005,9.0,12
Assyriska: A National Team Without a Nation,2006,9.0,47
Sweet Tessie and Bags,2008,9.0,27
Kreating Karloff,2006,9.0,95
Urban Rangers,1995,9.0,54
Black Diamonds: Mountaintop Removal & the Fight for Coalfield Justice,2006,9.0,21
Listen,2004,9.0,10
Sunseed,1973,9.0,17
Tamara,2007,9.0,23
Romper el cerco,2007,9.0,12
City of Baseball,2007,9.0,12
Mothers,2007,9.0,17
East Side Story,2008,9.0,11
Legends Never Die: The Sandlot Story,2018,9.0,18
Las campañas de invierno,2019,9.0,6
Soldiers Without Guns,2019,9.0,69
Los días sin Joyce,2007,9.0,7
Divine Appointments,2019,9.0,10
Befaam,2018,9.0,10
Miles to Go,2019,9.0,11
The White Reindeer,2019,9.0,24
Are Traps Gay?,2019,9.0,99
Enchained,2019,9.0,25
Fear of Attraction,2009,9.0,13
Hanging with My Sisters,2019,9.0,10
I Am Going Where I Came From,2019,9.0,5
Identitas - Uguali ma diversi,2019,9.0,9
Hum Dono Rangeen,2011,9.0,18
Unwritten: A Story of Life and Hope in West Virginia,2019,9.0,9
Widow of the Revolution: The Anna Larina Story,2000,9.0,29
My Letters to Happy,2019,9.0,13
Golden Gloves,2007,9.0,33
From Nowhere: The Story of the Vaughan Brothers,2019,9.0,19
A Long March,2022,9.0,7
Jonas Brothers Happiness Begins Tour,2019,9.0,53
Onnai: A Story of Love & Sacrifice,2018,9.0,8
Not Fade Away,2008,9.0,11
Nach Tuzach Lagin Haay,2012,9.0,8
Darcelle XV: The Oldest Working Drag Queen in the World,2019,9.0,7
Electric Burma,2012,9.0,211
The Nautilus Mutiny,2022,9.0,10
Rainaldo Graziani da Meridiano Zero al Soggetto Radicale... da Evola a Dugin,2019,9.0,9
Standing Silent,2011,9.0,21
Saravia,2008,9.0,19
"The Great 14th: Tenzin Gyatso, the 14th Dalai Lama in His Own Words",2023,9.0,187
Die Spieler,2007,9.0,55
The House on August Street,2007,9.0,22
Matriarch,2021,9.0,12
A Is for Agustin,2019,9.0,11
Truelove: The Film,2022,9.0,42
Talk for Life: English as an Additional Language,2020,9.0,19
The Twilight Zone 60th: Remembering Rod Serling,2019,9.0,37
Chains: Live in Concert,2018,9.0,8
Opulence,2019,9.0,133
A Touch of Vengeance,2022,9.0,37
"L'Huma, la lutte, l'Huma, la fête",1993,9.0,10
À propos de... l'autre détail,1985,9.0,10
Guerre aux images en Algérie,1985,9.0,10
Gia thimise mou,2019,9.0,50
Cinéma d'exil et de luttes,1984,9.0,8
Like a Child - Fábián Juli,2019,9.0,32
"René Vautier, cinéaste franc-tireur",2002,9.0,10
"Ines Pedretti contro i sensi vietati, le strade del possibile",2019,9.0,9
New Territories,2014,9.0,10
Saida Despite Ashes,2016,9.0,9
My Mother's Garden,2008,9.0,52
I Do?,2016,9.0,8
Bedhadak,2006,9.0,10
Ratricha Paus,2023,9.0,18
Doso Dedo Iz Njemacke,2013,9.0,53
Laati,1992,9.0,13
Eagles: Live at the Capital Centre (March 1977),2013,9.0,59
Moscow. Dormitory area,2020,9.0,144
Phire Dekha,2016,9.0,10
We Dreamed America,2008,9.0,22
Peepal Tree,2021,9.0,309
Heartprints in the Snow,2021,9.0,288
The Nightingale Sings,2019,9.0,58
James Bond: Fan Films Are Forever,2018,9.0,25
Ira Maya Putri Cinderella,1981,9.0,11
"H20: Subterranean Violence, Vol. 3 - Step the F**k Up",2018,9.0,10
Maati Pehchaan,2022,9.0,39
Krigen der splittede min familie,2020,9.0,11
Playing for Change: Peace Through Music,2008,9.0,107
"The Center of Nowhere (The Spirit & Sounds of Springfield, Missouri)",2020,9.0,8
Criminal Countdown,2020,9.0,15
Aaram Haram Aahe!,1976,9.0,25
Celebration of Flight,2007,9.0,12
The Sorrento Job,2020,9.0,89
Chelsea FC Season Review 2016/17,2017,9.0,8
Around Hell,2010,9.0,8
Bhale Ramudu,1984,9.0,176
Hayat tamircisi,2019,9.0,8
This movie was filmed accidentally,2020,9.0,29
St. Petersburg. The melody of the northern capital,2020,9.0,45
Dragon City,2022,9.0,6
Adam Surat,1991,9.0,77
Concerto,2008,9.0,18
Stompin' on the Quomps - Kim Cypher Live!,2019,9.0,15
Kim Cypher - Pizza Express Live in Concert,2018,9.0,13
The Kings of Salsa,2023,9.0,37
The Way of Twain,2020,9.0,13
We Iraqis,2004,9.0,90
Híbridos - The Spirits of Brazil,2017,9.0,7
Saved by Deportation,2007,9.0,13
Sustenance,2020,9.0,44
Negative,2022,9.0,31
Transformation: An Audience with Dolores Cannon,2016,9.0,8
No Festival: A Concert for No One,2020,9.0,84
Kiwewe Nyeusi (Black Trauma),2020,9.0,14
Andre Matos - Maestro do Rock,2021,9.0,46
Under Rich Earth,2008,9.0,20
Unsupersize Me in Cuba: Shaping A Dream,2020,9.0,8
The Mikado,2019,9.0,10
God Father,2016,9.0,10
Seeding Change: The Power of Conscious Commerce,2020,9.0,7
Satu - Year of the Rabbit,2024,9.0,68
JK 1971,2023,9.0,32
Ayaa: A Hero's Journey,2008,9.0,10
"Estremecer, Lejos de ti.",2018,9.0,7
Chowdhury Rajbari,2017,9.0,32
The Evening Show,2020,9.0,71
Journey from Zanskar,2010,9.0,46
Three Missing Pages,2008,9.0,8
The Wolf at the Door,2008,9.0,19
Fresh Coast,2008,9.0,25
"ShowGirls, Provincetown, MA",2009,9.0,22
Kunsten å plystre,2021,9.0,9
Don't Tell,2020,9.0,6
Kingsbury Run,2008,9.0,10
Pearl bracelet (Shuren buguivch),2008,9.0,8
Understanding Vander,2009,9.0,16
The Mothers' House,2005,9.0,13
Pigweed Philosopher: The Untethered Zen of Kimball Johnson,2009,9.0,15
Bhale Raja,1969,9.0,16
Affected: The Story of US,2020,9.0,99
Darah Biru Arema 2,2020,9.0,13
Isolation cell 32,2020,9.0,9
Ixel,2014,9.0,19
Tahi - The Human Journey,2022,9.0,43
Betty I Am,2012,9.0,94
Remember This,2022,9.0,91
Alles ist. Hin?/Sam's Bar,2020,9.0,7
Broadcast Blues,2009,9.0,22
Black Money,2022,9.0,31
Street Line,2021,9.0,6
Lost Boy,2009,9.0,52
"5, 000 Miles from Home",2009,9.0,13
Queer Icon: The Cult of Bette Davis,2009,9.0,230
Kokoda: The Spirit Lives,2017,9.0,15
Operation Barkhane - Women on duty,2021,9.0,7
Who Are the Marcuses?,2022,9.0,10
Elephant,2022,9.0,8
Heart & Soul,2023,9.0,25
Last Days of Simon,2009,9.0,24
Dhruva Tare,1985,9.0,69
Pojkdrömmen,2020,9.0,65
Egression,2011,9.0,114
Pistol Packin' Mama the Missions of a B-17,1991,9.0,7
My Life with Asperger's,2024,9.0,21
Sök och du skall finna,2017,9.0,6
Kendrick,2023,9.0,10
Chandavalliya Tota,1964,9.0,23
The Ticket,2009,9.0,19
Bhagyada Bagilu,1968,9.0,24
Karuneye Kutumbada Kannu,1962,9.0,15
C.I.D. Rajanna,1970,9.0,40
Kulavadhu,1963,9.0,19
Mahasati Arundhati,1968,9.0,12
Rajadurgada Rahasya,1967,9.0,18
Shri Krishna Rukmini Satyabhama,1971,9.0,23
Havina Hede,1981,9.0,45
Samayada Gombe,1984,9.0,64
History Bites Back,2021,9.0,8
East 3: Exploring a Frozen Frontier,2006,9.0,13
Searching for the 4th Nail,2009,9.0,14
Meredith Monk: Inner Voice,2009,9.0,8
Ought,2008,9.0,10
The Pinkies Are Back,2021,9.0,11
The Humongous Fungus Among Us,2021,9.0,11
Disconnect,2020,9.0,10
Street Heroines,2021,9.0,10
Satu Rumpun?,2009,9.0,9
MIssiON XVI,2019,9.0,19
Dhauli Express,2007,9.0,95
The Journey of an Olive Tree,2009,9.0,39
MindFlux,2010,9.0,14
Patel Ni Patlai Ane Thakor Nee Khandani,2016,9.0,9
Silence of Scent,2023,9.0,43
Warna Cinta Impian,2017,9.0,7
Pioneering Nevada's Basin and Range Trail,2021,9.0,10
From Saigon to Dien Bien Phu,1967,9.0,13
Way Down in the Rust Bucket,2021,9.0,22
Life with Ashley,2009,9.0,104
Young King,2024,9.0,30
Turned On,1982,9.0,8
An American Abroad,2025,9.0,19
Dee Renjie's Burning Sky Extraordinary Fire,2020,9.0,58
Marley,2022,9.0,99
Organ Stops - Saving the King of Instruments,2021,9.0,9
The Hauntings in Madhya Pradesh,2021,9.0,43
Act of Union,2021,9.0,53
Ensayo para Guemes,2021,9.0,9
The Meaning of Filo,2009,9.0,30
Margaret and Deirdre,2006,9.0,7
The Journey of Lucy,2021,9.0,6
The Biggest Obstacle,2021,9.0,27
L'appello,2009,9.0,7
EKV: As It Once Was,2009,9.0,152
Dancing with the Storms,2009,9.0,9
My Beautiful Jinjiimaa,2008,9.0,10
The Love Project Journey,2010,9.0,23
Cambodia Dreams,2009,9.0,6
Teenage Witness: The Fanya Heller Story,2009,9.0,16
37th tochka,2019,9.0,65
Hookers for Jesus,2011,9.0,10
Mass of the Ages: Discover the Traditional Latin Mass,2021,9.0,38
A Story that Never Ends,2018,9.0,13
My Sexuality: A Sensory Experience,2010,9.0,15
All for You,2009,9.0,47
Fish Fry Night Milwaukee,2009,9.0,9
Life of 3,2022,9.0,29
Golden Lotus,2022,9.0,46
Pyar Kiya Toh Nibhana,2021,9.0,160
India Untouched: Stories of a People Apart,2007,9.0,246
Chocolate Cheerleader Camp 2,2014,9.0,7
My Future,2008,9.0,13
Gianna,2023,9.0,20
Hand Held,2010,9.0,18
115 Grains,2023,9.0,17
Our Jesus Story,2020,9.0,8
"He Say, She Say",2021,9.0,27
Mineland,2022,9.0,23
Volando con Visconti,2010,9.0,14
This Narrow Place,2011,9.0,67
Sajanwa Bairi Bhaile Hamaar,1987,9.0,8
Doka,2024,9.0,60
"The LBC: Smile Now, Cry Later",2009,9.0,19
Unbelehrbar,2010,9.0,11
"Not Waving, But Drowning",2009,9.0,7
Artists and Alchemists,2011,9.0,8
American Royalty,2022,9.0,25
Jugalbandhi,2024,9.0,148
Sri Jagannatha Daasaru,2021,9.0,145
Lanfranchi's Memorial Discotheque,2010,9.0,20
Lawrence,2021,9.0,8
Fool in a Bubble,2010,9.0,9
Sober,2025,9.0,21
The Erie Situation,2022,9.0,9
A Story for Winter,2021,9.0,13
Butthole Surfers: The Hole Truth and Nothing Butt,2025,9.0,75
Dear Sirs,2022,9.0,26
Identita ES,2022,9.0,7
Bruce Springsteen and the E Street Band: London Calling - Live in Hyde Park,2010,9.0,351
Ka Mon Bajwat,1998,9.0,12
Aircraft Two,2022,9.0,7
Learning the Hard Way 3,2022,9.0,12
Das Kind (L'enfant),2010,9.0,15
Br Trans,2021,9.0,8
Captain Pineapple - Der Film,2021,9.0,29
The Making of 'the Pool',2009,9.0,10
Scapegoat,2010,9.0,11
Harun-Arun,2009,9.0,21
The Mummerman,2010,9.0,39
Nichts ist spannender als die Wirklichkeit,2006,9.0,28
Against All Odds - Surviving the Holocaust,2022,9.0,29
Mothers of Bedford,2011,9.0,48
Debate Team,2008,9.0,20
Using,2015,9.0,27
More 4 Me,2012,9.0,64
Eagles: Return to Glory,2010,9.0,14
Disabled But Able to Rock!,2010,9.0,8
Found in Korea,2019,9.0,10
Old Secrets No Lies,2010,9.0,8
High Rise: Path to Nowhere,2022,9.0,14
Lizbeth: A Victorian Nightmare,2010,9.0,8
Off the Rez,2011,9.0,99
Urban Crazy,2010,9.0,11
Moy otets Evgeniy,2010,9.0,44
A Woman on the Outside,2022,9.0,38
Forced Absence,2015,9.0,7
Rock with Your Cork Out,2008,9.0,9
House Without Address,2010,9.0,10
The Global Village Project,2011,9.0,10
The Skids Live,2010,9.0,10
"The Music, Live at the Blank Canvas",2003,9.0,14
A Little Revolution: A Story of Suicides and Dreams,2010,9.0,7
Wimbledon Official Film 2010,2010,9.0,13
Establishing a Food Forest,2008,9.0,41
If I Should Fall,2010,9.0,26
Band on the Search,2010,9.0,12
Can 1?,2010,9.0,23
Chu Lay Aasman,2024,9.0,13
A Bend in the Road,2010,9.0,6
False Dawn: The Promise of Apollo,2005,9.0,10
Laadli,2001,9.0,11
Ballymun Lullaby,2011,9.0,71
Totality,1999,9.0,43
Und wir sind nicht die Einzigen,2011,9.0,27
Rusty Nuts M/C Grand Challenge,2007,9.0,8
Savunma Sanayiinin Yalniz Dehalari,2022,9.0,106
Unloved: Huronia's Forgotten Children,2022,9.0,11
Abomination,2011,9.0,11
Range Road 290,2023,9.0,37
Aurelia La Texana,2022,9.0,18
Finding Seoul,2011,9.0,16
A Course in Miracles: The Movie,2010,9.0,8
Wasiyat,1997,9.0,9
Praan- The life,2022,9.0,32
Money and Blood,2022,9.0,9
Boycott,2022,9.0,9
Sed De Venganza En La Sangre,2022,9.0,19
Qua Ben Lam Chi,2022,9.0,6
Terrible Children,2022,9.0,6
The Ballad of Frankie Silver,2010,9.0,10
If Only We Had Listened,2011,9.0,8
Mediaeval Baebes Live,2006,9.0,15
Sherwood Forest,2022,9.0,12
Only God Could Hear Me,2011,9.0,12
Dysphoria,2023,9.0,12
Kiru,2022,9.0,17
The Marble Faun of Grey Gardens,2011,9.0,7
Love in Ukraine,2022,9.0,88
The Supremes: Reflections - The Definitive Performances 1964 - 1969,2009,9.0,12
Zoofobia,2022,9.0,15
Cut: Slicing Through the Myths of Circumcision,2007,9.0,29
When New Year Comes on Shabbat,2012,9.0,12
Six Pack,2011,9.0,8
The Other Half,2022,9.0,40
O Scena a Memoriei,2022,9.0,8
Heavyweight,2025,9.0,440
Aleshq W Aldam,2002,9.0,9
Concrete Circus,2011,9.0,75
Red Carpet,2022,9.0,9
Wild Bill's Run,2012,9.0,53
Blood Eclipse,2011,9.0,13
Revolutions,2011,9.0,37
"Patriarcado, Uma História Por Acabar",2022,9.0,18
Niggers,2009,9.0,109
El Fotógrafo de la 40,2024,9.0,6
The Longest Kiss,2013,9.0,14
Living Lost,2016,9.0,18
Dilmaar,2025,9.0,214
One for the River: The Sava Story,2022,9.0,34
The Russian Winter,2012,9.0,50
Lokation - A Combat Sports Film by Hizzer,2020,9.0,38
Örjan Lax,2008,9.0,38
Ending Real Fur,2022,9.0,8
Misi Kafe Biru,2022,9.0,23
Mapaglaro,1986,9.0,10
Lucia di Lammermoor,2009,9.0,10
We Are Art Through the Eyes of Annalaura,2022,9.0,19
The Street Project,2022,9.0,10
Jason Thunder: Double Feature,2022,9.0,9
Hum to Huye Hain Tumhare,2019,9.0,8
AKA Blondie,2012,9.0,13
Dai pulcini di Quarantotti alle comete di Visconti,2012,9.0,12
Away to Me,2012,9.0,10
Micsoda útjaink,2014,9.0,9
Drop City,2012,9.0,10
Today I Was Young and Pretty,2007,9.0,12
December 24,2023,9.0,64
Homecoming,2012,9.0,20
Sean and Melissa: 10 Years Later,2012,9.0,110
In Case You're Still Around,2022,9.0,10
Do You Belive in Miracles?,2001,9.0,10
Ward 3,2012,9.0,21
The Fabulous Heritage,2022,9.0,34
The Quietest Year,2023,9.0,28
Covid Karma,2022,9.0,23
Our Beautiful Secret,2013,9.0,32
Skozi moje oci - Through my Eyes,2022,9.0,7
Lost in Reality,2012,9.0,21
Paradisul Naivilor,2022,9.0,5
B U L L E T,2022,9.0,7
Here I Stand,2012,9.0,9
Camino a la Libertad,2022,9.0,6
The Real Social Network,2012,9.0,26
Emiti Bi Prema Hue,2012,9.0,14
Zina i Lyokha: operatsiya khvost i vymya,2022,9.0,6
The Vision of Paolo Soleri: Prophet in the Desert,2013,9.0,27
Gate Money,2022,9.0,30
Ghosts of Empire Prairie,2013,9.0,12
Widespread Panic: Live at Oak Mountain,2001,9.0,11
Man and Machine,2011,9.0,11
Survival Prayer,2013,9.0,21
When My Sleeping Dragon Woke,2022,9.0,12
Townbiz,2010,9.0,15
Adagium,2023,9.0,69
Forty Seven Ronin,1954,9.0,9
Velkominn Árni,2022,9.0,14
Thailand Torn Between Two Worlds,2009,9.0,12
Explore3D Travel: Trails of a Legend,2012,9.0,9
Haya,2022,9.0,294
Heavy Weight on the Block 2,2012,9.0,18
The Factory,2021,9.0,27
William & Kate: Becoming the Prince & Princess of Wales,2023,9.0,15
Almost Home: Life After Incarceration,2023,9.0,9
Sesame Street: Elmo's Alphabet Challenge,2012,9.0,25
Director Featurette of 'the Million Dollar Minute',2012,9.0,78
How to Act and Eat at the Same Time,2012,9.0,87
Strázca divociny,2009,9.0,22
Fiasco,2021,9.0,6
Flashback,2011,9.0,26
The Peculiar Sensation of Being Pat Ingoldsby,2022,9.0,20
The Twisted Ones,2022,9.0,29
Nowhere,2016,9.0,14
Shiloh: Fiery Trial,2012,9.0,14
Maelström 2001,2022,9.0,9
To Skin a Cat,2016,9.0,9
Love Speed and Loss,2005,9.0,11
LA Underground,2012,9.0,18
The Barefoot Princess: Oriental Bellydance,2013,9.0,31
The Mike King Story Special Feature,1993,9.0,73
Another Day in Paradise,2012,9.0,9
Towns,2012,9.0,18
Le silence des femmes,2021,9.0,7
The Wound and the Gift,2014,9.0,57
The Ones Left Behind: The Plight of Single Mothers in Japan,2023,9.0,15
Company M: A Mob of Soldiers,2012,9.0,15
Super Virgin,2012,9.0,40
Wechselspiel,2023,9.0,10
Beyond What Remains,2016,9.0,21
The Passage of Time,2013,9.0,132
Rude Boy Story,2012,9.0,13
Sophisticated Acquaintance,2007,9.0,16
Strength and Beauty,2013,9.0,16
Caught Between 2 Gigants,2011,9.0,18
Morality is Goodness,2022,9.0,203
An Unknown Country: The Jewish Exiles of Ecuador,2015,9.0,19
Validation: isolados por 7 dias para criar um álbum,2022,9.0,164
Faut qu'on parle,2021,9.0,7
This Is What a Feminist Sounds Like,2012,9.0,6
The story of the role model (Hadi Khashaba),2009,9.0,7
Dal Puri Diaspora,2012,9.0,5
Cheap vs. Expensive Xmas Day,2022,9.0,20
"My High School Girlfriend, Your Wife",2026,9.0,53
Ron Finch That's All You Get,2012,9.0,7
Furious Beauty,2013,9.0,11
Me Without You,2013,9.0,11
Oy Mama,2010,9.0,8
Bluff,2023,9.0,29
Take Me Home Documentary,2013,9.0,8
Give & Take,2013,9.0,11
Battlefield of the Mind,2012,9.0,11
The Jezabels Live at the Hordern,2012,9.0,13
Blues,2012,9.0,33
A Time for Love,2013,9.0,10
Pharmboy,2012,9.0,18
Seascape,2023,9.0,6
Into the Arctic II,2011,9.0,22
RUTZ: Global Generation Travel,2013,9.0,32
Mister Rio: A Batalha dos 80,2014,9.0,25
Lloyd Alexander,2012,9.0,7
Paper Bag Plan,2024,9.0,40
Burning Stone,2022,9.0,7
How's Your News?: Election 2012,2012,9.0,14
The Cinephile,2023,9.0,11
Reimagining Safety,2023,9.0,39
Stopper: The Rise and Fall of the Bastard Squad,2015,9.0,18
Breaking the Dwarf Wall,2015,9.0,13
Marika,2022,9.0,13
The Preserved Bible,2023,9.0,11
The Daughter,2024,9.0,207
Rescue from Gilligan's Island: Trivia Edition,2022,9.0,12
The Chase,2024,9.0,9
Year,2023,9.0,321
The Laughing Boy,2023,9.0,13
Bergamo d'improvviso,2023,9.0,8
February,2024,9.0,30
Cinema by Mani Meraj,2023,9.0,30
Vitic Dances,2023,9.0,17
ForNever Alone,2023,9.0,8
"Don't Fall in, Love",2014,9.0,6
It's All True,2023,9.0,62
Do Not Answer,2023,9.0,7
OTTK,2023,9.0,98
"El Caballo Español, el origen",2023,9.0,34
Sea Not on the Map,2021,9.0,41
The Dog Bite Murders,2025,9.0,36
This is Budget Productions,2023,9.0,20
Take the Ice,2022,9.0,17
Shaheed Kanwar,2017,9.0,8
Italy Made with Love,2022,9.0,13
For Thousands of Miles,2013,9.0,6
Fuga dalla morte,2023,9.0,36
Il sole di Nina,2009,9.0,6
The Restless Hungarian,2022,9.0,31
Gunyo Cholo: The Dress,2025,9.0,11
YOLO: Undercover,2023,9.0,11
Lion Ark,2013,9.0,42
Tethers,2023,9.0,29
Rocky in Risk 2,2023,9.0,150
Zahma,2023,9.0,7
Cutting the Line,2023,9.0,8
The Bolshoi Ballet: Live From Moscow - Esmeralda,2011,9.0,8
Rapailler l'homme,2012,9.0,7
Special Ed,2013,9.0,10
Humble River,2013,9.0,12
Safarzade,2023,9.0,15
The Drop,2024,9.0,72
Mastini Pathshala,2023,9.0,22
The Adventures of Kween Jhonabelle,2023,9.0,11
The Graceless Age: The Ballad of John Murry,2023,9.0,17
Akasham Kadann,2023,9.0,155
Peter Gabriel: Live in Verona,2014,9.0,11
Randy Rhoads the Quiet Riot Years,2012,9.0,21
Nona Manis Sayange,2023,9.0,18
Hollywood Revelations,2013,9.0,16
Emberszag,2022,9.0,7
Stolen,2023,9.0,45
Tell 'Em Steve-Dave Puppet Theatre,2013,9.0,101
Rejtett világ - A vadvizek története,2023,9.0,7
Nigromante,2023,9.0,6
Las dos Mariette,2023,9.0,5
The 100th Inning,2023,9.0,9
Kadhai,2024,9.0,35
Art Connect,2014,9.0,8
Twitch Hoodrich,2008,9.0,16
Mannerless,2023,9.0,7
Imam Without Makmum,2023,9.0,81
Eternal Son,2024,9.0,7
"Spookslot, de historie van Station Halfweg",2023,9.0,22
Embittered Heart,2023,9.0,12
A/way,2024,9.0,27
Pimpalation: Return of the Trill,2006,9.0,17
Daniel El Travieso Una Aventura Familiar,2023,9.0,105
Standing on Sacred Ground,2013,9.0,14
Belo poletje 2: Resna firma,2023,9.0,11
Suicide Kelly,2023,9.0,14
Il terrorista nella testa,2023,9.0,6
Nem Caroço Nem Casca,2013,9.0,6
The Road to Ruane,2024,9.0,18
Shaken,2023,9.0,12
The Life Coach,2024,9.0,17
Let Me Talk My Ish: ENess,2025,9.0,9
Osato,2023,9.0,11
Family Affairs,2013,9.0,31
My Chemical Romance: Life on the Murder Scene,2006,9.0,291
Playing with Fire,2023,9.0,18
A City Dreaming,2014,9.0,16
Mystic Maya: Journey of Initiation,2023,9.0,151
The First Lecture,2024,9.0,10
Pastor. Cztery akty,2024,9.0,11
Women Don't Cycle,2022,9.0,24
Strangle,2023,9.0,21
L'Enfant Terrible,2019,9.0,234
Belle,2014,9.0,8
The Wonder and the Worry,2024,9.0,9
High I'm Tyler Presented by Tyler Chronicles,2017,9.0,9
Knockout Kings of Comedy,2023,9.0,17
Liberate il Duce,2010,9.0,7
Demon Castle,2023,9.0,33
The Light: A Journey Within,2023,9.0,77
Rangeli,2024,9.0,122
Böhse Onkelz: 40 Jahre Onkelz - Live im Waldstadion,2024,9.0,12
End of the Day,2025,9.0,29
Useless Fellow,2023,9.0,31
Four Rational People,2026,9.0,12
Mr.Peyii,2021,9.0,15
Barang 1999,2023,9.0,32
Teesri Talash,2023,9.0,22
The Rozabal Shrine of Shrinagar,2011,9.0,8
Crazy Mogi,2023,9.0,23
Prem Mhanje Kay?,2022,9.0,14
Enderslime SMP: Genesis,2024,9.0,8
Kukejar Mimpi,2024,9.0,16
Kanbalhi,2024,9.0,7
I Am Kevin Harvick,2024,9.0,20
Spacewoman,2024,9.0,55
Kidney and Apple,2016,9.0,10
Solaride: Julgus teha võimatut,2024,9.0,6
Travis: A Soldier's Story,2013,9.0,94
Die Idee von Glück,2016,9.0,6
"Eric Clapton, the Lady in the Balcony: Lockdown Sessions",2021,9.0,10
Retratos de República Dominicana,2024,9.0,10
Don't Ever Stop,2024,9.0,42
Kingdom Come,2013,9.0,49
Nina,2023,9.0,30
Vakoojakoulun Varamiehet,2024,9.0,5
Christmas Together,2023,9.0,9
Hayedeh Legendary Persian Diva,2009,9.0,41
The Ghost Pop~Tape,2013,9.0,35
Horseshoe,2025,9.0,92
Indoda Must,2023,9.0,11
The Long Quiet,2024,9.0,24
Ukrainian Sappers. Diaries of the War,2024,9.0,6
Oozhi: A Dark Age,2024,9.0,21
Point Blank the Documentary,2024,9.0,17
Office Secrets,2025,9.0,10
Dark Beauty,2022,9.0,31
Altitude FC: Rising Together,2024,9.0,8
By Jingo,2015,9.0,11
I Want You to Panic!,2024,9.0,7
Story Time with Devon,2024,9.0,11
Paint Me a Road Out of Here,2024,9.0,19
Mumbai Local,2025,9.0,261
The President and the Dragon,2024,9.0,12
Ella,2024,9.0,69
Serenade for Haiti,2016,9.0,15
Standing our ground,2024,9.0,11
Axis of Life,2025,9.0,11
All American,2024,9.0,28
Bryan Clauson's Chasing 200,2024,9.0,7
Mallory's Ghost,2026,9.0,8
Maven,2024,9.0,67
Sex & Violence,2013,9.0,15
Nine Inch Nails: Woodstock 94,1994,9.0,12
In the Trenches: The Making of Before Dawn,2024,9.0,11
Forgiveness Girl,2025,9.0,58
Pure McCartney,2013,9.0,14
An Anarchist Life,2014,9.0,5
Kwetu,2024,9.0,12
Becoming Vera,2025,9.0,42
Wild Faith Christmas,2025,9.0,44
Sabaton: The Tour to End All Tours,2024,9.0,74
Balkancisco,2023,9.0,11
A Man Fell,2024,9.0,23
The Silver Screen Dreams Cafe,2024,9.0,23
El Nuevo Chaka,2013,9.0,24
Asgaar,2024,9.0,45
Insula Fondane (Fondane Island),2024,9.0,11
Fridey at the Hydey,2013,9.0,7
Omo nero e Bucefalo in Kurdistan iracheno,2024,9.0,47
Jaljeera,2024,9.0,92
Welcome to Jay,2024,9.0,19
Running Milu Deer,2024,9.0,9
Piena di grazia,2024,9.0,7
Locker,2024,9.0,24
Concealed Secrets,2024,9.0,23
Two on the road,2023,9.0,7
Come se non ci fosse un domani,2024,9.0,10
Of a Lifetime,2024,9.0,44
Tragic Awakening,2024,9.0,36
The Ballad of Shovels and Rope,2014,9.0,32
One: A Story of Love and Equality,2014,9.0,10
RiffTrax: Game of Thrones: The Red Wedding (Episode 309),2017,9.0,44
Rudarska Opera,2006,9.0,34
"Mirjaqyp. Oyan, qazaq!",2023,9.0,5
Blue - The Life and Art of George Rodrigue,2024,9.0,8
Suka-Suka Super 7: Habis Gelap Menuju Terang,2014,9.0,25
Tarpana,2024,9.0,21
Climate Extremes,2024,9.0,25
The Africa Express,2013,9.0,10
Tomasz Ossolinski: Before the Show,2014,9.0,33
Beyond the Stars,2025,9.0,6
5 Pointz: An Historical Journey,2014,9.0,13
Vairak ka deja,2024,9.0,21
Antonello Neri In-Provideo,2013,9.0,7
Paati,2024,9.0,27
The Flight Fantastic,2015,9.0,14
Pictures in Mind,2024,9.0,6
L'incombenza delle cose,2025,9.0,27
Where Have All the Fathers Gone,2015,9.0,9
La Noche de Los Tres Fuegos,2025,9.0,11
The Great Departure,2025,9.0,18
Everything Will Be Good,2024,9.0,10
Irreality,2011,9.0,24
The Caste Rush,2025,9.0,19
I Am Gitxsan,2026,9.0,7
The Heartsmith,2024,9.0,55
Vishwastha,2025,9.0,20
Vaama: Ladhai Sanmanachi,2025,9.0,20
DranDeh,2010,9.0,27
When Cats Fly,2025,9.0,64
Real,2025,9.0,8
Silent Night: Convoy to Ukraine,2025,9.0,12
Las muertes chiquitas,2013,9.0,13
On a River in Ireland,2013,9.0,42
Tierra Firme,2013,9.0,6
Marcho - L'ultima bandiera,2024,9.0,9
Min aatym Taptal,2025,9.0,8
Moti Sethani,2025,9.0,48
Undocumented,2025,9.0,21
The Curse of Modigliani,2025,9.0,13
The Stolen,2025,9.0,56
Resilience & Sacrifice,2025,9.0,9
Making Megaforce,2025,9.0,13
Sands of Silence,2016,9.0,54
The Last Gospel of the Pagan Babies,2013,9.0,10
The Eternal Song,2025,9.0,49
Family Brouhaha,2025,9.0,8
Behind the Blades: The Making of Dylan's New Nightmare,2025,9.0,13
The Games in Black & White,2025,9.0,9
Vicky,2025,9.0,15
The Stealer,2024,9.0,20
The Holders,2015,9.0,10
Dud Bekaa,2025,9.0,23
Dinolandia,2025,9.0,6
Mari Wife Mary Kom,2017,9.0,6
Megami Korin: After,2025,9.0,29
Hudekamp: A Story of Homeland,2012,9.0,9
Fondamenta delle Convertite,2008,9.0,9
La Fibra Sensible,2025,9.0,5
Kadhipatta,2025,9.0,86
Der Wettkampf meines Lebens - Die Geschichte von Axel Mitbauer,2025,9.0,29
Johnny Depp: The Art of Transformation,2025,9.0,23
One Humanity,2014,9.0,36
Szabadság a hegyen,2025,9.0,10
Can You Stand the Rain,2025,9.0,30
Psychopath,2014,9.0,15
Nameless,2025,9.0,6
Collecting Sgt. Dan,2014,9.0,17
Beyond the River,2024,9.0,10
Uncensored: Narco Journalism,2014,9.0,32
Manithan Deivamagalam,2026,9.0,292
Shri Jagannath Nka Nabakalebara,2025,9.0,241
Thotram,2025,9.0,47
Mannikkavum Ithu Kathai Alla,2025,9.0,9
When Cops Become Robbers,2025,9.0,5
El negro,2009,9.0,12
Them Public Romantics,2025,9.0,8
"Vanisher, Horizon Scraper",2025,9.0,79
Hekla,2026,9.0,13
Slouching Towards Branson,2025,9.0,27
Nanito,2025,9.0,31
Kalam,2025,9.0,11
Bela,2025,9.0,17
The Werewolf of Glenslake,2014,9.0,8
Tinchari Mai-The Untold Story,2025,9.0,27
Fame Us,2017,9.0,41
Esteghlalish Blue Vol.1,2009,9.0,103
Being and Becoming Chua Ek Kay,2013,9.0,19
Cyber Poison,2022,9.0,18
Don't Sleep Alone,2026,9.0,13
Electing Ms Santa,2025,9.0,9
Steve Schapiro: Being Everywhere,2025,9.0,6
Lessons of Basketball and War,2015,9.0,33
A Trip to Spektor Island: Behind-the-Scenes of TEN,2014,9.0,11
Díptico Mário Peixoto,2023,9.0,8
Awesometown,2015,9.0,11
Outer Edge,2025,9.0,20
Worlds on edge,2015,9.0,6
Jeev,2025,9.0,316
The Cure: The Show of a Lost World,2025,9.0,62
Sholay: The Final Cut,2025,9.0,152
Case No. 73,2026,9.0,200
Banana Split,2025,9.0,7
Avenues of Escape,2017,9.0,13
Deanna's Dream,2026,9.0,8
Segeljungs - Mit null Ahnung um die Welt,2026,9.0,13
Mr Perfect Wife,2025,9.0,24
Twilight of the Oak,2026,9.0,77
MainStreet: Living Our Dream,2014,9.0,12
Morón City Blues,2014,9.0,18
Bring Me the Horizon: L.I.V.E. in São Paulo,2026,9.0,256
Ruthe: Shit Happens,2013,9.0,67
Just Look Up,2026,9.0,10
Arme Sau - Das Geschäft mit dem Erbgut,2006,9.0,9
Spiral Bound,2014,9.0,17
Ajeyo,2014,9.0,11
My Father,2013,9.0,12
The Permaculture Orchard: Beyond Organic,2014,9.0,45
Side by Side Extra: Volume Three,2014,9.0,19
On a Quest,2014,9.0,148
L'orologio di Monaco,2015,9.0,30
From Selma to Stonewall: Are We There Yet?,2016,9.0,11
Breaking Glass: The Pat Summitt Story,2026,9.0,39
Gru-Pdx,2015,9.0,9
The Neighborhood That Disappeared,2014,9.0,11
Granite Rapids Moon,2025,9.0,68
Milpirri: Winds of Change,2014,9.0,7
Chet Zar: I Like to Paint Monsters,2015,9.0,51
Dante's Down the Hatch,2015,9.0,11
Sete Corações,2014,9.0,6
Lapse of Honour,2015,9.0,11
"Me, Trump & The Great UFO Speech in the Sky",2026,9.0,12
Seoul Mates,2014,9.0,103
Away Team,2006,9.0,12
PAN! Our Music Odyssey,2014,9.0,8
Gol de Cuba,2013,9.0,16
Auction Insider: The John Zimmer Collection,2014,9.0,12
Greece: The Road Taken,2019,9.0,8
Fragile Waters,2014,9.0,16
Domínio Público,2014,9.0,13
:Puck en het Raadsel van de Codes,2014,9.0,7
The Betrayers,2014,9.0,11
Stars Versus Me,2015,9.0,9
Of Dogs and Men,2016,9.0,20
"Another Way of Living: The Story of Reston, VA",2015,9.0,10
Angkar va vous recevoir,2015,9.0,12
Através,2015,9.0,6
Adolfo Perez Esquivel: Rivers of Hope,2015,9.0,20
Utah in World War II,2014,9.0,14
Good Tough Kid,2025,9.0,11
The Big Lonely,2014,9.0,52
Fortune's Wheel,2015,9.0,34
Debt of Honor: Disabled Veterans in American History,2015,9.0,16
A Fanatic by Choice,2015,9.0,43
The Mirror of the Spirit,2014,9.0,15
Mémoire,2015,9.0,24
Mississippy Missippi Tu-Polo,2015,9.0,10
The R&B Feeling,2015,9.0,17
The Last Great Circus Flyer,2015,9.0,12
The Farmer,2016,9.0,7
Refugee: The Eritrean Exodus,2015,9.0,9
Und am Ende sind alle allein,2015,9.0,10
Chasing a Dream,2015,9.0,16
Giuliano Gemma: Un italiano nel mondo,2013,9.0,11
Teardrops of PainT,2017,9.0,7
Anthropos,2015,9.0,23
Unveiling,2018,9.0,7
Six Months to Salvation,2015,9.0,11
Dream City,2016,9.0,13
Carding Estrabel: Tirador Ng Malabon,1985,9.0,39
Mixed Feelings,2016,9.0,33
Chosen Men,2018,9.0,11
Law Not War,2015,9.0,20
The Liq,2016,9.0,16
Salto Mortale,2015,9.0,43
Korida,2016,9.0,27
Gigacon 2015,2015,9.0,8
Gaane Bhuban Bhoriye Debo,1997,9.0,9
Alice Cooper: Live from the Astroturf,2019,9.0,32
I Am We,2022,9.0,7
A Heartbeat Away,2015,9.0,9
Midnight Mayhem,2015,9.0,11
The Vatican Deception,2018,9.0,29
The Disease They Call FAT,2015,9.0,28
Lost Signals,2016,9.0,12
Flying Again,2016,9.0,25
Jerome Lejeune - To the least of these my brothers & sisters,2015,9.0,12
Leave Behind a Groove in the Earth: The Story of Sam Black Church,2015,9.0,7
Koti,2015,9.0,26
Home Sweet Home 2,2015,9.0,9
Poor Mama's Boy,2016,9.0,8
Som jordgubbarna smakade...,2012,9.0,8
She Was Famous,2016,9.0,9
Simpson Rd the Movie,2016,9.0,8
Heel Kick!,2018,9.0,81
Deep Nebhe Nai,1970,9.0,7
It Was All Just A Good Dream,2016,9.0,97
Happy Lucky Golden Tofu Panda Dragon Good Time Fun Fun Show,2017,9.0,13
Iron Man: The Sean Fallon Story,2016,9.0,10
The Other Penelope,2019,9.0,63
I Hate My Neighbor!,2019,9.0,15
Jim Root: The Sound and the Story,2014,9.0,11
Meadow Lane,2016,9.0,12
Dear Walt,2016,9.0,16
Hurt,2016,9.0,16
Left on Pearl,2017,9.0,17
Monica,2017,9.0,54
The Oyster Farmers,2017,9.0,10
Gustav Stickley: American Craftsman,2021,9.0,5
Prime Meridian of Wine,2016,9.0,22
Evolution of Organic,2017,9.0,8
Jezus van de Javastraat,2016,9.0,7
Maggie Lee's Mommy,2015,9.0,25
The Songs of Old Europe: Ancient Belarusian Folk Songs,2016,9.0,8
Khallet Warde,2011,9.0,7
Zero Tolerance,2017,9.0,31
B@ (Batman Parody Film),2016,9.0,18
Happy,2016,9.0,39
Afterthought,2016,9.0,9
Fascination: Helena's Story,2016,9.0,9
Tokeru,2016,9.0,13
Manowar: Live at Magic Circle Festival 2008,2015,9.0,38
Brad Paisley Live at WVU,2016,9.0,11
Nashebaaz,2016,9.0,59
Hardik AbhiNandan,2016,9.0,16
O Tardo,2016,9.0,15
Warum lacht Herr W.?,2017,9.0,11
ZERO Made in india,2016,9.0,52
The Wonderful Digby,2016,9.0,9
Ek Hota Valya,2016,9.0,10
Exchange,2016,9.0,13
A More Civil War,2018,9.0,9
Master (Documentary on Qi Gong Healer and Kung Fu Grandmaster Zhou Ting Jue),2018,9.0,12
Pantja Sila: Cita-Cita & Realita,2016,9.0,10
Guidance Through the Black Hole,2017,9.0,25
A Ballad of Maladies,2016,9.0,8
The Race,2016,9.0,17
Earth Seasoned... #GapYear,2017,9.0,13
TransPARENT,2017,9.0,14
Frio,2016,9.0,11
Champions of Amsterdam,2016,9.0,9
The Ides of Childhood,2017,9.0,12
The Eternal Beauty of Snowboarding,2016,9.0,64
The Island,2017,9.0,10
Zachary Richard toujours batailleur,2016,9.0,8
The Last Partera,2025,9.0,10
Spring Hopes: Our Way To Live Free,2017,9.0,9
Little Lord,2015,9.0,10
Al Dadda Doody,2009,9.0,5
Catfish Fillets,2016,9.0,7
Simantorekha,2017,9.0,18
American Dream,2019,9.0,15
Leaving Virginville,2017,9.0,9
Kaagaz Ki Kashti,2017,9.0,302
Fauji Ki Family,2011,9.0,27
Writers: 20 ans de graffiti à Paris,2004,9.0,11
Shake 'Em on Down,2017,9.0,11
One Year in Blue,2017,9.0,5
Damo Suzuki & Sound Carriers: Live at Marie-Antoinette,2017,9.0,6
Hope for What We Do Not See,2016,9.0,130
Tomorrow Never Knows,2018,9.0,8
Carnaval fi Dachra,1994,9.0,275
"Didube, the Last Stop",2017,9.0,12
It's Always Sunny in Philadelphia: Cast & Creators Live at the Paley Center,2010,9.0,19
Nenu Kidnap Ayyanu,2017,9.0,71
Bella,2022,9.0,14
Meet the Radebes,2017,9.0,9
How Do You See Me?,2017,9.0,8
Romeo/Juliet,2017,9.0,11
Unfinished Sentences,2018,9.0,8
Kakkoos,2017,9.0,39
Hidden,2016,9.0,14
Civic Art: Four Stories from South Los Angeles,2017,9.0,8
For Your Convenience,2017,9.0,14
Foser Villy,2017,9.0,10
Stinging Memories,2015,9.0,112
The Hemp Road Trip,2018,9.0,11
Enduring Democracy: The Monterey Petition,2022,9.0,12
A Common Connection,2017,9.0,9
Okeana Savilnotie,2017,9.0,40
When I Stutter,2017,9.0,87
In the Deep of Winter,2017,9.0,120
Jouney Home to the USS Arizona narrated by Matthew Broderick,2017,9.0,8
Red Bluff,2016,9.0,10
War Journal: The Incredible World War II Escape of Major Damon Rocky Gause,2014,9.0,20
Gangs of London,2000,9.0,13
Nussbaum 95736,2017,9.0,24
Wunderlich,2017,9.0,14
Micropubs: The New Local,2020,9.0,39
Song of Victory,2016,9.0,62
Rapture in Peril,2016,9.0,75
Waiting,2017,9.0,86
The Bible and God,2017,9.0,88
250 Stepenika,2017,9.0,187
Mudita,2017,9.0,10
Patibana,2016,9.0,8
A City at War: Chicago,2017,9.0,8
Yazh,2017,9.0,191
Cidade do Aço,2017,9.0,13
Sehrli Qalpoqcha,2012,9.0,54
N of 1,2020,9.0,9
7 Cuvinte,2015,9.0,59
"Theo, além da liberdade",2017,9.0,8
Stolen Childhood,2018,9.0,9
The Mystery of Godliness,2017,9.0,52
Grrrl: Beauty Is The Beast,2018,9.0,41
"Abuelas, una película sobre (y con) Abuelas de Plaza de Mayo.",2022,9.0,12
Making Good Men,2017,9.0,9
On the Pipe 7,2017,9.0,9
Elixir of Immortality,2017,9.0,10
My Friend Tommy,2022,9.0,27
Trembling Crystals,2016,9.0,6
Love Happens,2020,9.0,7
One Night Out,2018,9.0,17
"Untie the Lines: a Journey of Salt, Sweat and Determination",2018,9.0,14
Star,2017,9.0,6
Free Advice: The Steve Maraboli Experiment,2018,9.0,7
Kanyadaan,2002,9.0,30
Daag,2001,9.0,44
The Social Model,2018,9.0,12
Kaha Bhetiyela,2008,9.0,42
Hinsa Par Vijay,2015,9.0,12
The Epic of Love,1986,9.0,7
Eai Aronya,2011,9.0,10
Toh Lagi Sharat,2018,9.0,53
Simanto Periye,2010,9.0,11
Open Close Movie,2018,9.0,43
Good Night City,2018,9.0,111
Angai Geeth,2018,9.0,10
Last Ship Home,2018,9.0,14
This Is Nicholas - Living with Autism Spectrum Disorder,2019,9.0,12
The Life After,2018,9.0,9
My Neighbor's Wife 3,2018,9.0,10
This Is Love,2018,9.0,19
Romanticc Tukde,2023,9.0,32
"Summer Soul, Sunshine Patriot, and the American Message",2008,9.0,18
Cult Cartel,2021,9.0,10
The Mad Hannans,2017,9.0,6
One Bullet,2024,9.0,8
Afterward,2018,9.0,94
The Forbidden Fashion,2019,9.0,12
Sustainable Nation,2018,9.0,18
Noi siamo Afterhours,2018,9.0,7
A néma tüntetés,2016,9.0,7
Majadhib,2018,9.0,10
The Platinum Loop,2024,9.0,12
Honorable Sins,2019,9.0,9
Andolan Ek Suruvat Ek Shevat,2014,9.0,5
A Thin Line,2019,9.0,27
American Hasi,2019,9.0,15
Viyasiduru,2023,9.0,25
"Bornodi Bhotiai: Love, by the River",2019,9.0,59
Junkyard Boyz,1995,9.0,34
The Office Job,2020,9.0,13
Ashke 2,2019,9.0,9
MUM Misunderstandings of Miscarriage,2020,9.0,38
Something Out of Nothing,2019,9.0,14
"Our dad, Danielle",2024,9.0,21
Plastic Boy,2019,9.0,15
Horse Powers: From the Land of the Vikings,2018,9.0,6
Prebet Lapok,1979,9.0,9
"The Match, the Annie Tyler Story",2018,9.0,11
Der Majoratsherr,1943,8.9,10
Caballo prieto afamado,1977,8.9,17
Looking Up,1977,8.9,54
Apeksha,1979,8.9,16
Xew Xew,1984,8.9,29
Schwarz und ohne Zucker,1986,8.9,12
A Litany for Survival: The Life and Work of Audre Lorde,1995,8.9,33
Hier ist kein 'Warum',1997,8.9,47
Chants of Sand and Stars,1996,8.9,19
Fast Girls 2,1989,8.9,15
Vor Gott und den Menschen,1955,8.9,28
Sergiu Celibidache's Garden,1997,8.9,91
Rap City,1995,8.9,18
Dr. Bezbarua,1969,8.9,39
All American Pussy Search,1997,8.9,21
Think Me Nothing,1975,8.9,27
This Is My Father,1999,8.9,21
Za momichetata i tyahnata Neshka Robeva,1986,8.9,21
Personal Belongings,1996,8.9,17
Frisky Summer 3,1998,8.9,24
Forgotten Fires,1998,8.9,14
Rekni mi neco o sobe - René,1992,8.9,8
Juliette of the Herbs,1998,8.9,67
Il conte di Melissa,2001,8.9,12
Bhakticha Mala,1944,8.9,16
Kunwarbai Nu Mamerun,1974,8.9,18
Stree,1972,8.9,70
The Final Journey,2010,8.9,13
Kiladi Ranga,1966,8.9,16
Malammana Pavada,1969,8.9,34
Jaga Mechida Maga,1972,8.9,30
Uyyale,1969,8.9,24
Nimantran,1971,8.9,83
Sansar Seemantey,1975,8.9,20
The Abduction of Figaro by P.D.Q Bach (1807-1742)?,1984,8.9,84
Avaghachi Sansar,1960,8.9,12
Jai Bhim,1949,8.9,29
Díszelöadás,1955,8.9,14
T. Dan Smith,1987,8.9,9
Dharitri,1972,8.9,10
Amma,1968,8.9,19
Beedhi Basavanna,1967,8.9,18
Chhatrapati Shivaji,1952,8.9,112
Krayat na pesenta,1971,8.9,89
The Speed Merchants,1972,8.9,67
Permintaan terakhir,1975,8.9,8
Mayura,1976,8.9,396
The Shepherds of Berneray,1981,8.9,11
"Moja porodica, privatizacija i ja",2001,8.9,17
Shatter Hassan,2001,8.9,26
For Those About to Rock: Monsters in Moscow,1992,8.9,267
Losing Layla,2001,8.9,31
Dakshina,1993,8.9,102
Cousteau: Alaska: Outrage at Valdez,1989,8.9,26
Snaha,1954,8.9,11
Lady Warriors,2002,8.9,35
Shaheed Kartar Singh Sarabha,1977,8.9,13
Ang pumatay ng dahil sa iyo,1989,8.9,46
Matanza,2002,8.9,23
Que no me bese el mariachi,1981,8.9,12
Engaging Peter,2002,8.9,36
O Rio Grande do Sul,1922,8.9,8
Tropang bulilit,1981,8.9,56
Getting It,1985,8.9,106
Parola - Bilangguang walang rehas,2002,8.9,93
The Untouchable Family,1988,8.9,44
Spätere Heirat erwünscht,1966,8.9,18
Shirotori,1965,8.9,14
The Treasure of Thomas Beale,2003,8.9,18
Bouillabaisse,2003,8.9,10
Le fil cassé,2002,8.9,17
This Obedience,2003,8.9,14
Pratidhwani,1971,8.9,22
Tejaswini,1962,8.9,15
The King of Sixth Street,2003,8.9,15
A Normal Life,2003,8.9,23
Cazador de serpientes,2000,8.9,17
In Search of Tubular Swells,1976,8.9,12
Ima,2001,8.9,25
Soliloquy,2003,8.9,39
Ricco,2002,8.9,10
Contergan: Die Eltern,2003,8.9,10
"T'chala, the Currency of Dreams",2003,8.9,13
Loma Lynda: Episode II,2004,8.9,22
State of Wonder,1984,8.9,145
The Cu Chi Tunnels,1991,8.9,25
From Wharf Rats to Lords of the Docks,2007,8.9,53
Truth & Conviction,2002,8.9,88
2000 Terrorists,2004,8.9,23
Integration,2002,8.9,18
Preventive Warriors,2004,8.9,63
Tears of a Clown,2005,8.9,54
Of Ashes and Atoms: The Story of the NASA Plum Brook Reactor Facility,2004,8.9,17
Heart of an Empire,2007,8.9,85
"Mainit, masarap... parang kaning isusubo",1991,8.9,16
Hindi magbabago,1994,8.9,31
Lubbock Lights,2003,8.9,43
The Spirit of Annie Mae,2002,8.9,20
"110%: When Blood, Sweat and Tears Are Not Enough",2006,8.9,33
Stan,2011,8.9,39
Fünf Zimmer,2005,8.9,12
Nirnayak,1997,8.9,24
IPC 376,2011,8.9,20
Bolivar: Path to Glory,2005,8.9,19
Paperdolls,2006,8.9,16
Holy Men & Fools,2005,8.9,18
Sin piedras,2005,8.9,11
Colin McCahon: I Am,2004,8.9,24
Addio notte bianca,2005,8.9,49
The Seventh Man,2003,8.9,16
Piano Players Rarely Ever Play Together,1982,8.9,35
Kuwatog,1979,8.9,46
The Truce,1968,8.9,15
Mechina: A Preparation,2005,8.9,28
Inner Circle Line,2006,8.9,76
Ahimsa: Non-Violence,1987,8.9,16
"Stuntwood: The Birth, Life, and Death of a Skateboard",2006,8.9,15
One Per Cent,2006,8.9,29
We Pedal Uphill,2008,8.9,33
The Nutcracker Family: Behind the Magic,2006,8.9,26
F.A.Q. - Film o Koroski/Ein Film über Kärnten,2005,8.9,34
"Fried Green Tomorrows: Juliette, GA Lives",2006,8.9,37
Sakenara,2004,8.9,26
Fate Twisted Simply,2006,8.9,25
Slumberland,2006,8.9,19
Rollerboy,2013,8.9,17
Borrowing Time,2006,8.9,19
Hungary's Revival,1939,8.9,19
Free Lisl: Fear & Loathing in Denver,2006,8.9,19
Visual Futurist: The Art & Life of Syd Mead,2006,8.9,78
From Barbados with Love,2006,8.9,12
Dealing and Wheeling in Small Arms,2007,8.9,107
Have You Heard from Johannesburg: Fair Play,2010,8.9,16
Mass Romantic,2008,8.9,23
Frank the Rat,2009,8.9,29
The Lehman Trilogy,2019,8.9,472
Free and Easy,1967,8.9,15
La ola sin fronteras,2019,8.9,14
Dreaming of a Vetter World,2018,8.9,18
Silenced as mercury rises,2021,8.9,15
Birdie,2021,8.9,47
Coffee Heroes,2020,8.9,8
The Sings,2018,8.9,17
Sweet Crude,2009,8.9,67
The Behaviour of Houses,2007,8.9,20
Rocking the Boat: A Musical Conversation and Journey,2007,8.9,23
B309,2019,8.9,23
Wa'alaikumussalam Paris,2016,8.9,26
Frank Ned & Busy Lizzie,2004,8.9,12
Fântânile,2019,8.9,11
Levantine,2019,8.9,11
Volvió,2022,8.9,15
2350 Last Call: The Neo Story,2018,8.9,11
Mga agila ng arkong bato,1987,8.9,42
Gully Life: The Story of Divine,2019,8.9,21
A Tree Remembers,2018,8.9,43
Theo's Formula,2019,8.9,21
Cyril contre Goliath,2020,8.9,79
Gor Jeevan,2019,8.9,83
200 Years of Surgery,2019,8.9,25
The Great Indian Election,2019,8.9,21
Jeene Ki Umeed Tumse Hi,2021,8.9,435
"Blown Away - Music, Miles and Magic",2019,8.9,27
Shush,2021,8.9,26
This Might Hurt,2019,8.9,38
Live at Tokyo Dome: Babymetal World Tour 2016 Legend Metal Resistance - Black Night,2017,8.9,27
Moksha,2022,8.9,54
Sangeet Saroop Satgur,2019,8.9,9
Queen of Magic,2025,8.9,41
Dansh,2018,8.9,17
"Svedectví: Pravda, která mela zustat skryta",2021,8.9,10
Plötzlich Heimweh,2019,8.9,8
Married Men,2019,8.9,20
Atcham Thavir,2018,8.9,36
Home Free,2023,8.9,29
In Search of the Dead,2019,8.9,49
Mor Sangee,2017,8.9,58
Run Zindagi Run,2020,8.9,12
"Histoires d'images, images d'Histoire",2014,8.9,9
Und vorne hilft der liebe Gott,2018,8.9,22
Route 66,2019,8.9,64
These Days,2023,8.9,9
Budapest - the capital of Hungary,2019,8.9,140
Volcanic Sprint,2007,8.9,33
Aa Ondu Notu,2019,8.9,12
Monument,2016,8.9,11
Never Sleeps,2007,8.9,19
Rekindling,2022,8.9,55
Make-Believers,2021,8.9,25
Avicii Tribute Concert: In Loving Memory of Tim Bergling,2019,8.9,145
Khan and Empire,2019,8.9,18
Still Human,2022,8.9,123
Mhorkya,2020,8.9,51
Red Hot Chili Peppers: Stadium Arcadium,2007,8.9,97
Love Them First: Lessons from Lucy Laney Elementary,2019,8.9,17
Templars: The Da Vinci Code Secrets,2020,8.9,19
Fields of Gold,2023,8.9,15
Vær her,2021,8.9,24
Region,2011,8.9,8
Navstrechu Mechte,2020,8.9,24
Umetnost secanja,2019,8.9,22
Angel Wishes: Journey of a Spiritual Healer,2009,8.9,17
Bus Om Bebek,2021,8.9,10
Mare Nostrum,2007,8.9,9
Sadika: The Multi-Dimensional Artist,2020,8.9,8
They Come to America IV: Immigration & Politics,2020,8.9,23
This Dust of Words,2008,8.9,86
L'Affaire Barraket Essahel,2014,8.9,8
Making the Day,2021,8.9,96
Wozzeck,2018,8.9,9
Dark Girls 2,2020,8.9,15
La Nostalgia del Centauro,2017,8.9,7
Birendra Krishna Bhadra,2019,8.9,23
Rock and a Hard Place: Another Night at the Agora,2008,8.9,42
Endurance,2020,8.9,58
Maryam,2021,8.9,9
Sculpting the Giant,2023,8.9,9
Crétins des Alpes,2017,8.9,9
Burn with Us,2020,8.9,83
Najbolji golman na svetu,2021,8.9,10
Paird,2019,8.9,28
Mozlym,2008,8.9,26
O Índio Cor de Rosa Contra a Fera Invisível,2020,8.9,14
Babymetal: Live at The Forum,2020,8.9,14
New York Street Games,2010,8.9,34
Fiona Clark: Unafraid,2021,8.9,20
Zayed's Antarctic Lights,2018,8.9,13
Good Food,2008,8.9,15
Prema Panjaram,1991,8.9,121
Folds of Honor: A Fighter Pilot's Mission to Deliver Healing and Hope to America,2020,8.9,9
Mama!,2023,8.9,12
La ganga,2007,8.9,10
La morale della favola,2020,8.9,11
Amir Hetsroni: Case Study,2020,8.9,50
Kings of Indiana,2019,8.9,30
Mera Tal-Passat,1996,8.9,14
"Lives, Not Grades",2021,8.9,10
Wilde Clique,1983,8.9,11
Burn on the Bayou,2008,8.9,16
Lebensraum/Living Space,2010,8.9,14
You Married Dat,2022,8.9,61
Infinite.,2018,8.9,31
Brick by Brick: A Civil Rights Story,2007,8.9,39
Le message des Tibétains,1966,8.9,13
Fear,2020,8.9,22
Indochine: A People's War in Colour,2009,8.9,54
Deyi Baidethi,2019,8.9,13
Kings of Europe: The Chelsea Story,2012,8.9,9
Saving O Block,2021,8.9,20
A different me,2016,8.9,12
3Devi,2024,8.9,24
Operation Olipporu,2021,8.9,91
ER EXperience,2009,8.9,22
Laboratory Greece,2019,8.9,40
ParaGold,2022,8.9,10
Dear Audrey,2021,8.9,102
Buck Alamo or (A Phantasmagorical Ballad),2020,8.9,57
Breaking Out,2021,8.9,29
God of gods,2019,8.9,57
Aim Away from Face,2008,8.9,15
The Andrei Tarkovsky Retrospective,2020,8.9,11
Schism,2008,8.9,53
Red Gold,2008,8.9,35
Sue Inside,2023,8.9,12
The Road Up,2020,8.9,11
The Confessors,2020,8.9,12
It Happened at 4:48 AM,2020,8.9,19
La asamblea,2008,8.9,12
Guns and Grams,2020,8.9,41
D Tour,2009,8.9,59
How to Thrive,2022,8.9,26
Abhijaan,2022,8.9,175
Heather O'Rourke: She Was Here,2026,8.9,43
Till You're Told to Stop,2009,8.9,15
David der Tolhildan,2007,8.9,31
Metamorphosis in the Slaughterhouse,2021,8.9,17
Broken Wild,2021,8.9,117
Road to Mecca,2008,8.9,12
Beating Superbugs: Can We Win?,2021,8.9,12
"Murder, Spies & Voting Lies: The Clint Curtis Story",2008,8.9,33
Honor in the Valley of Tears,2010,8.9,101
Promised Lands,2021,8.9,12
Jack Be Nimble,2008,8.9,15
Troupers,2011,8.9,36
Welcome to Commie High,2020,8.9,11
Shabbas Sunbai,1986,8.9,29
Proof Sheet,2023,8.9,52
Once A Fury,2020,8.9,11
I Really Get Into It,2020,8.9,10
Journal intime,2024,8.9,8
I Am Better Because of You,2020,8.9,15
Mal traités,2020,8.9,20
Story of Wine,2008,8.9,42
Blackout,2020,8.9,77
Vatsalya,1965,8.9,17
Shuya Show,2009,8.9,11
One Hit Wonder,2009,8.9,17
Sampathige Saval,1974,8.9,265
Counter-Intelligence,2014,8.9,12
Beauty on the Wing: Life Story of the Monarch Butterfly,2020,8.9,13
Gettymovie,2008,8.9,42
"Neighbor by Neighbor: Mobilizing an Invisible Community in Lewiston, Maine",2009,8.9,16
Iftikhar,2022,8.9,125
Mayor Muthanna,1969,8.9,77
Guiting - Live!,2018,8.9,13
Getty,2009,8.9,36
The 2020 World Series,2020,8.9,15
Lunga vita alla vita!,2021,8.9,9
Trimurthi,1975,8.9,64
Sanadhi Appanna,1977,8.9,89
The Reluctant Crime,2023,8.9,39
Tears of Blood,2024,8.9,9
Kula Gourava,1971,8.9,27
Meu Melhor Amigo,2006,8.9,9
Father G and the Homeboys,2007,8.9,11
Churi Chikanna,1969,8.9,18
Ide Mahasudina,1965,8.9,15
Madhu Malathi,1966,8.9,16
Manasiddare Marga,1967,8.9,12
Sati Shakthi,1963,8.9,11
Kasturi Nivasa,1971,8.9,491
Thoogu Deepa,1966,8.9,12
Krantiveera,1972,8.9,18
Nanobba Kalla,1979,8.9,38
Vaathil,2023,8.9,33
Duti Mon,2011,8.9,9
"Ganesh, Boy Wonder",2009,8.9,10
GRRF: The Sound of Suicide Postponement,2009,8.9,11
Salad Days,2022,8.9,12
Lt. Dan Band: For the Common Good,2011,8.9,63
Where the Merrows Roam,2021,8.9,9
Janob hech kim,2008,8.9,69
Bommarillu,1978,8.9,34
Grip,2009,8.9,15
Ar tuk-tukiem pa Indiju,2020,8.9,8
The Football Monologues,2021,8.9,35
Justice,2021,8.9,17
Samar... Before the Final Picture,2024,8.9,24
Avtar Dharine Aavu Chu,2015,8.9,122
St. Peter: The Persecution of Christians - Part 1,2005,8.9,9
The Asylum,2022,8.9,10
Scrum,2021,8.9,43
UFO: They are already here,2022,8.9,18
Tell Them We Were Here,2021,8.9,12
Hellcat,2022,8.9,8
Tina Live,2009,8.9,64
Mga kalapati sa gabi,2005,8.9,14
Paradise Lost: The Fall of Venezuela,2020,8.9,10
Pazhagiya Naatkal,2021,8.9,70
Uttara Dhruvadim Dakshina Druvaku,2000,8.9,19
Já Não Sou Eu Quem Vive,2020,8.9,7
Half Way,2010,8.9,25
Waleed,2021,8.9,25
Having My Baby,2009,8.9,10
Caesar the Musical,2021,8.9,66
Il colore delle parole,2009,8.9,21
Shtax: A Homecoming,2009,8.9,22
Gods of Technology: Soul to Science,2022,8.9,116
Into the Spotlight,2023,8.9,40
The Garden of Evil,2021,8.9,11
If We Burn,2023,8.9,12
WE ARE NOT CONTENT!,2021,8.9,12
Yasoma,1997,8.9,11
Air Racer: Chasing the Dream,2009,8.9,16
Oppanda,2022,8.9,100
The Eternal Flame,2021,8.9,19
Groufie,2021,8.9,318
Underdog,2021,8.9,60
Bitter Art,2009,8.9,24
Babe's and Ricky's Inn,2013,8.9,40
A Good Life: The Joe Grushecky Story,2007,8.9,14
Elvira,2009,8.9,10
Vallø 1945 - det siste bombeangrepet,2021,8.9,12
Jayden Tries: The Fight 4 All Reality,2022,8.9,22
Meinrad Craighead: Praying with Images,2009,8.9,18
Mustang Secrets Beyond the Himalayas,2009,8.9,22
Adventures of T-Man,2020,8.9,11
The Wisteria Manor,2022,8.9,49
Transilvania for Sierra Leone,2021,8.9,14
Master Anshuman,2023,8.9,26
For Unto Us,2021,8.9,51
Coffka,2009,8.9,30
Confliction/Homeland,2005,8.9,9
Utopia in Four Movements,2010,8.9,48
The Twins,2022,8.9,9
Dho Re Babu Dho,2023,8.9,31
At Three,2021,8.9,8
Pintu Surga Terakhir,2021,8.9,38
Paradise: A Town of Sinners and Saints,2024,8.9,50
Wishes on a Falling Star,2009,8.9,21
Vakvágány,2021,8.9,13
"It's Love, Bro",2023,8.9,19
Uljhan: The Topper Blues,2021,8.9,66
The World According to David Liebe Hart,2010,8.9,26
Der Riss,2022,8.9,11
Ciclovida: Lifecycle,2010,8.9,11
Exemplar,2021,8.9,8
Slapped Straight,2023,8.9,449
Viva! Saint Agrippina,2010,8.9,30
"U redu, pobedio sam",2010,8.9,169
Somewhere Near Tapachula,2010,8.9,9
Try Again,2021,8.9,14
Batata,2022,8.9,19
Drive Somewhere: The Saga of the Vulgar Boatmen,2010,8.9,13
Siti muslihat,1962,8.9,9
Bonsai People: The Vision of Muhammad Yunus,2011,8.9,52
Cut Poison Burn,2010,8.9,67
Staying Gold,2010,8.9,20
Ziel,2021,8.9,21
"100,000",2010,8.9,21
The Art of Women,2010,8.9,17
Homewrecker,2022,8.9,12
The Have Not,2023,8.9,183
Nochebuena,2023,8.9,102
After: Poetry Destroys Silence,2024,8.9,13
Murders in the Snowy Minisote,2022,8.9,11
The Freedoms,2022,8.9,15
The Creators,2012,8.9,46
Bare Knuckle,2014,8.9,22
The Collaborator and His Family,2011,8.9,84
The Mayor,2011,8.9,60
Acquaintances,2009,8.9,13
Sjaak the World,2010,8.9,11
Thattukada Muthal Semitheri Vare,2022,8.9,57
Nothing But a Winner,2025,8.9,62
Everything In-Between: The Story of Ellipse,2010,8.9,19
For the Love of Elephants,2010,8.9,24
Shepherds of Helmand,2010,8.9,14
The Great Intervention,2010,8.9,24
The Way He Makes Them Feel: A Michael Jackson Fan Documentary,2010,8.9,25
Wounded Palms,2010,8.9,20
A Night at Charleville Castle,2011,8.9,13
"The Crossing: Look, Listen and Live",2011,8.9,22
Tikkun,2002,8.9,24
Ekalavya,2022,8.9,31
The Jewish Jail Lady and the Holy Thief,2022,8.9,13
Fango,2009,8.9,10
It's Him for Me,2022,8.9,10
Nasoor,2022,8.9,82
Shiba King: Assassination,2022,8.9,14
Sid's Paralysis,2012,8.9,23
Somewhere Confidential,2024,8.9,20
Kupi jedan molim te!,2010,8.9,22
Capone's Whiskey: The Story of Templeton Rye,2011,8.9,15
The Missing Screenwriter,2012,8.9,17
Strangers to Peace,2022,8.9,18
El Elefante Blanco,2011,8.9,11
Adam Smith: Father of the Fringe,2021,8.9,9
An Education: The Story of a Witness,2018,8.9,11
Pickles,2011,8.9,15
IN DEEP: The Skiing Experience,2009,8.9,15
Sepatu Dahlan,2014,8.9,8
Padoties Aizliegts,2009,8.9,21
CrossFit World Games: The Story of Annie and Sven,2010,8.9,18
Mindanao the Land of Promise,2011,8.9,11
the ky.pbn MOVIE,2011,8.9,10
Bailout,2012,8.9,48
Return to Palau,2022,8.9,11
The 2nd Floor (A Story of Middleclass),2022,8.9,30
In Medias Res,2011,8.9,27
It's Spring...,2022,8.9,35
Dosije Kosovo '98,2022,8.9,19
Stained Glass,2022,8.9,15
The Cave of Adullam,2022,8.9,61
The Clock,2010,8.9,441
Curse of the Weed Eater,2011,8.9,19
As I Die Slowly,2011,8.9,13
Senario Dalam Pemburu Emas Yamashita,2006,8.9,10
A Human Search: The Life of Father Bede Griffiths,1993,8.9,14
Meeting on the Stairs,2012,8.9,13
The Last Robbery,2021,8.9,17
Moondram Athigharam,2022,8.9,37
Rites of Passage,2012,8.9,88
Uspomene 677,2011,8.9,79
Lost Years,2011,8.9,17
Between the Silence,2011,8.9,12
Ganbare Nippon!,2011,8.9,11
Shining Night: A Portrait of Composer Morten Lauridsen,2012,8.9,45
Every Time I Die,2022,8.9,15
Butch Walker: Out of Focus,2013,8.9,63
Mass of the Ages: A Perfect Storm,2022,8.9,26
Velvet Hammer,2025,8.9,74
Down the Rhodes: The Fender Rhodes Story,2011,8.9,16
Paper Drama,2012,8.9,11
The Akram Tree,2011,8.9,13
Y,2022,8.9,49
Pawanism 2,2019,8.9,21
Raaji Always Khush,2022,8.9,32
Hara Lakshaya,1971,8.9,11
Dickie V,2022,8.9,80
Thirteen and O: The Story of the 1981 Canton McKinley Bulldogs,2011,8.9,10
Shattered,2021,8.9,12
Kim & Wenche - The Right to Love,2022,8.9,13
Wilde Zeiten - Das Festival und die Pandemie,2022,8.9,9
God Is African,2022,8.9,13
My Chemical Romance: The Midnight Curfew,2006,8.9,36
Not A Tame Lion,2022,8.9,59
EMDR: A Documentary Film,2011,8.9,73
Serán las dueñas de la tierra,2022,8.9,14
Naar Ka Sur,2022,8.9,71
El Heredero Del Odio,2011,8.9,11
Twain: Cancelled,2024,8.9,14
Sumi,2022,8.9,32
Embargo,2017,8.9,20
Red Hot Chili Peppers: I'm with You Live in Theaters,2011,8.9,22
Pancham Unmixed: Mujhe Chalte Jaana Hai ...,2008,8.9,62
Have You Heard from Johannesburg,2010,8.9,16
Jurisdiction,2012,8.9,124
Etham,2022,8.9,49
Jay Johnson: The Two & Only!,2014,8.9,39
Mindhalálig Until Death,2022,8.9,7
Abdullah,1997,8.9,12
A Grand Little Lie,2021,8.9,14
Kamtupe,2022,8.9,16
Ye Kaisa Pyar,2021,8.9,14
Morrya,2024,8.9,31
Early Morning Calm,2024,8.9,27
Making Light in Terezin,2012,8.9,26
L'ultima zingarata,2011,8.9,17
Under the Same Sun,2015,8.9,30
Hidden Forever,2012,8.9,16
Tarri,2023,8.9,27
Dave Matthews Band: Live at Piedmont Park,2007,8.9,34
Meeting Funmi's Parents,2024,8.9,18
True Story,2022,8.9,16
Vigilantes Inc.: America's New Vote Suppression Hitmen,2024,8.9,109
Lovers love stori,2022,8.9,44
Bera: Ek Aghori,2023,8.9,38
Ek Radha Ek Meera,2018,8.9,92
South Indian Hero,2023,8.9,268
A Second Chance,2012,8.9,132
Tomchi,2025,8.9,47
Nerazumevalica (Understandinglessness),2022,8.9,62
Indigo,2022,8.9,11
American Bolshevik,2023,8.9,21
Una lunga vacanza,2012,8.9,14
Los Malagradecidos,2012,8.9,27
The Brightest Colours Make Grey,2013,8.9,28
The Miracle of Danny,2008,8.9,12
Venge,2012,8.9,15
Pine Cone,2023,8.9,92
The Hope,2023,8.9,55
Pyar Ki Policy,2023,8.9,33
Seadrift vs. the Big Guy,2012,8.9,24
Bhagwan Bachave,2022,8.9,48
When Pigs Escape,2022,8.9,23
Clarence,2015,8.9,12
Dani the Ranch Hand,2012,8.9,10
Girls Gone Wild Extreme Sex Orgy 1,2009,8.9,14
Made in Nalbari,2022,8.9,22
Paradise Garden,2014,8.9,26
The Mark,2012,8.9,69
NCT Dream The Movie: In A DREAM,2022,8.9,110
Paladar,2014,8.9,10
Vidura B.R. - Monsoon Season,2022,8.9,57
Driving Blind,2014,8.9,15
Cetiri Price Dubrave,2007,8.9,18
The Realtor,2024,8.9,52
Luminous Journey: Abdu'l-Baha in America 1912,2012,8.9,17
Explode for Me,2012,8.9,15
Life with Alex,2011,8.9,17
I Am a Visitor in Your World,2013,8.9,10
For the Cause,2013,8.9,17
Myth Seekers: In Search of Il Brutto,2012,8.9,28
Choo,1972,8.9,12
My Best Friend Daadu,2023,8.9,43
Sasta Jingi Mahag Senur,1999,8.9,33
Mundey Kampung Dey,2022,8.9,25
NFL 360: Who If Not Us,2022,8.9,11
Social Mandiya,2021,8.9,82
Asatveera,2021,8.9,12
Sweetheart Deal,2022,8.9,58
Himala ngayon,2012,8.9,14
Comrade President,2012,8.9,13
André Rieu in Dublin,2023,8.9,15
Destiny's Bridge,2013,8.9,11
Fearless Vampire Killers: At War with the Thirst,2013,8.9,124
"Michael Jackson Live at Wembley July 16, 1988",2012,8.9,265
Albertov Put,2013,8.9,16
Draco - chipurile de piatra,2012,8.9,26
Haunted Iowa,2011,8.9,9
La loca del maniquí,2022,8.9,10
He Looked Like a Postcard,2024,8.9,19
Shegavicha Rana Gajanan,2004,8.9,19
Above San Francisco,1973,8.9,12
The Caribbean Heist,2013,8.9,117
The Jadon264 Movie,2023,8.9,14
Silo,2015,8.9,21
The Lethal Force: THE DREAM II,2023,8.9,17
The Making of 'The Rochdale Pioneers',2012,8.9,19
Avengers: Doom of the World,2023,8.9,40
The Choice,2023,8.9,9
Lets Roll,2013,8.9,12
Fat Boys,2013,8.9,18
The Importance of Strange Perceptions,2023,8.9,21
Virane,2022,8.9,26
As Prescribed,2022,8.9,28
Man Goes on Rant,2024,8.9,85
Last Comiskey,2023,8.9,14
When Houston Had the Blues,2023,8.9,12
Just Now Jeffrey,2024,8.9,65
Le Chalhu Apan Duari,2023,8.9,31
Trip for Five with Healthy Smiles,2023,8.9,78
One Way,2023,8.9,28
From the Diaspora,2013,8.9,10
High School 911,2016,8.9,83
La perfezione,2023,8.9,14
Pratham Barer Pratham Dekha,2022,8.9,17
The Snare,2025,8.9,65
The Made Man,2023,8.9,18
David,2022,8.9,27
WordLotto,2023,8.9,357
Thaththa,2023,8.9,14
The Stix,2023,8.9,9
Designed by Preeti,2025,8.9,28
Enock - Tough Love,2023,8.9,9
Fouja,2023,8.9,34
Development in Bad Waters,2013,8.9,23
Evil Spirit: VIY,2008,8.9,41
Camino Musical: 9 Days of Galician Music,2013,8.9,18
Another Year Together,2023,8.9,39
Chasing Glamour,2023,8.9,9
Il Re delle Indie,2023,8.9,7
God Loves You,2013,8.9,29
Esos colores que llevás,2013,8.9,26
Niko Nije Rekao Necu,2008,8.9,42
American Anxiety: Inside the Hidden Epidemic of Anxiety and Depression,2023,8.9,18
"Odd Hours, No Pay, Cool Hat",2023,8.9,18
A Place Called Robertson,2013,8.9,27
Here Lived,2023,8.9,10
Apache Blues: Welcome Home,2023,8.9,11
The Pigeon People,2023,8.9,31
Divisible,2024,8.9,11
Tom and Jerry Classic Collection Volume 4,1956,8.9,126
Tom and Jerry Classic Collection Volume 5,1962,8.9,107
The Butterflies,2022,8.9,11
Ae Akasha Tale,2023,8.9,30
Hora Uncle,2024,8.9,19
Watergate's Secrets and Betrayals,2024,8.9,23
Bluegrass Kingdom: The Gospel of Kentucky Basketball,2013,8.9,22
Kataomoi,2023,8.9,11
Dünya Sürgünü,2022,8.9,21
The Genius of Srinivasa Ramanujan,2013,8.9,78
Finding Lucinda,2023,8.9,10
12 Steps to Recovery,2023,8.9,41
Don't Say It,2024,8.9,91
The Grand Strand,2025,8.9,26
Soldiers United for Cash,2001,8.9,28
Out of the Fire,2013,8.9,33
Mr.Madimaye,2024,8.9,37
IU Concert: The Golden Hour,2023,8.9,131
Once Upon a Time in a Cinema,2026,8.9,22
Mango Mury,2024,8.9,155
815 - The Story of the Lost Pilot,2023,8.9,13
Red Monsoon,2014,8.9,68
White Angel - The End of Marinka,2023,8.9,21
Sisters & The Shrink 4,2023,8.9,13
Urban Warfare,2023,8.9,8
Nee vente nennu,2023,8.9,21
Sarvqomat dilbarim,2018,8.9,59
Die Flunder,2012,8.9,11
Rent a Room,2023,8.9,44
Bangsatnya Cinta Pertama,2023,8.9,11
"Noite e Dia - Lima Barreto, Obra & Vida",2023,8.9,15
Blue Ice,2024,8.9,24
The Game That Changed Everything: Yankees vs. Red Sox '04 ALCS,2023,8.9,10
Salta,2023,8.9,15
War of Words: Battle Rap in the UK,2016,8.9,32
Ride: Live at Brixton Academy,1992,8.9,13
Ouvidor,2023,8.9,20
Wealth Untold,2024,8.9,16
Valli,2023,8.9,15
Ye chota Nuvvuna,2023,8.9,20
Michael and Ghostface: Best Buds the Movie,2023,8.9,17
Ransom '79,2024,8.9,25
Sacrificate Cassino,2020,8.9,10
Astor Barber All-Stars,2014,8.9,24
Wild Slovakia with Nigel Marven,2024,8.9,38
Radioactive flesh eating insects,2023,8.9,22
Le donne di Pasolini,2023,8.9,9
"Max Anderson, Private Eye",2013,8.9,13
Lords of BSV,2016,8.9,17
Destiny or Will. Marusia,2024,8.9,22
The FNAF Trilogy Supercut,2023,8.9,33
The Ending Goes Forever: The Screamfeeder Story,2024,8.9,8
Blood Ganja,2013,8.9,18
DMX Grandad: The Reckoning,2026,8.9,12
Jodi Emon Hoto,2025,8.9,62
Man Yedyagat Zala,2024,8.9,53
Master Dragon,2024,8.9,13
Sharma & Ambani,2024,8.9,186
Odyssey,2023,8.9,11
Toxic,2024,8.9,16
Fowl Play,2009,8.9,18
402,2013,8.9,10
The Quantum Indians,2013,8.9,45
Amar,2024,8.9,10
Mae de santo teu nome é Zima,2013,8.9,9
Condemned,2024,8.9,11
Invisible Life,2023,8.9,9
Sanjalice,2024,8.9,26
The Donn of Tiki,2024,8.9,45
Tomato Republic,2014,8.9,13
Ari's Theme,2024,8.9,14
Annie Johnson's the Music Hotel 2024,2024,8.9,9
The Nature of Farming,2024,8.9,8
Bloodline,2024,8.9,58
Almost Sober Presented by Fattman Deezy,2024,8.9,25
The Miraculous Tales of Mickey McGuigan,2013,8.9,21
Kako biti Slobodan?,2024,8.9,11
Back Benchers,2024,8.9,234
Mockbuster,2025,8.9,40
Insta Series,2024,8.9,23
El encubrimiento en el atentado a la AMIA,2020,8.9,196
Some Kind of Liberating Effect,2023,8.9,70
Racers: A Champion's Story,2013,8.9,22
Ladies first,2025,8.9,118
The Chasers of Tornado Alley: Touching the Sky,2024,8.9,20
L'ultima isola,2024,8.9,8
Lucid,2013,8.9,18
The Kindred Chronicles,2013,8.9,23
Longevity Hackers,2024,8.9,21
Donovan,2017,8.9,101
Raja Rani,2024,8.9,105
Maurice And I,2024,8.9,31
Anartha,2024,8.9,221
Fondacho Misther,2025,8.9,33
Space Cowboy,2024,8.9,68
Living for the Weekend,2013,8.9,10
Ami jail theke Bolchi,2005,8.9,9
Pecan Park,2024,8.9,15
Perla,2026,8.9,16
Reeling,2025,8.9,11
Meurtre chez les Yachtis,2024,8.9,9
Hell Squad 2: Fresh Meat,2024,8.9,27
Alipato at muog,2024,8.9,8
Losing Lerato 2,2024,8.9,40
The Book and the Sword,2023,8.9,22
Sins of Ireland,2024,8.9,17
"Arithmetic, Population and Energy",2002,8.9,21
Langha Phobia,2024,8.9,14
A Brush Soaked in Carmine,2016,8.9,12
Behind the Looking Glass,2024,8.9,184
Un viaggio per incontrare Mimì,2024,8.9,14
Payann. A timeless legacy.,2024,8.9,28
The Impact Groundbreaking Documentary,2024,8.9,10
Vinnie-isms: The Story of the Cop Comedian,2025,8.9,92
Bewitched 60th: Anniversary Special,2024,8.9,19
Kaybolusun Rüzgarlari,2024,8.9,16
Undercover,2014,8.9,27
Tears for Fears Live (A Tipping Point Film),2023,8.9,73
Stand by for Failure: A Documentary About Negativland,2022,8.9,16
Pogrom(s),2024,8.9,18
Sakharam Binder,1974,8.9,44
The Last Phase,2013,8.9,46
States of Grace,2014,8.9,33
Medicine Man: The Stan Brock Story,2020,8.9,74
Black Beauty Breed,2014,8.9,67
Shawn Mendes: For Friends and Family Only (A Live Concert Film),2024,8.9,26
Beautifully Broken People,2024,8.9,10
El Abogado Del Diablo,2013,8.9,26
Call for Help,2015,8.9,13
Laufey's A Night at the Symphony: Hollywood Bowl,2024,8.9,146
Gogola,1966,8.9,41
Giddiness,2024,8.9,29
From Borehamwood to Hollywood: The Rise and Fall and Rise of Elstree,2014,8.9,19
Maddhim,2024,8.9,24
Pásztor,2013,8.9,24
Raising Matty Christian,2014,8.9,65
Afraid of Dark,2014,8.9,56
Baekhyun: Lonsdaleite [dot] in Cinemas,2024,8.9,15
The Peril at Pincer Point,2026,8.9,13
Apaayavide Eccharike,2025,8.9,58
Kandote,2014,8.9,13
Miraculous,2014,8.9,47
The Spirit of '69: The Legacy of Alpha Phi Alpha at the University of Georgia,2014,8.9,21
To the Flame,2017,8.9,37
Dantela,2025,8.9,65
Living Things,2014,8.9,18
A Cry in Secret,2025,8.9,15
What Is... Puscifer,2013,8.9,68
Adrushya,2025,8.9,236
Au bord du monde,2007,8.9,16
Meri Pyari Daadi,2025,8.9,52
Black Storm,2025,8.9,10
Trispalvis,2013,8.9,81
Akalpith,2014,8.9,23
The Long Way Home,2014,8.9,14
Marcie's,2025,8.9,60
Touching the Sound: The Improbable Journey of Nobuyuki Tsujii,2015,8.9,26
Can You Hear Me? The Invisible Battles of Ukrainian Military Medics,2024,8.9,9
Suhaag (Vchan Ma Bandhe Mayaa Ke Kahani),2025,8.9,31
Little Syria,2025,8.9,15
The Genius of a Place,2017,8.9,11
The Gospel of Dating,2025,8.9,9
Looking UP,2025,8.9,8
Khilre Hoye Warke,2025,8.9,24
Last Hit,2026,8.9,267
Jalebi Rocks,2025,8.9,191
Pain Through Lyric,2025,8.9,36
One Nation,2025,8.9,13
Zerobaseone: The First Tour (Timeless World),2025,8.9,9
La casa italiana,2025,8.9,11
When the Culture War Hit Those Pretty Pictures,2025,8.9,14
Raunak,2025,8.9,59
Broken Cross,2016,8.9,48
Huchudugaru,2014,8.9,12
Idilia,2025,8.9,18
Changed Vol. 2,2025,8.9,10
Return of the Prodigals,2025,8.9,11
Super Connected,2023,8.9,16
Char Dham,1997,8.9,13
Bhalobasa.Com,2025,8.9,142
Chaatar,2025,8.9,11
In Our Nature,2026,8.9,19
You Got Gold: A Celebration of John Prine,2025,8.9,41
Sky: The Two Embers - Part 1,2025,8.9,42
Nafratein,2025,8.9,280
¿A mí quién me cuida?,2025,8.9,15
Bindusagar,2025,8.9,46
Spectacular by Comparison,2026,8.9,25
Finding Optel,2025,8.9,7
The Power of Chi,2025,8.9,11
Food Delivery: Fresh from the West Philippine Sea,2025,8.9,11
BTS Map of The Soul On: E,2025,8.9,13
SiMP,2026,8.9,272
Our Time,2016,8.9,29
The Blind Couple from Mali,2026,8.9,10
Varta,2025,8.9,117
The Snake and the Whale,2025,8.9,11
House at the Edge of the Woods,2025,8.9,14
Brian Damaged,2026,8.9,8
My Saga,2018,8.9,13
He Calls Me Daughter,2026,8.9,18
Andrew Young: The Dirty Work,2025,8.9,47
Hiding in Plain Sight: America's Trafficking Epidemic,2025,8.9,13
Bloodline Betrayal,2025,8.9,15
Shattered Ice,2025,8.9,37
Zusammen ist man weniger getrennt.,2025,8.9,10
It Sucks to be Young,2025,8.9,17
Best Day Ever,2025,8.9,7
Il Diario di Eva,2025,8.9,13
Welcome to Soldier Ride,2014,8.9,15
Mountains of the Moon,2025,8.9,10
(Verifying) Grief 80% // 65+ X59 // Stream 283,2025,8.9,17
The Best of BandLab,2025,8.9,9
The Performance,2023,8.9,70
Kui Buri - Thailand's Hidden Eden,2024,8.9,13
The Last Prometheus of Donbas,2025,8.9,69
Falling Notes,2025,8.9,8
Bicchugatthiya Bantana Ballirena,2025,8.9,16
On the Way of Freedom,2007,8.9,10
Eric Church: Evangeline vs. The Machine Comes Alive,2026,8.9,15
Ode to My Mother,2019,8.9,37
Poonga,2025,8.9,271
Give Me the Ball!,2026,8.9,27
Skamer,2026,8.9,81
Batt Koch,2025,8.9,46
Strangers,2025,8.9,16
Throne of Seal the Movie: The Crownless God,2025,8.9,7
Vikalpa,2026,8.9,320
Uyariy (Escuchar),2025,8.9,20
Egri Erbstein: One Step Ahead of The Game,2026,8.9,17
Las Locas del Obelisco,2026,8.9,12
Isole,2014,8.9,15
Student Film: The Movie,2026,8.9,9
Manhood,2026,8.9,12
Beyish 2: Apama kat,2026,8.9,12
For the Love of Gold,2026,8.9,11
Alfonso Sansone produttore per caso,2014,8.9,15
O Liberdade,2012,8.9,8
Saravá Shalom,2026,8.9,8
Enter the Faun,2015,8.9,15
The Regulators,2014,8.9,18
La vieja escuela,2015,8.9,10
The Long Start to the Journey,2015,8.9,12
The Dwarf in China,2015,8.9,37
Earl Hamner Storyteller,2015,8.9,50
Beer Runners,2014,8.9,19
DODA: The Life and Adventures of Franz Baron Nopcsa,2016,8.9,13
Touched by Yukon,2014,8.9,9
Datuna: Portrait of America,2015,8.9,67
Lost in the Bewilderness,2014,8.9,93
After the Fair: The Legacy of the 1964-65 New York World's Fair,2014,8.9,15
Tiger Tiger,2015,8.9,17
Watain: Opus Diaboli,2012,8.9,37
No Candies from Heaven,2015,8.9,10
Forgotten Heroes: The Robert Hartsock Story,2019,8.9,18
Manos unidas,2014,8.9,9
1Night 2Last 3Ever,2013,8.9,25
Pink & Blue: Colors of Hereditary Cancer,2015,8.9,25
Jonathan Demme Presents: Made in Texas,2015,8.9,14
The International Space Orchestra,2013,8.9,13
Bruce Springsteen: Live In Dublin,2007,8.9,34
Tokyo Underground Idols,2015,8.9,60
Os Perfeitos,2014,8.9,11
Behind Every Door,2015,8.9,18
Here We Are,2019,8.9,30
Shores of Light: Salento 1945-1947,2015,8.9,13
El regreso del muerto,2015,8.9,41
Searching for Home: Coming Back from War,2015,8.9,19
Downtown,2015,8.9,13
0-41*,2016,8.9,21
Diving in Bali,2009,8.9,17
Me Dicen El Coyote,2015,8.9,16
Superseven Unchained,2015,8.9,43
Don Armando,2011,8.9,8
Cannibillies,2016,8.9,27
Abdus Salam. The Dream of Symmetry,2011,8.9,15
The Book of Mikey,2015,8.9,11
Eliza Sherman's Revenge,2017,8.9,58
The Heroin Project,2015,8.9,10
Chakra,2007,8.9,15
Grow: Infinite's Real Youth Life,2014,8.9,10
Fingerface,2015,8.9,14
My Mother's Replacement,2015,8.9,46
Nabar: A Rebel with a Cause,2013,8.9,29
Burden of Genius,2017,8.9,17
Wheels of War,2015,8.9,125
Bhalobashar Rojnamcha,2015,8.9,11
Daddy Loves You,2015,8.9,20
100 Million Dollar House,2015,8.9,14
Anywhere But Here,2016,8.9,25
A Harlequin in Darkness,2015,8.9,10
Whitechapel: The Brotherhood of the Blade,2015,8.9,12
La Otra Parte,2016,8.9,18
The Sandlot Journey,2015,8.9,10
Live in London: Babymetal World Tour 2014,2015,8.9,20
Bird in the Room,2015,8.9,25
Becoming Home,2015,8.9,10
Dateline: Saigon,2016,8.9,43
The Screaming Sky,2015,8.9,8
Maravaan,2015,8.9,20
In a Silent World,2018,8.9,21
Toxification,2020,8.9,23
Great Salt Lake: Utah's Sanctuary,2015,8.9,11
Nuyorican Básquet,2017,8.9,102
Great Highway,2013,8.9,11
Blake Vapes Viva Las Vapegas,2015,8.9,16
Everything You Know is Backwards,2015,8.9,15
Manatlya Unhat: In the Sunshine of the Mind,2015,8.9,13
Northern Man: How to Make a Movie,2016,8.9,14
Wash Up,2017,8.9,8
Truewild: Kluane,2015,8.9,12
Legjenda e Fundit,2011,8.9,21
Sound it Out: The Untitled LGBTQIA Music Documentary,2017,8.9,17
Running the 184,2016,8.9,37
Arunodhayam,1971,8.9,9
"Tunisie, l'ère d'une révolution culturelle",2014,8.9,8
Barrow: Freedom Fighter,2016,8.9,16
The Art & Science of Traveling,2016,8.9,52
Srbi Na Krfu - Sto Godina Od Albanske Golgote,2016,8.9,21
Mount Olympus: The Creation,2016,8.9,12
Why Just One?,2016,8.9,28
Jayjaykar,2014,8.9,25
Mail Time,2016,8.9,38
The Lost Ones,2016,8.9,14
Under the Radar: The Mike Edmonds Story,2019,8.9,13
Maximilian,2016,8.9,12
West,2016,8.9,9
"Curiosity, Adventure & Love",2016,8.9,44
Horseshoe Finale,2015,8.9,43
Black Coral,2016,8.9,8
Carry on Kesar,2017,8.9,99
Manowar: Live at Magic Circle Festival 2007,2015,8.9,37
Rainbow Door,2023,8.9,47
Chi Nu Legacy,2017,8.9,12
Stella Polaris Ulloriarsuaq,2017,8.9,19
Yesterday Was Everything,2016,8.9,62
Manband! The Movie,2007,8.9,17
The Everglades,2015,8.9,10
Love Him or Leave Him the Movie,2019,8.9,10
Psychic Murder,2017,8.9,32
Anna Nicole & the Starlight Angel,2016,8.9,28
The Final Draw,2016,8.9,9
Basamtit Reesha,2016,8.9,15
El Vengador Del Mojado,2016,8.9,20
Dan and Phil's Story of TATINOF,2016,8.9,68
Kayak the Kwanza,2016,8.9,11
First Daughter and the Black Snake,2017,8.9,52
Lala Hardaul,2012,8.9,21
Civilization: The Movie,2016,8.9,83
Local DJ: The Story of Flint Rock n' Roll,2016,8.9,18
Take Me Home Huey,2017,8.9,12
The Blood Is the Life,2017,8.9,15
Valerie,2018,8.9,14
Warrior Princess,2005,8.9,70
Ei to Jeebon,2017,8.9,25
Krishna - Makhan Chor,2006,8.9,91
Kadhalum Kadandhu Pogum,2016,8.9,25
Soberano 2: A Heroica Conquista do Mundial de 2005,2012,8.9,38
Cottonwood,2018,8.9,15
Angel Wagenstein: Art Is a Weapon,2017,8.9,9
Here's to Life: The Story of the Refreshments,2017,8.9,35
Paragon,2017,8.9,11
The Making of the Secret Scripture,2017,8.9,18
Malaysia to UK,2014,8.9,18
And the Boys Go,2017,8.9,14
Parallel Parking,2018,8.9,32
"Those Who Come, Will Hear",2018,8.9,19
My Next Sweet Day,2022,8.9,12
Corridor Four,2017,8.9,16
Gahdhi,2021,8.9,24
Written Off,2016,8.9,14
Siege at Desert Pass,2017,8.9,17
The Kennedy Assassination: What Do We Know Now That We Didn't Know Then?,1978,8.9,11
Beethoven: Symphony No. 7 - The Early Recordings,1993,8.9,18
Là où on va,2018,8.9,12
The 2 Sides Project,2017,8.9,22
Magyarok a Holdon,2017,8.9,10
Itanagar 0KM,2015,8.9,27
Take Your Dream,2019,8.9,19
Lear's Shadow,2018,8.9,17
Acoustic Uprising,2017,8.9,24
Maitighar,1966,8.9,59
Andya Cha Funda,2017,8.9,33
The Question,2017,8.9,48
El encanto de las ballenas,2021,8.9,13
A Whale of a Tale,2017,8.9,15
Cowboys,2019,8.9,38
Eyeless Jack,2018,8.9,81
"Eat, Grow, Love",2017,8.9,9
Blade of Enforcer,2016,8.9,12
Wassup! Zindagi,2017,8.9,53
Deconstructing The Beatles' Revolver,2017,8.9,11
Let the People Decide,2019,8.9,14
Negeri Tanpa Telinga,2014,8.9,15
La carica di Isbuscenskij,2017,8.9,10
Ingrid,2018,8.9,27
Molitva angela,2018,8.9,13
High Tide,2017,8.9,8
When the Smoke Clears,2017,8.9,16
The Himalayan Diaries,2019,8.9,13
Who Is My Lord,2017,8.9,97
Against the Flow,2017,8.9,14
21 Months of Hell,2017,8.9,14
Until Then,2018,8.9,16
Only Roundup Remains,2022,8.9,11
Break the Spell,2017,8.9,86
God's Name Has Changed?!,2015,8.9,95
A Working Title,2017,8.9,19
Hard Enough,2019,8.9,9
Big,2017,8.9,12
The Sun Gate,2017,8.9,9
Gift,2013,8.9,39
Suicide the Ripple Effect,2018,8.9,56
Dreams + Memories: Where the Red Fern Grows,2018,8.9,49
Mibôjin geshuku? Tanima mo kashimasu,2017,8.9,13
Grounded God,1975,8.9,9
Travels with Girls,2009,8.9,13
Bike Beyond,2017,8.9,19
The President's Bodyguard,2018,8.9,8
A Little Fellow: The Legacy of A.P. Giannini,2025,8.9,10
The Jewel,2016,8.9,10
Punch 9 for Harold Washington,2021,8.9,38
Letters for Annie: Memories from World War II,2018,8.9,49
Divangatha Manjunathana Geleyaru,2018,8.9,59
Man,2018,8.9,13
The Whisper,2008,8.9,12
Honor: The Legacy of Jose Abad Santos,2018,8.9,9
Cacú: un cambio por la vida,2018,8.9,23
Magbuwag ta Kay...,2017,8.9,30
House Two,2018,8.9,18
Brasov 1987. Doi ani prea devreme,2017,8.9,30
Butterfly Flower,2017,8.9,13
Modern Day Miracles,2017,8.9,47
Saade Aale,2022,8.9,107
Party Talk,2015,8.9,15
Bright Lights of Little Paris,2025,8.9,8
Simarekha,1997,8.9,13
Unutulmaz Maçlar,2005,8.9,236
Our Power,2018,8.9,10
Prem Sankat,2016,8.9,12
A Peace of the Anarchy: Ammon Hennacy and Other Angelic Troublemakers in the USA,2005,8.9,13
Kananga,2018,8.9,32
Between the Mountain and the Sky,2024,8.9,87
Love is Tolerance,2018,8.9,11
Birakin Çocuk Oynasin,2018,8.9,8
Toren,2018,8.9,41
Pull Up LA,2019,8.9,20
Falsafa,2019,8.9,25
Until They're Gone,2018,8.9,10
"Higgi, Inspiring Voices",2018,8.9,20
Major Capers: The Legend of Team Broadminded,2022,8.9,9
Closing the Gap: Hockey in North Korea,2019,8.9,10
Through the Windows,2019,8.9,14
The Friendliest Town,2019,8.9,25
Sindhustan,2019,8.9,49
My Thesis Film: A Thesis Film by Erik Anderson,2018,8.9,35
Death & Taxes,2024,8.9,42
Don't Talk About the Baby,2018,8.9,10
"Eli, a Dog in Prison",2021,8.9,9
Son Iclas,2018,8.9,48
Aham Brahmasmi,2019,8.9,13
Diaspora,2022,8.9,13
You Can't Polish A Nerd,2018,8.9,16
Milyon Dolarlik Afis,2022,8.9,77
Royal Red,2014,8.9,11
The Perfect Pastrami,1986,8.9,14
Escola das Artes - o Filme,2018,8.9,95
LIGO,2019,8.9,16
Mark Sipka: My Special Family Special,2018,8.9,37
Mata,2022,8.9,251
Porno film: Hana densha,1975,8.9,9
Enakta Leiringei,2017,8.9,13
The Grey Area,2022,8.9,17
Rape of the Soul: Second Edition,2019,8.9,14
Avalakki Pavalakki,2023,8.9,24
Plastic Crack Documentary,2019,8.9,9
A Farewell to the Woman Called My Sister,1957,8.8,7
Frau Irene Besser,1961,8.8,47
Der Verschwender,1964,8.8,20
Ein Frauenarzt klagt an,1964,8.8,42
Gejje Pooje,1969,8.8,67
Always a New Beginning,1974,8.8,20
And When They Shall Ask,1983,8.8,12
Agnisnaan,1985,8.8,24
Portrait of a Life,1988,8.8,54
Johnny Wong: Hewo of the 21st Century,1989,8.8,8
"Charlotte, 'vie ou théâtre?'",1992,8.8,11
Last Images of War,1992,8.8,24
Amazonia: Voices from the Rainforest,1991,8.8,10
The Cure Show,1993,8.8,181
Diamonds in a Vegetable Garden,1993,8.8,10
Saviors of the Forest,1993,8.8,18
A Weekend with Barbara und Ingrid,1992,8.8,21
Aktion K,1994,8.8,9
Narmada: A Valley Rises,1994,8.8,17
Eine Reise in das Innere von Wien,1995,8.8,8
Around the Block,1996,8.8,8
Litar kasih,1996,8.8,9
"Diamond XX, Vol. 71",1993,8.8,9
The Dream Never Dies,1980,8.8,6
Groove Requiem in the Key of Ski,1991,8.8,44
Der keusche Josef,1930,8.8,8
Mãe Genovena,1983,8.8,8
Big Guns,1987,8.8,145
Ann and Josip in the Town of Emperors,1995,8.8,14
"Játssz, Félix, játssz!",1997,8.8,25
Tiffany Lords Straps One On,1994,8.8,7
Chords of Fame,1984,8.8,42
Letter to the Next Generation,1990,8.8,20
American Pictures,1981,8.8,34
The Cure in Orange,1987,8.8,358
Peefeeyatko,1991,8.8,57
The Birth of an Iceberg,1921,8.8,17
Gjeneral gramafoni,1978,8.8,87
A cui e vina?,1965,8.8,5
Love in the City,1997,8.8,13
The Wetonkawa Flash,1999,8.8,21
You Saw Me Up There,1998,8.8,69
The Gypsies of Svinia,1999,8.8,12
29 and Holding,2004,8.8,23
Beloved Invaders: The Ventures,1965,8.8,24
Across This Land with Stompin' Tom Connors,1973,8.8,57
Heerey Manik,1979,8.8,16
Dom n° 8,1989,8.8,25
Keeping the Old Game Alive,1983,8.8,9
Qatuwas: People Gathering Together,1997,8.8,9
Tirich Mir til topps,1952,8.8,7
Madhavacharya,1986,8.8,40
Paduvarahalli Pandavaru,1978,8.8,106
Madhuve Madi Nodu,1965,8.8,14
Naandi,1964,8.8,44
Shri Krishna Garudi,1958,8.8,23
Lakshmi,1978,8.8,9
Backroads,1996,8.8,9
Pierre qui brûle,1991,8.8,37
Vision Man,1997,8.8,16
Sleeping Pills,2003,8.8,28
Mission Hill and the Miracle of Boston,1978,8.8,12
Trumpet #7,1991,8.8,17
Nandanar,1942,8.8,54
Leave No Stone Unturned,1997,8.8,9
Mr Jinnah: The Making of Pakistan,1997,8.8,141
Shesha Shrabana,1976,8.8,34
Emmay Thammanna,1966,8.8,20
Rani Chanamma,1962,8.8,10
Sri Krishna Deva Raya,1970,8.8,174
Girl Gone Bad,2000,8.8,27
Abu Salim in Town,1962,8.8,5
Kiki,1932,8.8,8
Patrioterne,1997,8.8,13
Agni,1989,8.8,112
Ashta Vinayak,1979,8.8,102
Bino Fabule,1988,8.8,8
Devaki Nandan Gopala,1977,8.8,12
The Enduring Enigma of Susanna Moodie,1997,8.8,19
An American History: Resettlement of Japanese Americans in Greater Cleveland,2000,8.8,17
Chandrahasa,1965,8.8,19
Parvathi Kalyanam,1967,8.8,16
Tarpenieto na kamaka,1998,8.8,12
Valmiki,1963,8.8,10
Black Tiger,1989,8.8,87
Intinti Bhagavatham,1988,8.8,61
Kunti Puthrudu,1993,8.8,267
Genbaku Shi: Killed by the Atomic Bomb,1994,8.8,5
Jogidas Khuman,1975,8.8,8
Nagarjuna,1961,8.8,15
Poojaphalam,1964,8.8,10
A Simple Story,1970,8.8,15
Devara Kaadu,1994,8.8,71
Chhatrapati Sambhaji,1924,8.8,20
Bedara Kannappa,1954,8.8,154
Jiruba Tetsu,1950,8.8,28
Sara,2001,8.8,26
Langit petang,1982,8.8,13
Against Reason and by Force,1974,8.8,6
Bidasari,1965,8.8,15
Lela Manja,1960,8.8,19
Unfinished Symphony: Democracy and Dissent,2001,8.8,37
Gandhada Gudi,1973,8.8,455
Lost in Las Vegas,2001,8.8,16
Radium City,1987,8.8,106
Ingrid Jonker: Her Lives and Time ...,2002,8.8,9
Company Jasmine,2001,8.8,79
Bangalore Mail,1968,8.8,36
Salt Without Soup,1990,8.8,23
It's a Riot,2001,8.8,13
Liri a vdekje,1979,8.8,113
Një vonesë e vogël,1983,8.8,23
Araby,1999,8.8,16
Freedom Highway: Songs that Shaped a Century,2001,8.8,35
Jeevan Saathi,2001,8.8,21
The Jolly Man,2001,8.8,11
Mulligan Farm,2001,8.8,12
Janma Bhoomi,1995,8.8,118
Until Morning,2002,8.8,26
Starvation,1989,8.8,29
Juventud en drogas,1996,8.8,11
The Heart of the Mother,1993,8.8,42
Mainly Etc.,2001,8.8,37
19 metra vyatar,1986,8.8,11
The Crisco Kid,1992,8.8,10
Palanka,1975,8.8,33
Anak ng cabron,1988,8.8,36
Ten for Two: The John Sinclair Freedom Rally,1972,8.8,25
Chandrawal,1984,8.8,93
Chinnabaabu,1988,8.8,103
Cruzaron el disco,2005,8.8,7
The Bloody Farm,1953,8.8,8
Baba Ramdev,1963,8.8,23
Uttar Falguni,1963,8.8,68
Thin Air,1999,8.8,10
Les trois vies d'Edouard Chevardnadze,2003,8.8,10
The Cloud of Unknowing,2002,8.8,24
Buamama,1985,8.8,104
Dancing Daughter,1986,8.8,12
Duwag lang ang sumusuko,2001,8.8,9
Nastradin Hodzha i Hitar Petar,1939,8.8,9
Extra: In the Background of a Dream,2001,8.8,19
Two Bottles,2002,8.8,10
Outkast,2001,8.8,9
Masarap na pugad,2002,8.8,18
Sailor in the Wild,1983,8.8,101
Nachaloto na denya,1975,8.8,9
Only in Hollywood,2002,8.8,13
Erotic Stars,2003,8.8,16
Os Vencidos,1963,8.8,7
Old Coaches,2002,8.8,21
Hermaphrodroid,2003,8.8,9
Bhaktha Vijaya,1956,8.8,24
The Walk,2001,8.8,10
Limelight,2003,8.8,13
Stars en stock,1998,8.8,9
Unang karanasan,1985,8.8,10
Pakners,1997,8.8,13
Urk,2003,8.8,9
Last Kiss,1931,8.8,25
La Tropical,2002,8.8,21
El árbol de la horca,2001,8.8,12
Silver Wings & Civil Rights: The Fight to Fly,2004,8.8,20
Nakli Nawab,1962,8.8,36
Hollywood Trash & Tinsel,2004,8.8,18
Devils Are Dreaming,2004,8.8,47
An Unreliable Witness,2004,8.8,18
Andha Insaaf,1993,8.8,16
Sugat sa puri,1998,8.8,39
The Fifteen Minute Show,2003,8.8,14
Words,2004,8.8,8
Sunny Intervals and Showers,2003,8.8,9
Antone's: Home of the Blues,2004,8.8,41
Memories of Rain,2004,8.8,14
Our Summer,2004,8.8,27
Rocky n Rolly: Suntok sabay takbo,1990,8.8,36
Listen to Her Heart: The Life and Music of Laurie Beechman,2003,8.8,11
Sandcastles,2004,8.8,266
Slam Planet,2006,8.8,41
Agaw armas,1986,8.8,46
Behind the Mascot,2004,8.8,53
Wisconsin Born & Bred: The Entertainers,2004,8.8,13
Albert Kahn - Architekt der Moderne,1996,8.8,21
Incredible Suckers,1995,8.8,14
Prize Whores,2002,8.8,12
Home for Life,1967,8.8,21
Visions of the Palio,2004,8.8,31
A Fine State This Is,2003,8.8,16
Sa totoo lang!,1985,8.8,55
Hidden Secret,2003,8.8,35
One Evening,2004,8.8,13
Three Barbecues: A Blackened Comedy,2004,8.8,29
Pieces of a Dream,2005,8.8,114
Paano ba ang magmahal?,1984,8.8,37
Petualangan 100 Jam,2004,8.8,17
Dangerous Affair,2002,8.8,9
Maid in America,2005,8.8,25
Si nos dejan,2005,8.8,17
Running Out of Time in Hollywood,2006,8.8,28
Filmic Achievement,2005,8.8,72
Joe Kid on a Stingray,2005,8.8,84
Touching Down,2005,8.8,19
The Trap,2005,8.8,26
Nas Correntes de Luz da Ria Formosa,1999,8.8,10
Hambre de soja,2004,8.8,11
Jarmark Europa,2004,8.8,14
Danser Perreault,2005,8.8,11
Inlaws & Outlaws,2005,8.8,110
Trout Grass,2005,8.8,36
Hill 16,2005,8.8,111
Dedans le sud de la Louisiane,1974,8.8,13
Torn from the Flag: A Film by Klaudia Kovacs,2007,8.8,117
Escape,2004,8.8,28
Gente mala del norte,2011,8.8,8
Catching the Chameleon,2005,8.8,10
Hearts Cracked Open,2004,8.8,23
Verschwende deine Jugend.doc,2005,8.8,16
Nobody Knows How to Talk to Children,2004,8.8,26
A Lion in the House,2006,8.8,417
Barumbado,1990,8.8,51
Festival,2005,8.8,14
Paid to Play,2005,8.8,13
Life of St. Paul Series,1949,8.8,19
Routes of Exile: A Moroccan Jewish Odyssey,1982,8.8,7
May lamok sa loob ng kulambo,1984,8.8,48
Never Say Die,2004,8.8,10
Phulkumar,2000,8.8,33
Out of the Shadows,2005,8.8,32
Aljuriya,2004,8.8,13
Singularity,2007,8.8,32
The Rise and Fall of Black Velvet Flag,2003,8.8,9
The Uniform Motion of Folly,2006,8.8,23
Human Achievement,2006,8.8,19
America's Lost Landscape: The Tallgrass Prairie,2005,8.8,36
Hang Up Your Brightest Colours: The Life and Death of Michael Collins,1973,8.8,45
Martha in Lattimore,2005,8.8,8
Reminiscing in Tempo,2006,8.8,10
The Cucumber Incident,2003,8.8,15
Byc kwiatem,2006,8.8,7
Rowdy Mogudu,1993,8.8,197
Almost Beautiful,2007,8.8,33
The Guestworker,2006,8.8,12
Store,2006,8.8,28
My American Girls: A Dominican Story,2001,8.8,27
White Platoon,2006,8.8,24
Living with Lew,2007,8.8,20
Goal Keepers,2006,8.8,20
Art in the Face of War,2006,8.8,34
Jukebox: From Edison to Ipod,2007,8.8,25
Colored Frames,2007,8.8,13
Compañeras,2007,8.8,24
Salud,2006,8.8,36
Bluegrass Country Soul,1972,8.8,25
Jay's Longhorn,2019,8.8,23
Generation Wrecks,2021,8.8,145
Pastor's Wife,2022,8.8,8
Hitokara,2018,8.8,7
My Heart Remembers,2025,8.8,30
Hantya Garhwali Film,2005,8.8,15
Suicide by Cop,2024,8.8,54
Suatu Malam Kubur Berasap 2,2014,8.8,10
ONE - The Documentary,2020,8.8,11
Heaven Stood Still: The Incarnations of Willy DeVille,2022,8.8,52
Nesr El Bareya,2014,8.8,14
Holding It In,2020,8.8,7
The Law of Destiny,2021,8.8,36
Blank Papers - Encounters with Indian Youngsters,2007,8.8,17
Zero!,2015,8.8,12
Changes,2007,8.8,9
Dare Not Walk Alone,2006,8.8,118
Vyavastha,2020,8.8,18
Year at Danger,2007,8.8,29
Rijeke - Zeleni krvotok Hrvatske,2019,8.8,31
The Good Fight,2007,8.8,19
Rush: Cinema Strangiato 2019,2019,8.8,148
Perception,2009,8.8,27
The Lamp of Truth,2020,8.8,35
North Central,2022,8.8,15
Frauenbauer - Schweizer Bäuerinnen im 21. Jahrhundert,2007,8.8,6
Hurghada,2005,8.8,30
Nazi Law: Legally Blind,2016,8.8,8
Darah Satria,1983,8.8,9
Girl of the Moon,2018,8.8,17
Cachopo,2019,8.8,14
"Skate, my life",2019,8.8,10
Wheel of Misfortune,2007,8.8,11
Lapsus,2007,8.8,12
Dhamak,2014,8.8,9
Prica o Miki mravu,2019,8.8,10
An Unlikely Fandom: The Impact of Thomas the Tank Engine,2023,8.8,31
I Love Lucy: A Colorized Celebration,2019,8.8,35
Liverpool Football Club vs Fútbol Club Barcelona,2019,8.8,10
Grrrb,2019,8.8,26
Tupaia's Endeavour,2020,8.8,14
Last Chance: The Moment I Finally Embraced the Futility of Existence,2019,8.8,13
Sipahi,2017,8.8,10
Kusasa,2020,8.8,8
Notícias do fim do mundo,2019,8.8,11
Bryn Gets a Life,2021,8.8,21
Servitude,2019,8.8,8
Paakaati Po,2020,8.8,60
Babubhai Sentimental,2019,8.8,20
First Time in My Life Trans State Heavy Iki Cumed Sex 39 Mari Ai Sound,2017,8.8,14
Damayana,2023,8.8,293
The Castle of the Olive Tree,2019,8.8,15
Superhombre,2019,8.8,45
Take His Legs,2019,8.8,8
Siddhi Seere,2019,8.8,25
Gitmek,2019,8.8,6
Octavas,2019,8.8,12
Sept Anges,2020,8.8,6
The Godmachine,2007,8.8,7
El Susto,2019,8.8,45
Joker: Society,2019,8.8,7
Soldier's Kiss: A PTSD Documentary,2019,8.8,9
Fandango at the Wall,2020,8.8,115
Si Roy,1989,8.8,7
Fazeeta,2019,8.8,20
De Slag om Leuven,2019,8.8,16
Bobby Mortal,2022,8.8,14
Immigration: Amiens,1984,8.8,8
À contre-nuit,1984,8.8,9
Paris pour la paix,1986,8.8,8
Autochrome,2008,8.8,11
Tobacco Girls,2006,8.8,10
Jessica's Tree,2019,8.8,19
Daksineshwar - Legends of Kali,2019,8.8,10
American Gospel: Christ Crucified,2019,8.8,373
Genesis of the Ashantis,2020,8.8,15
Breaking Ice,2020,8.8,14
Attitude,2016,8.8,11
Veshadhari,2020,8.8,277
Master,2019,8.8,12
The Mystery of the Black Book,2019,8.8,8
Hocked,2020,8.8,10
The Girl in the Feather Jacket,2025,8.8,10
The Battle of Broken Hill,1981,8.8,13
Revolution Under 5 Minutes,2012,8.8,9
Women in the Front Seat,2023,8.8,29
Pilluarneq Ersigiunnaarpara,2019,8.8,6
Ever Slow Green,2020,8.8,27
Why Dinosaurs?,2024,8.8,76
The Only Image of My Father,2004,8.8,12
Jerk-Off Fantasia,1979,8.8,8
Writ Writer,2008,8.8,26
Mayangaathey,2016,8.8,12
The Wages of Spin,2008,8.8,11
Tranças,2019,8.8,5
Fritz Pollard: A Forgotten Man,2020,8.8,10
Chet Is Back: Chet Baker in Italia,2020,8.8,6
"In Your Eyes, I See My Country",2019,8.8,18
Bear - Koala Hero,2020,8.8,20
Karsu: I hide a secret,2012,8.8,15
Gokusen Special 2,2005,8.8,38
Archbishop Lefebvre: A Documentary,2013,8.8,15
Super Mario Bros. Z 4K,2020,8.8,40
Am Rande der Zeiten,2020,8.8,9
Wednesday in Space,2021,8.8,15
Manis-Manis Sayang,1983,8.8,7
America's Last Little Italy: The Hill,2020,8.8,77
Spiros and the Circle of Death,2020,8.8,25
Nfd,2020,8.8,27
The Sugarcubes: Live Zabor,1989,8.8,18
Navy,2021,8.8,34
Samira's dream (Ndoto Ya Samira),2021,8.8,38
Adrift Under Light,2020,8.8,20
A Glorious Way to Die,1994,8.8,9
At War with the Dinosaurs,2020,8.8,15
Under One Sun,2009,8.8,18
Kalla: Hidup Atau Mati,2018,8.8,8
Drama Kings,2009,8.8,38
Triangle Park,2023,8.8,27
Lost in the Fog,2008,8.8,19
Kreuzfahrt in der Flussoase,2004,8.8,10
Bub (Father),2001,8.8,24
Open Field,2020,8.8,8
Tu Mo Love Story 2,2019,8.8,61
Sattham,2019,8.8,23
Todo Poderoso: O Filme - 100 Anos de Timão,2010,8.8,15
The End of Blindness,2021,8.8,21
The N.E.W. AGEncy,2022,8.8,11
Article 21,2023,8.8,450
Alpine Zoos and You,2020,8.8,15
Sadaa Nee Premalo,2022,8.8,19
Truly Blessed,2009,8.8,38
The Letter,2021,8.8,7
Fireflies-Jonaki Porua,2019,8.8,28
Relapse,2008,8.8,34
Annabel Lee,2009,8.8,65
John Williams: Live in Vienna,2020,8.8,156
Kanneri,2022,8.8,300
Detroit Connection Pt. 3: Last Man Standing (Demetrius Holloway),2010,8.8,12
Ayotzinapa 26,2016,8.8,10
Che saccio,2008,8.8,7
Jivan Aakhyan,2021,8.8,77
42nd Street,1986,8.8,19
Kek - The Movie,2021,8.8,31
4 Kids Walk Into a Bank,2026,8.8,13
Fu rong xian zi,1957,8.8,8
Linkin Park: Conspiracy Theory,2004,8.8,22
So Right So Smart,2009,8.8,25
The Three Yossi,2020,8.8,8
The Sacrifice Zone,2020,8.8,8
La Leyenda de un Triunfo - Hanna Gabriels,2019,8.8,7
Privacidade Invadida,2020,8.8,11
Fatwa,2022,8.8,43
Changes,2020,8.8,7
116 Muscles,2009,8.8,14
Children of War,2009,8.8,39
The Muslims I Know,2008,8.8,19
The Parts Left Over,2009,8.8,17
The Likes of Us,2009,8.8,19
Nobody Here,2023,8.8,18
Gabriel Byrne: Stories from Home,2008,8.8,29
Silent Shame,2009,8.8,20
Searching for Johnny,2009,8.8,14
No Brainer,2008,8.8,28
Discover Your Path Tour,2020,8.8,10
The Green Wave,2020,8.8,32
Mow Crew,2009,8.8,11
Mardik: Baghdad to Hollywood,2008,8.8,21
Changing a Mind,2008,8.8,9
Lost Causes,2008,8.8,11
The Shot Felt 'Round the World,2010,8.8,37
Kujira,2008,8.8,16
Rivers of a Lost Coast,2009,8.8,15
The Path of the Horse,2008,8.8,18
Nobodies,2008,8.8,8
Route 4,2021,8.8,32
Down by the River Thames,2020,8.8,19
La Danubio,2020,8.8,21
Per Aspera,2020,8.8,14
The Three Dumas,2007,8.8,13
Salzburg. Eine Kunstgeschichte.,2021,8.8,9
Quarry,1978,8.8,8
Dear Karachi,2020,8.8,68
Michael's Fright: The Strange True Story of the Peanut Butter Solution,2020,8.8,6
Edge City: The Story of the Merry Pranksters,2008,8.8,8
Baeder: Pleasant Journeys and Good Eats Along the Way,2009,8.8,13
Sipayi Ramu,1971,8.8,44
Horsegirls,2025,8.8,37
Bhale Huchcha,1972,8.8,36
Mooruvare Vajragalu,1973,8.8,30
Uk'anask'nelni,2006,8.8,5
"Osario Norte, los últimos días de San Valentín",2023,8.8,5
Hami Aldiyar (The Documentary),2018,8.8,10
Before I Die,2021,8.8,13
War Dogs of the Pacific,2009,8.8,30
Heidewitzka - Das Große Kleine Festival,2021,8.8,29
Veetuku Oru Kannagi,1984,8.8,11
Sally!,2024,8.8,63
The Storybook of Mr. Rooster,2022,8.8,8
Thayi Devaru,1971,8.8,23
From Olympus to Everest,2009,8.8,57
Devara Duddu,1976,8.8,24
Leaving Home: The Life and Music of Indian Ocean,2008,8.8,109
Bhagyavantharu,1977,8.8,97
A Date with Fear,2011,8.8,41
Nowhere Man,2008,8.8,9
Kaivara Mahatme,1961,8.8,14
Soy Cubana,2021,8.8,7
Guilt,2022,8.8,10
Whispering Embers,2005,8.8,17
Korado 10201,2021,8.8,7
The Basket Case,2006,8.8,18
Every Man for Himself,2023,8.8,53
All We Had,2009,8.8,8
Nimmuru,2021,8.8,90
Hasiru Thorana,1970,8.8,20
Sarvamangala,1968,8.8,14
Sati Savitri,1965,8.8,22
Huliya Halina Mevu,1979,8.8,86
Galaksija - racunar koji je odbio da umre!,2021,8.8,23
My Yang Gang Diary,2021,8.8,27
Geographies of Kinship,2019,8.8,17
Purushottam,1992,8.8,15
Last Supper No. 3,2009,8.8,17
Summoned: Frances Perkins and the General Welfare,2019,8.8,16
Coffee Shop Kings,2008,8.8,13
U2 The Miracle (The Extended Cut) Fan Film,2020,8.8,17
Pueblo Chico Invierno Grande,2021,8.8,17
Pipe,2011,8.8,15
Maavuri Devatha,1979,8.8,29
Kallarali Hoovagi,2006,8.8,19
Poley Poley Urey Mon,2011,8.8,9
Outrunners,2023,8.8,10
Uparwala & Sons,2024,8.8,324
Prema Rutu Aslilare,2006,8.8,20
Too Much Democracy,2022,8.8,93
Kisalay,2021,8.8,34
A Bridge Too Long,2009,8.8,11
Lohi Ni Sagai,2017,8.8,17
The Addict's Wake,2021,8.8,8
Yusuf,2021,8.8,60
We Enjoy Yourself,2009,8.8,20
Mantralaya Mahatme,1966,8.8,30
James Polk,2009,8.8,11
Runrig: There Must Be a Place,2021,8.8,30
Abyss,2021,8.8,15
Slipknot - Rock in Rio 2011,2011,8.8,7
30 Days to Vegas,2009,8.8,13
Jamie and Eddie: Souls of Strife,2007,8.8,19
In the City,2009,8.8,17
The Duke,2022,8.8,115
Throttle Trauma 2: Street Kings.,2008,8.8,31
The Contact Enigma,2021,8.8,28
One of Ours,2021,8.8,66
Funeral Arrangements,2009,8.8,25
A-Go-Go '67,1967,8.8,7
The Road Less Cycled,2020,8.8,15
The Messenger: 360 Days of Bolivar,2009,8.8,72
Nizhalai Varumo,2021,8.8,126
Nishabdha,1998,8.8,36
The Set Up,2021,8.8,7
Five Years Later,2010,8.8,12
Jane's Paradise,2009,8.8,229
A Drop of the Pure,2009,8.8,19
Thy Will Be Done,2009,8.8,22
The Silence,2020,8.8,10
Delhi Riots... A tale of burn & blame,2020,8.8,47
Out of Annapolis,2010,8.8,11
Maindhan,2014,8.8,9
Story of a Luthier,2009,8.8,16
Wash My Soul in the River's Flow,2021,8.8,60
They Call It Acid,2009,8.8,20
Architects of Thought,2008,8.8,16
Swing con son,2009,8.8,21
Swooped from Nothing,2010,8.8,25
In Focus,2010,8.8,11
The Silent Shadows,2018,8.8,114
Pranadata,1991,8.8,22
La dérive douce d'un enfant de Petit-Goâve,2009,8.8,9
Velukkakka Oppu Kaa,2021,8.8,87
Emidoinã,2020,8.8,13
The Art of Grieving,2022,8.8,56
How to Say Silence,2021,8.8,11
Tribute This!,2008,8.8,29
Being Bucky,2009,8.8,21
"Fedayin, le combat de Georges Abdallah",2020,8.8,19
Fokofpolisiekar: Forgive Them for They Know Not What They Do,2009,8.8,53
Resilience,2009,8.8,12
Flying Boat,2023,8.8,311
The Legend of Sofa Kingdom,2011,8.8,10
Witness Underground,2021,8.8,61
Battle of Wills,2008,8.8,8
Dirty Martini and the New Burlesque,2010,8.8,12
Fighting Indians,2021,8.8,14
Ukraïner. The Movie,2019,8.8,26
The Iridescent,2021,8.8,9
My Frequency,2021,8.8,7
Love Yourself Today,2021,8.8,57
Action! Action!,2025,8.8,45
Chapadmalal,2009,8.8,9
Naviganti,2021,8.8,5
Das Auge 3D,2009,8.8,13
For the Sake of the Song: The Story of Anderson Fair,2009,8.8,30
For Once in My Life,2010,8.8,73
Falsos positivos,2009,8.8,19
Kadathal,2023,8.8,24
Bakhtiari Alphabet,2009,8.8,8
Occupation or Liberation,2021,8.8,60
Umberto B.,2019,8.8,5
Sand Castle Tapes,2021,8.8,22
King B.'s Hate... Love,2021,8.8,16
Os Magnificos,2010,8.8,6
Three Strangers,2021,8.8,6
The Tibetans. A Life in Exile,2007,8.8,11
Naanera,2022,8.8,25
Beautiful Idiots: The Documentary,2021,8.8,6
This is How We Roll,2021,8.8,63
I Like It Here,2022,8.8,31
Ultrapop: Live at the Masonic Temple,2021,8.8,15
Interview with the Hitman,2019,8.8,7
The Safest Place in the World,2021,8.8,7
Stalemate,2011,8.8,15
Dresdner Interregnum 1991,2009,8.8,8
Ends of the Earth,2021,8.8,23
Living with Baami,2021,8.8,7
From Place to Place,2011,8.8,10
Billy Preston: That's the Way God Planned It,2024,8.8,76
Time and motion 2,2021,8.8,30
Wrestlemaniac,2002,8.8,53
One-Eyed Doll: A Rockumentary,2010,8.8,14
Botso,2014,8.8,41
The 2021 World Series,2021,8.8,12
Beirut Blast: The Story of Warehouse 12,2021,8.8,10
Sonthavooru,2009,8.8,52
The Ride,2010,8.8,17
Healing Neen,2010,8.8,27
Maelstrom,2021,8.8,9
Agent Big Bones: Who Killed Jason Bones?,2021,8.8,11
Geometry Box,2022,8.8,33
Matir Pahar,1959,8.8,7
Shards of Glass,2009,8.8,30
The Secret Life of Mushrooms,2010,8.8,9
Black as U R,2022,8.8,29
KNK: Santa Claus Dari Jakarta?,2021,8.8,8
"Romeo, Giulietta e Omicidi",2017,8.8,6
In God's Hands,2021,8.8,11
Retourne-toi,2009,8.8,7
Mastaani,2024,8.8,31
Barbarossa: The Lost Diaries,2021,8.8,10
Tabac Rouge,2013,8.8,7
Scala,2018,8.8,9
La Venganza De Una Viuda,2021,8.8,21
Master Qi and the Monkey King,2010,8.8,20
The Toll,2010,8.8,15
Broken Idyll,2010,8.8,27
Indera Bangsawan,1961,8.8,10
Puteri gunung banang,1959,8.8,7
Contact,2022,8.8,11
Manavoori Pandavulu,2021,8.8,30
A Not So Still Life,2010,8.8,11
Flowstate: The FPV Drone Documentary,2021,8.8,93
Chillatta,2021,8.8,18
I Breathe,2010,8.8,17
"Pistoleros: Death, Drugs and Rock N' Roll",2022,8.8,13
Jungle Juice,2022,8.8,32
"Kisses, Chloe",2010,8.8,25
Fatsy,2007,8.8,14
Stace Milone Cepelky,2021,8.8,7
The Evolution of Stem Cell Research,2014,8.8,10
Portrait of Resistance,2011,8.8,7
Faas,2022,8.8,40
Napozz Holddal - A Kispálfilm,2010,8.8,120
Pleasant People,2011,8.8,24
East of Byzantium: War Gods and Warrior Saints,2016,8.8,30
JoJo Baby,2010,8.8,19
Only a Number,2010,8.8,13
Ilu Ilu,2025,8.8,19
The Forest Is Red,2012,8.8,27
Neon Sky,2013,8.8,15
Lost Bohemia,2010,8.8,54
Bazaar of All Nations,2010,8.8,16
Destiny's Calling,2011,8.8,34
The Wizard of Agni,2010,8.8,14
Bots High,2010,8.8,40
Circus Dreams,2011,8.8,30
Marco Polo's Silk Road,2006,8.8,9
Wimbledon Official Film 2008,2008,8.8,19
Fifty Times Rock,2023,8.8,15
Still Around,2011,8.8,25
Ashoka the Hero,2011,8.8,33
Manguebit,2021,8.8,18
More Than a Game: Barcelona vs Real Madrid,2008,8.8,32
The Second Times of Troubles,2011,8.8,10
The Black Dahlia Murder: Majesty,2009,8.8,51
Casual Criminals,2022,8.8,44
Life Before Death,2012,8.8,29
Yukon Journal,1986,8.8,10
Back to Space-Con,2011,8.8,9
Suburban Zero,2011,8.8,14
Finding Hope Home,2022,8.8,39
Deconstructivist Architects,1990,8.8,12
COD Cash on Delivery 2021,2021,8.8,23
Izm,2022,8.8,8
"Big games, in search of three treasures",2021,8.8,11
Being Azem,2010,8.8,12
Voev,2022,8.8,53
Political Dress,2011,8.8,36
Waiting on the World...,2022,8.8,23
State of the Unity,2022,8.8,62
T,2023,8.8,56
Kapala,2022,8.8,78
Young Birds Fly,2007,8.8,17
Family Express Bengali Movie,2022,8.8,26
Comandante Max,2011,8.8,12
Smile Hearts,2022,8.8,18
Legionario,2025,8.8,6
Birami Sahar (Sick City),2011,8.8,103
Brown Babies: The Mischlingskinder Story,2010,8.8,9
Choctaw Code Talkers,2010,8.8,16
Ashiya no Kyushoku,2022,8.8,7
No Leaf Clover,2010,8.8,11
Quota - The Reservation,2022,8.8,213
Festa Jã da Mula Sem Cabeça,2011,8.8,13
Solgun Agaçlar Altinda,2022,8.8,74
Territory,2014,8.8,22
Cockazoid,2021,8.8,8
Legends of Ingushetia,2010,8.8,16
Kino moje malo,2010,8.8,38
Max Ernst Hanging,2009,8.8,10
The Bladed Hand: The Global Impact of the Filipino Martial Arts,2012,8.8,23
On the Line,2011,8.8,28
Other People's Lives,2011,8.8,17
Blue Jeans and Short Skirts (Blu jeans e Gonne Corte),2009,8.8,10
Madama Butterfly,2010,8.8,11
A Hand Full of Dirt,2010,8.8,9
The Legendary 1979 No Nukes Concerts - Springsteen E Street Band,2021,8.8,104
The Dream Whisperer,2022,8.8,24
La Piñata de Marcel,2024,8.8,14
The Sinking of Baron Gautsch,2011,8.8,6
"The Folk Singer: A Tale of Men, Music & America",2008,8.8,17
Mystery Babylon,2011,8.8,21
Il cacciatore del cielo,2011,8.8,14
Vacation Hunter,2013,8.8,22
GOW - Ghost of Wuhan,2022,8.8,25
SI-BO,2025,8.8,7
Vajood,2023,8.8,12
Awaken the Dragon,2011,8.8,23
17 Letters,2021,8.8,9
Wild Hungary - A Water Wonderland,2011,8.8,436
"Yang Patah Tumbuh, Yang Hilang Berganti",2022,8.8,60
Bitcoin Baby,2023,8.8,17
Da First,2022,8.8,13
Ever Last,2012,8.8,24
Thuruthu,2023,8.8,21
Asha,2022,8.8,15
Sun Kissed,2012,8.8,11
Kumari,1977,8.8,13
Alex: A Life Fast Forward,2011,8.8,34
Chai - a bond undefined,"",8.8,20
Quando Pedro volava,2011,8.8,8
The World of Shura,2022,8.8,12
Mu Premi Mu Pagala,2011,8.8,18
Confessions of a Self-Hating Jew,2012,8.8,12
Love and Politics,2011,8.8,17
Sex+Money: A National Search for Human Worth,2011,8.8,32
Time Spent with Cats Is Never Wasted,2021,8.8,6
Haemolymph,2022,8.8,200
Tick Tock Boom Clap,2011,8.8,81
93:20 - The Ultimate Premier League Finale,2022,8.8,14
L'aviatore,2011,8.8,9
Rupayi,2023,8.8,27
Pushed: Four Guys Inspired by a Wooden Toy,2011,8.8,12
Protocol,2011,8.8,15
Nordwärts,2011,8.8,8
My Name Is Melissa,2024,8.8,7
Lady Trillion,2022,8.8,60
Redemption Boys,2012,8.8,19
Billi & Theodore,2012,8.8,77
My Favorite Movie,2015,8.8,16
I Send You This Place,2012,8.8,63
Ole War Skule: The Story of Saturday Night,2011,8.8,11
The Red Herring,2022,8.8,5
The Last Shamans,2007,8.8,33
[S]comparse,2011,8.8,21
Pinjre Ki Titliyaan,2023,8.8,22
Sleeping Giant,2023,8.8,6
Anathema Arienette,2015,8.8,11
Nuclear Savage: The Islands of Secret Project 4.1,2011,8.8,37
Sarathi,2022,8.8,38
Seeds of Greenwood,2022,8.8,7
Grey Dust,2018,8.8,13
André Rieu's 2022 Maastricht Concert: Happy Days Are Here Again!,2022,8.8,15
Breaking la Vida,2022,8.8,60
American Actor,2011,8.8,14
Aye Bujji Neeku Nene,2022,8.8,9
Someday,2023,8.8,10
Foreign Sarakku,2022,8.8,39
Dye Hard,2022,8.8,12
Viktigere enn fotball,2005,8.8,19
RiffTrax: Mikey,2022,8.8,27
L'Infame e suo fratello,2008,8.8,10
Born on the 25th of January,2011,8.8,60
Hollywood Hair,2012,8.8,35
Ginhawa,2022,8.8,17
"So Long, See You Tomorrow",2021,8.8,80
Nadhi,2022,8.8,76
Rijali,2020,8.8,8
Aamhi Butterfly,2022,8.8,31
One More Time,2022,8.8,11
The Key of Baku,2022,8.8,27
Soltis 30,2011,8.8,7
Alter Bridge: Live at Wembley,2012,8.8,65
Boura Hatabaksa,2022,8.8,18
People in Motion,2012,8.8,70
Selling Murder: The Killing Films of the Third Reich,1991,8.8,26
La Toma,2022,8.8,5
Dahleez,2022,8.8,22
Cortos Interruptus,2011,8.8,58
Fictionality,2012,8.8,32
Tonaru hito,2012,8.8,8
Hero of the Day,2012,8.8,44
Earth First! The Politics of Radical Environmentalism,1987,8.8,17
How to Make F**ked Up Movies,2022,8.8,15
19.20.21,2023,8.8,115
The Backward Class,2014,8.8,46
There's Something About McConkey,2000,8.8,22
756,2008,8.8,10
Blueprint: Making of Mencuri Raden Saleh,2022,8.8,15
Le strade di San Faustino,2012,8.8,13
Skroz Sarajevo,2022,8.8,19
Kinnick: The Documentary,2022,8.8,18
Older Every Day,2025,8.8,44
Exclusion U,2023,8.8,8
Kazi,2023,8.8,76
Welcome to Doe Bay,2012,8.8,19
So'nggi lahza,2009,8.8,27
Mogar - A Louis Finley Documentary,2021,8.8,11
At Fest,2013,8.8,11
The Vet: Surgically Degraded,2012,8.8,12
Why Do Men Cheat? The Movie,2023,8.8,30
A Star Without a Star: The Untold Juanita Moore Story,2022,8.8,20
For Serious,2014,8.8,14
Niascharian: Sã renastem,2014,8.8,13
This Binary Universe,2012,8.8,13
Breaking Up with Rosie,2013,8.8,21
Mississippi I Am,2012,8.8,18
The Damned: Night of a Thousand Vampires,2022,8.8,13
San Juan: Beyond the Walls,2022,8.8,27
Tratantes de blancas III,2017,8.8,10
The Artist & the Astronaut,2022,8.8,10
Who owns da City?,2011,8.8,15
In Da Cut,2013,8.8,17
The Wall Street Conspiracy,2012,8.8,89
Cold Storage,2009,8.8,8
8 Islands,2024,8.8,33
Saving Rhino Phila,2012,8.8,12
My Louisiana Love,2012,8.8,16
The First Padres,2012,8.8,8
Young Citizen Patriots: Young Kid Ambassadors,2013,8.8,50
Blood Relative,2012,8.8,56
Goldmine,2026,8.8,39
Dancing Salmon Home,2012,8.8,10
Hardinero,2012,8.8,26
Raja Jhia Sathe Heigala Bhaba,2012,8.8,20
Bad Tara,2012,8.8,15
Arise,2012,8.8,20
Lives Interrupted: The Takuma Ito and Go Matsuura Story,2019,8.8,9
Arctic Monkeys Live at Kings Theatre,2022,8.8,20
Street Dreams,2012,8.8,22
Machera El Robin Ju de Mérida,2008,8.8,8
Gabhroo Punjab Da,1986,8.8,8
Zhuchok,2015,8.8,9
Animal House of Blues: How a Community Helped Create a Hollywood Blockbuster or Two,2012,8.8,26
Rescue Team,2011,8.8,108
Misled,2015,8.8,57
Bat Romance,2012,8.8,66
Crazed Intent,2026,8.8,55
Si Tanggang,1961,8.8,16
1+1=100 oder Die Schule des Lebens,2012,8.8,6
Biffy Clyro: Revolutions Live at Wembley,2011,8.8,29
The Battle for Malta,2013,8.8,22
Richard Thompson: Live at Celtic Connection,2012,8.8,24
In His Own Words: XXXTENTACION,2022,8.8,66
Jaaiye Aap Kahan Jaayenge,2024,8.8,67
Lakka Jawan,2022,8.8,67
The Miracle Man,2014,8.8,23
Waves,2012,8.8,14
The Easy Kind,2024,8.8,22
Ovalley,2022,8.8,170
Brasov: Probably the Best City in the World,2012,8.8,11
Hey Lover,2022,8.8,10
Zanna: Whisper of Volcano Isle,2025,8.8,81
Aazhi,2026,8.8,387
Historia de héroes,2016,8.8,12
Jack the Bitterroot Beagle: The Golden Bone,2008,8.8,9
Villainy for the Lonely,2012,8.8,30
Fratton,2014,8.8,12
Fixion,2022,8.8,22
Chi Town Thunderfist,2023,8.8,12
Spectre: Genesis,2023,8.8,11
Freiräumen,2012,8.8,7
O Pioneer,2023,8.8,24
Broke(n),2022,8.8,13
Inspired the 30 Second Song Movie,2023,8.8,13
Sweet Enchantment,2021,8.8,6
Walking Against the Wind,2013,8.8,9
The Hobby Stop,2012,8.8,8
The Housing Bubble,2018,8.8,68
"Eating, Talking, Faucking",2013,8.8,77
The Lawful Truth,2014,8.8,21
Atchugarry Monumental,2022,8.8,7
A Film About Kids and Music. Sant Andreu Jazz Band,2012,8.8,45
Zha,2024,8.8,21
U2 Brothr,2014,8.8,20
Always Learning,2013,8.8,16
Pero,2023,8.8,23
Mumbai Shooters,2012,8.8,10
Silenced: Georgi Markov and the Umbrella Murder,2012,8.8,30
Los Lunes a las 9,2022,8.8,9
Hapdi,1986,8.8,23
Before the Sun,2023,8.8,30
Kinomaniya,2004,8.8,8
The Catch,2013,8.8,12
The Hidden Side of the Things,2015,8.8,14
Managers of Luck,2022,8.8,16
Choke on That,2012,8.8,13
W.A.K.A,2014,8.8,29
The Scene: An Exploration of Music in Toronto,2013,8.8,34
Anagram,2008,8.8,7
Nalapani,2022,8.8,32
Cervejas no Escuro,2023,8.8,6
Tobias and the Arcane Merchant,2024,8.8,61
Bitterzoet LIVE,2023,8.8,7
The Perfect 10,2023,8.8,18
Venizelos: The Struggle for Asia Minor,2022,8.8,13
The Best of Us,2024,8.8,14
Flotsam Jetsam,2018,8.8,9
From This Small Place,2023,8.8,6
tOuch Kink,2023,8.8,22
Rising Kings: The Majestic Journey of Jay and Veeru,2022,8.8,14
Kaipola,2023,8.8,126
Sakhi,2023,8.8,24
An Inappropriate Affect,2015,8.8,16
Milano: The Inside Story of Italian Fashion,2023,8.8,13
30 Days No Sleep,2022,8.8,18
Cinta Luar Biasa,2004,8.8,13
Facing Cancer,2013,8.8,8
Raghuveer,2024,8.8,70
QUARANTINED: COVID-19 Through an African American Lens,2023,8.8,12
A Stellar Adventure,2023,8.8,354
And They Call It Puppy Love,2013,8.8,15
Villa Greta,2012,8.8,10
Fists Spearhead,2021,8.8,55
The Colorado Problem: A River in the Red,2022,8.8,11
L'ultimo esploratore - Vita e avventure del barone Franchetti,2013,8.8,14
The Last Teardrop,2023,8.8,8
Club King,2015,8.8,28
Forglemmegei,2023,8.8,7
Practically Married,2025,8.8,86
Lutera,2019,8.8,26
Sakuchi,2023,8.8,24
It Becomes Her,2023,8.8,30
Bogus Phone Operators,2024,8.8,6
36 Seconds: Portrait of a Hate Crime,2023,8.8,22
Dead Camping the Live,2022,8.8,46
El Gringo,2023,8.8,65
Accidental Muse,2017,8.8,8
Singularity: A Second Chance,2023,8.8,6
A Hot Summer Night,2023,8.8,43
Time Bleeds,2013,8.8,23
Mushaira,2023,8.8,22
Bad Haircut,2025,8.8,85
Revealed: Reefshot,2023,8.8,7
"Frances Hodgkins, Anything but a Still Life",2023,8.8,8
"Rust to Glory, Driving and Surviving the Budapest-Bamako Rally",2024,8.8,49
Tom and Jerry Classic Collection Volume 6,1967,8.8,116
Yaan Superstar,2023,8.8,31
Unearthed,2014,8.8,22
In Trousers,1979,8.8,7
"Hope: A Future Beyond Rape, Murder and War Crimes",2025,8.8,10
Extraordinary Common People,2023,8.8,6
T.A.S.,2023,8.8,7
The Heretics of London: The Smithfield Martyrs,2022,8.8,11
Midnight in Robin Falls,2023,8.8,7
Dali: Love at First Sight,2011,8.8,12
Touch of the Devil,2013,8.8,7
Hombre de negro,2011,8.8,19
Aaromalinte Adyathe Pranayam,2023,8.8,68
Philipp Mickenbecker: Real Life,2023,8.8,225
Still Dreaming,2014,8.8,29
Of All the Gin Joints,2023,8.8,11
Bounce: How the Ball Taught the World to Play,2015,8.8,50
Mankhurd,2023,8.8,44
Dear Dolphin,2013,8.8,104
The Blind Soldiers,2023,8.8,34
Pepe Gorras o la extraña historia de un perro sin cabeza,2023,8.8,12
Varevva jathagaallu,2023,8.8,25
Short and Sweet,2023,8.8,44
My Name's Ben Folds: I Play Piano,2023,8.8,25
Once Is Enough,2013,8.8,23
EGILI - rainha retinta no carnaval,2023,8.8,7
Under Streetlights,2024,8.8,20
La Palmira: Ul film,2013,8.8,18
Justice Denied,2019,8.8,15
Lookuut uonna Nurguhun,2023,8.8,7
Bogdanas Longs to Stay,2023,8.8,6
Brief Tender Light,2023,8.8,45
Her Name Is Nanny Nellie,2023,8.8,9
A boy who dreamt of electricity,2024,8.8,18
Nirvana,2023,8.8,8
Washed,2014,8.8,18
You Broke the News,2023,8.8,37
Dog by Dog,2015,8.8,71
"Jekyll Island, the Truth Behind the Federal Reserve",2013,8.8,60
A Poem for Little People,2023,8.8,16
Unbroken stars,2023,8.8,9
Mumble: Fate of A Lost Icon,2024,8.8,25
Cirque du Soleil: Crystal,2017,8.8,6
Vasanthakalada Hoogalu,2023,8.8,36
The Wind Sentries,2023,8.8,6
Ván bài lat ngua: Tap 1 - Dua con nuoi vi giám muc,1982,8.8,27
The Children Behind Zalaga,2023,8.8,16
Heroine Legends: Transition to Darkness,2013,8.8,9
My SHINee World,2023,8.8,39
Mu Eka Tumara,2013,8.8,24
Vyzhivshaya,2023,8.8,14
Indelebile,2024,8.8,11
Through These Gates,2013,8.8,37
Romeo Santos King Stays King Sold Out at Madison Square Garden,2012,8.8,21
Yesuf Ababa,2022,8.8,7
Amy and Sophia,2017,8.8,33
Krleza,2011,8.8,19
"Manuel Ugarte, el destino de un continente",2023,8.8,13
A Larger Life,2015,8.8,33
Waning Poetic,2024,8.8,13
The Man Without a Lifeline,2023,8.8,62
Metallica Saved My Life,2025,8.8,44
Rucava - Riga - Rome,2023,8.8,9
Preexisting Conditions,2015,8.8,89
Code the Road,2024,8.8,7
Fracking the System: Colorado's Oil and Gas Wars,2024,8.8,15
Clawface,2024,8.8,17
Harry Potter und der Plastikpokal,2008,8.8,59
Notes of a Gaijin,2023,8.8,5
Jimin's Production Diary,2023,8.8,305
Gila-Gila Remaja 2,2013,8.8,36
UK Ugly Man,2024,8.8,23
We Can Be Heroes,2024,8.8,36
The Death Tour,2024,8.8,39
Non solo barzellette,2023,8.8,30
Sheen of Gold,2013,8.8,14
Vlog#13,2025,8.8,18
Sawyer Brown: Get Me to the Stage on Time,2023,8.8,10
One Girl,2018,8.8,18
Standout: The Ben Kjar Story,2025,8.8,130
The Hilltop Barbershop,2014,8.8,10
Alchemy Pathway to Profound Powers,2024,8.8,6
Walking Shadows,2002,8.8,14
Alexander: The Great Pharaoh,2024,8.8,7
Epidemic of Fraud,2024,8.8,22
Under a Piaya Moon,2024,8.8,14
Veil of Tears,2014,8.8,74
Gaza Is Our Home,2024,8.8,34
Code Duello: From the Tithebanner Saga,2024,8.8,344
Enchantments,2015,8.8,10
Electric Callboy: Tekkno - Live in Europe,2024,8.8,23
We Won't Bow Down,2014,8.8,13
The Loneliest Boy on Earth,2024,8.8,76
Malaikat Tanpa Sayap,2023,8.8,7
Blooming Sisters,2024,8.8,19
Raghav,2014,8.8,87
Avaidh,2024,8.8,36
Malas Costumbres,2024,8.8,15
The Silent Intruder,2024,8.8,72
Upahaar,2024,8.8,9
Maantrika,2024,8.8,271
Legends of Ska,2015,8.8,25
Kabandha,2024,8.8,32
Evidence,2024,8.8,211
Car Park: The Movie,2009,8.8,12
Foals Live at the Royal Albert Hall,2013,8.8,76
Dasavarenya Sri Vijaya Dasaru,2024,8.8,22
Bhundis,2024,8.8,32
The Philadelphia Eleven,2023,8.8,12
The Bad Coming Back,2013,8.8,12
El Laboratorio,2023,8.8,8
Oil & Water,2014,8.8,47
Road to Kabul,2012,8.8,18
Caja Rapida,2026,8.8,54
Bharatiya Superheroes the Origin,2024,8.8,64
Elevation,2024,8.8,70
Make Me Laugh Monday Comedy Mixtape,2014,8.8,10
Morgan Agren's Conundrum: A Percussive Misadventure,2013,8.8,10
Caregiving,2025,8.8,38
Pitfall,2025,8.8,47
Papa Buka,2025,8.8,87
Sembilu 2005,2005,8.8,10
The Children of San Simon,2024,8.8,7
The Naboo Movie: A Live Staged Reading of Star Wars: The Phantom Menace,2024,8.8,72
Lord Have Mercy II Director's Cut,2024,8.8,53
Born Innocent: The Redd Kross Story,2024,8.8,41
Passion of Iron,2024,8.8,18
North Passage,2014,8.8,17
Real Haunts 4,2024,8.8,8
Apostle,2014,8.8,80
Money Mechanics,2013,8.8,8
Beta Squad vs AMP Charity Match 2024,2024,8.8,12
"Juris Jurjans: Seven Days of Painting, Speaking and Keeping Silent",2024,8.8,6
DES conceito,2024,8.8,11
Rory Gallagher: Calling Card,2024,8.8,14
Pop Meets the Void,2015,8.8,87
Moyurakkhi,2024,8.8,9
The Breach,2014,8.8,85
The Pop Out: Ken & Friends,2024,8.8,159
Slenderverse: The Rise and Fall of Slenderman,2024,8.8,9
En El Mapa,2013,8.8,8
Just Tom,2013,8.8,11
The Way of the Rain: Hope for Earth,2024,8.8,20
What Really Happened,2025,8.8,12
Funny Fat Guy,2018,8.8,29
Light Up,2024,8.8,76
Entre mareas,2025,8.8,5
YA tebya slyshu,2024,8.8,13
Outsiderz: No Way Out,2024,8.8,27
Lafangey,2022,8.8,9
Wallace & Gromit: The Aardman Collection,1994,8.8,25
Project 22,2015,8.8,36
The Ego Death of Queen Cecilia,2024,8.8,15
Saban Bajramovic- My Journey,2024,8.8,6
New Offenburg,2013,8.8,14
Sundown to Eleven,2025,8.8,13
Lara Fabian - Mademoiselle Zhivago,2013,8.8,43
Fight Like Hell,2024,8.8,30
For the One,2024,8.8,62
Short Fuse,2026,8.8,60
The Cholesterol Code,2026,8.8,39
Jaane Javani,2014,8.8,40
Bhai Ni Beni Ladki,2024,8.8,74
Unleashing Hope: The Power of Service Dogs for Autism,2025,8.8,16
Between the Lines,2024,8.8,22
The Spirit of Tatá,2024,8.8,10
Der Imagonaut,2014,8.8,10
Never Drop the Ball Documentary,2024,8.8,9
Hyper: The Stevie Hyper D Story,2024,8.8,35
Stop! Rodando el cambio,2013,8.8,9
I Saw a Suno,2025,8.8,8
Holy Redemption,2024,8.8,37
Iron Maidens - Wrestling for Glory,2025,8.8,16
John Brown the Advocate,2024,8.8,25
Povesti Moldovenesti,2024,8.8,16
Barber Shop City,2014,8.8,9
A City to Make Me,2015,8.8,13
The Wonderful World of Bill Maynard,2013,8.8,16
William Yang: Friends of Dorothy,2014,8.8,8
"Evil Scarecrow: Head, Shoulders, Knees & Crows",2013,8.8,11
Popcorn Sutton: A Hell of a Life,2014,8.8,27
Ørkenens sønner - En Fez i en Hornlygte,2022,8.8,12
Marisa Monte: Universo ao Meu Redor,2008,8.8,11
"Yatra - Uma Viagem Externa, Interna e Secreta",2014,8.8,5
Angrebet på Shellhuset,2013,8.8,29
Rada,2024,8.8,5
Meta Take One,2025,8.8,25
Alien-Ate,2025,8.8,18
On Melting Snow,2024,8.8,6
Gregor,2014,8.8,17
Lone Rivers,2013,8.8,17
Reinosa 1987: El precio de la reconversión industrial,2025,8.8,5
"Santos Dumont, O Céu na Cabeça",2024,8.8,9
Samar,2024,8.8,25
Bhooter Pallay Bhootnath,2024,8.8,16
Premer Somadhi,1996,8.8,27
Quiet Elegance: The Architecture of Hugh M. Kaptur,2014,8.8,19
Cymbeline,2024,8.8,5
Una storia da ridere,2008,8.8,8
Haridasara Dinachari,2024,8.8,43
Adventurous Fuzze,2021,8.8,5
The Adventurous Fuzze,2022,8.8,5
Toquinho: Encontros e um Violão,2024,8.8,6
La montagna magica - Il mistero di Bismantova,2024,8.8,8
Franklin,2025,8.8,281
Una película de gente que mira películas,2012,8.8,23
How to Eat an Elephant,2024,8.8,23
Water Lily,2024,8.8,312
Marathon Mom,2025,8.8,11
Atiko,2024,8.8,19
I Wish You Were Never Born,2024,8.8,8
Poppet,2023,8.8,12
El Juego Del Poder,2024,8.8,19
It's a Free Country,2024,8.8,10
The Day of the Broken,2014,8.8,10
The Slave in Your Backyard: The Local Reality of Human Trafficking,2025,8.8,42
Reel Love,2025,8.8,25
Las Hermanas Del Cartel,2024,8.8,15
Palliative Care Unit,2025,8.8,14
Little Commander 2,2020,8.8,14
Creede U.S.A.,2025,8.8,14
Lykke Post Partum,2025,8.8,19
America's First Park: River Common,2014,8.8,21
The Secret Lives of Bill Bartell,2025,8.8,33
Ateez World Tour: Towards the Light - Will to Power,2024,8.8,74
Aggregate,2017,8.8,11
Green Hell: A Jay Crimson Film,2013,8.8,8
Land with No Rider,2025,8.8,9
Kariya Kanbitta,2013,8.8,8
Fallaway,2025,8.8,20
25 Cats from Qatar,2025,8.8,44
Sunshine Daydream,2013,8.8,106
The Thousand Faces of Dunuia 2,2023,8.8,7
Gnissel & panglyckan,2026,8.8,6
Tanais: Embraced by the Abyss,2025,8.8,6
El Pico Duarte,2025,8.8,7
A Place Called Shandro,2015,8.8,10
Can't Look Away: The Case Against Social Media,2025,8.8,32
Echoserang Frog,2014,8.8,8
Hello Mother,2025,8.8,5
MUR. Ty [Romantyka] Movie,2025,8.8,136
Este Does Not Make a Movie,2014,8.8,25
She Runs the World,2025,8.8,18
Before Her Time: Decommissioning Enterprise,2014,8.8,18
Famous Patrick (A Super SpongeBob Fan Movie),2024,8.8,25
Gg. Damai IV,2024,8.8,15
A Long Run,2014,8.8,12
j-hope Tour: Hope on the Stage in Japan - Live Viewing,2025,8.8,85
We the Hispanos: The Hispanic Roots of the United States,2026,8.8,13
Ostri vrh,2025,8.8,7
Canterbury Tales,2013,8.8,12
Love in Korea,2013,8.8,12
The Claw,2021,8.8,24
Mambembe,2024,8.8,10
American Muscle,2026,8.8,14
Donors: Upgrade Your Lifestyle,2025,8.8,9
Goti Lo,2025,8.8,72
Mary's Lake,2025,8.8,34
Big Bad Betty,2025,8.8,13
Cartas para Angola,2012,8.8,14
Baseball: Beyond Belief,2026,8.8,9
UFC 317: Topuria vs Oliveira in COSM Shared Reality,2025,8.8,13
The Bird Flies,2025,8.8,18
Aasiriyar Sollai Mattum Marandhuvidadhe,2025,8.8,81
You May Kiss the Bride Goodbye,2025,8.8,8
CBI Officer,2025,8.8,21
A Quiet Love,2025,8.8,9
Rohtak Kabza,2025,8.8,20
Uncharted: The Truth Behind Homelessness,2014,8.8,15
Ahol az utak véget érnek,2014,8.8,11
Driven: The Freddie Freeman Story,2025,8.8,15
Further Instructions,2015,8.8,17
The Power of Love and the Voice,2014,8.8,11
Ilaiyudhir Kaalam,2025,8.8,12
Lars,2025,8.8,6
Love Without Words,2025,8.8,85
António Coimbra de Matos: O Olhar Nos Outros,2022,8.8,5
Unraveling George,2025,8.8,7
Bunny,2025,8.8,6
Gulmohammad,2024,8.8,329
Next to Normal,2025,8.8,133
The Legend of Man and Loong,2024,8.8,145
The Peculiar Story of Nova Espero,2025,8.8,8
Celebrating Laughter: The Life and Films of Colin Higgins,2022,8.8,28
Projection,2025,8.8,21
2016 BTS Live Hwayang Yeonhwa on Stage: Epilogue Remastered,2025,8.8,22
Circle City Supernatural 2,2025,8.8,10
Breaking Big Food,2025,8.8,71
Mitski: The Land,2025,8.8,63
Than Than Gopal,2015,8.8,19
Pioneers in Skirts,2020,8.8,73
Sons & Daughters of Thunder,2019,8.8,15
A3D II Ayumi Hamasaki Rock'n Roll Circus Tour Final: 7 Days Special,2011,8.8,8
Den siste bohem,2014,8.8,8
Un carrista a El Alamein,2025,8.8,8
Dabaghor,2025,8.8,16
15 Days: The Real Story of America's Pandemic School Closures,2025,8.8,28
The Promise She Kept,2025,8.8,6
My First Kiss and the People Involved,2016,8.8,30
Another Birth,2025,8.8,14
Queen of Thursdays,2016,8.8,14
Sunakali,2014,8.8,29
Soohe Ve Cheere Waleya,2025,8.8,167
Echoes 2 Curses of the Past,2025,8.8,6
We Don't Like Samba,2014,8.8,13
A Precarious State,2025,8.8,8
Stalkers 1,2023,8.8,131
Stalkers 2,2023,8.8,131
Benvindo... a Vida,2025,8.8,12
Father: The Judgement Is inconclusive,2026,8.8,92
Reel Star,2025,8.8,9
Paraiso,2005,8.8,23
LISA: Live at Coachella,2025,8.8,17
Lake of Betrayal: The Story of Kinzua Dam,2017,8.8,17
Piggy All Aces: Rogue Order,2025,8.8,9
Ganas de vivir,2026,8.8,5
The Trail Ends Here,2025,8.8,7
The Brittney Griner Story,2026,8.8,12
The Last First: Winter K2,2026,8.8,27
Dan and Phil: Terrible Influence,2025,8.8,19
Sasquatch Within,2026,8.8,24
Son of a Killer,2026,8.8,6
Quanto costa 'o bene,2025,8.8,7
Black Zombie,2026,8.8,18
Sri Jagannatha Dasaru-Part 2,2026,8.8,13
Vengeance of the Vikings,2025,8.8,9
"#O2LForever",2015,8.8,91
Salbardi,2026,8.8,14
The King Sun: John Olsen a Portrait at 85,2014,8.8,7
Richard Attenborough: A Life in Film,2014,8.8,45
So.U.Venir,2025,8.8,14
The Ceremony,2013,8.8,18
Crying Earth Rise Up,2015,8.8,9
In a Perfect World,2015,8.8,45
Goonga Pehelwan,2014,8.8,15
Three Hearts One Night,2026,8.8,47
The Barn Theatre: Tomorrow's Stars Today,2017,8.8,131
Touched by an Angel,2015,8.8,15
Finding Satoshi,2026,8.8,14
A President Speaks,2014,8.8,15
Guess How Much I Love You: Autumn's Here,2014,8.8,20
Alessandro Bergonzoni: Urge,2013,8.8,8
Snow White II: The Day of the Wicked Mothers,2014,8.8,11
Ons campertje,2025,8.8,6
Inside Peace,2014,8.8,43
Ueck,2026,8.8,9
Antique Prayers,2014,8.8,32
Veterans UnAffairs: The Frank Gann Story,2014,8.8,9
Het Nieuwe Eten: Tomorrow's Food,2014,8.8,6
Dark Sky Blue,2015,8.8,14
The Kids Aren't Alright,2016,8.8,22
The People's Kitchen,2013,8.8,7
Mefistofele,2014,8.8,10
Shred Bots the Movie,2014,8.8,40
Eleven,2014,8.8,36
Paratus 14:50,2015,8.8,19
The Mobile Revolution,2014,8.8,25
Loa,2016,8.8,11
Arvydas Sabonis 11,2014,8.8,303
Janeiro 27,2014,8.8,9
Tainted Love,2015,8.8,12
Steps in the Fire,2015,8.8,9
Elvis What If?,2012,8.8,22
Bakka-Baldur,2011,8.8,7
The Perfect Circle,2014,8.8,10
After Armageddon,2016,8.8,10
Eloise: An Opera For Young People,2012,8.8,8
One Penny,2017,8.8,53
Matchbox Twenty Live North,2015,8.8,8
The Teacher,2014,8.8,31
Ukraina. Tochka otscheta,2011,8.8,12
My Craft,2014,8.8,43
Kyoto: A Journey Inside,2016,8.8,27
Vigilante: The Crossing,2015,8.8,30
Evil Bread,2013,8.8,12
Jeff Lynne's ELO at Hyde Park,2014,8.8,82
90 BpM,2017,8.8,58
Follow: Tall Tales from a Small City,2014,8.8,10
Andrea Doria: Are the Passengers Saved?,2016,8.8,43
Merci de me répondre,2015,8.8,23
Hexenjagd in Mauterndorf,2015,8.8,5
Hisaishi Jo in Budoukan,2008,8.8,101
Terra Cabocla,2015,8.8,7
Hard & Soft,2016,8.8,10
"Gleiche Liebe, falsche Liebe?!?: Homo et alors?!?",2015,8.8,7
Romantic Warriors III: Canterbury Tales,2015,8.8,17
We Will Win Peace,2016,8.8,9
416,2004,8.8,23
What Jack Built,2015,8.8,56
Logic on Fire,2015,8.8,39
A Brilliant Genocide,2016,8.8,12
Digbhayam,2019,8.8,298
Black Hole,2015,8.8,31
Cardiopulitika,2014,8.8,13
Crossroads of America,2020,8.8,8
Eternity Hill,2016,8.8,24
Horizon,2015,8.8,19
Chris Berens: Master of His Magical Universe,2014,8.8,7
We Played at Squats,2014,8.8,8
Annyo Na,2013,8.8,16
Dhand,2015,8.8,22
I Am Director,2013,8.8,26
Heart Beats,2015,8.8,17
Peste en Birra,2015,8.8,7
1945. Kalniskes- luzio taskas/1945. Kalniskes- a breakpoint,2016,8.8,15
Puroshkar,1983,8.8,37
We Are Perfume: World Tour 3rd Document,2015,8.8,39
Ringgo: The Dog Shooter,2016,8.8,14
The Way Forward,2017,8.8,12
John Bosco in America,2015,8.8,12
Por Sofia,2016,8.8,37
Malice,2015,8.8,84
Baytown's Finest,2016,8.8,18
Cinderella,2015,8.8,22
A Cartel Story,2015,8.8,37
Janma Janma,1994,8.8,125
Gothalo,1996,8.8,135
Cures Anything,2015,8.8,10
Rebellious City,2015,8.8,8
Zoroastro,2017,8.8,8
The Philadelphia Bicycle Vignette Story,2017,8.8,16
New Cops,2016,8.8,20
Strung Together,2015,8.8,9
Dark Entry,2016,8.8,9
Fare Thee Well: Celebrating 50 Years of Grateful Dead,2015,8.8,17
Apparition Hill,2016,8.8,79
Unchained,2017,8.8,18
Spilling salt/Antes que se tire la sal,2015,8.8,15
Moroner Pore,1990,8.8,74
Guy in the blue,2015,8.8,10
It Is Really Over,2016,8.8,21
The Older Woman and the Younger Man,2016,8.8,41
Toxic Tom,2016,8.8,15
The Great Everything & the Nothing,2016,8.8,29
What music do you speak?,2016,8.8,7
A Sovereign Dream,2016,8.8,6
"Shorebreak, the Evolution of Skimboarding",2018,8.8,25
Until Cancer Do Us Part,2016,8.8,20
Cakra Buana,2015,8.8,7
"Aeschylus' Oresteia (Tony Harrison Adaptation), the National Theatre",1983,8.8,45
A to B Rollerski,2017,8.8,79
Who Is Dervla Murphy? Special Edition,2016,8.8,10
Nine Legends,2016,8.8,24
Xazonrezgi,2016,8.8,9
The Hitchhiker's Guide to the Galaxy Radio Show Live,2016,8.8,27
90 Years of PAOK: Nostalgia for the Future,2016,8.8,120
Four Giants in Milan,2014,8.8,6
Agun,1976,8.8,6
Good Luck Soup,2016,8.8,9
In a Hail of Bullets,2025,8.8,64
Gina's Life,2015,8.8,48
"George Michael at the Palais Garnier, Paris",2014,8.8,57
Her Name Was Hope,2016,8.8,14
Robert Shaw: Man of Many Voices,2016,8.8,28
Amazon Voices,2015,8.8,15
Tanzil,2016,8.8,8
Não Saia Hoje!,2016,8.8,6
The One That Got Away,2011,8.8,18
In the Shadow of Hermes,2009,8.8,33
Onaatah: Of the Earth,2016,8.8,45
Cholay,2024,8.8,171
Amores Santos,2016,8.8,8
It's Criminal,2017,8.8,22
Alive at Night,2017,8.8,15
The Cadillac Tramps: Life On the Edge,2017,8.8,15
The Last Time,2016,8.8,23
One More Walkaround,2015,8.8,6
Paspin kut 3,2016,8.8,34
Nobody's Died Laughing,2016,8.8,11
Jhorer Pakhi,1973,8.8,6
Deckument: od rolke do skejta,2015,8.8,31
"The History of Iron Maiden: Part 1, The Early Days",2004,8.8,313
Lumpinee,2018,8.8,10
Nadie,2017,8.8,16
Last Transhumance,2023,8.8,13
Patient 52,2018,8.8,12
Love You Baba,2014,8.8,73
Dmajor,2016,8.8,13
The Evolution of Rallying Vol. 2,2014,8.8,7
Lorna Washington: Surviving Probable Losses,2016,8.8,17
Compulsory Hell-mate,2006,8.8,8
Century of Enslavement: The History of the Federal Reserve,2014,8.8,88
Pumped Dry: The Global Crisis of Vanishing Groundwater,2016,8.8,7
Pacific Mermaid,2016,8.8,10
Forbidden,2018,8.8,16
A#: An American Experience,2016,8.8,22
Fly High,2016,8.8,24
We Are Dirt,2016,8.8,9
La Lección de Anatomía,2019,8.8,40
The Pass System,2015,8.8,7
Feedback,2017,8.8,112
Can't Stop the Show: The Return of Kix,2016,8.8,9
El alcalde de Machuchal,1964,8.8,13
Running the Coast,2016,8.8,7
Ángel Hurtado: Artesano Visual,2013,8.8,7
Green Jello Suxx Live,2016,8.8,66
Cine São Paulo,2017,8.8,35
Wild Colombia,2012,8.8,20
Etched in Glass: The Legacy of Steve Ross,2017,8.8,13
Stoneland,2016,8.8,34
Provincetown Pieces,1979,8.8,22
Found,2016,8.8,12
Gale and the Storm,2017,8.8,6
1971,2011,8.8,7
Generation: Freedom,2019,8.8,247
Nyai: A Woman from Java,2016,8.8,60
The Original Image of Divine Mercy,2016,8.8,22
Yaaro Ki Yaari,2016,8.8,9
Bandu Boxer,2006,8.8,20
Wong Shun Leung: The King of Talking Hands,2016,8.8,19
Engines of Domination,2014,8.8,7
Basudev,1984,8.8,58
Panglima badol,1979,8.8,9
Hai paura del buio? Il film,2014,8.8,11
GameMasters,2017,8.8,42
Zappa U,2017,8.8,13
This Day Forward,2018,8.8,76
Flow of Life,2017,8.8,19
Under the Clock,2018,8.8,15
Puthiya Payanam,2017,8.8,61
Two People,2017,8.8,15
The Great Flip-Off,2018,8.8,21
The Last High: The Lure and Lie of Smoking Synthetics,2017,8.8,10
Substantivo Feminino,2017,8.8,7
Silk Trees,2017,8.8,9
Tribute: The Richard Atkins Story,2022,8.8,7
U2: The Joshua Tree Tour,2017,8.8,69
Secrets of Survival,2017,8.8,8
I leoni della Folgore,2017,8.8,11
Bomarzo,2017,8.8,7
Mambo Legends: The Music Never Ends,2024,8.8,12
Ghetto Uprising - The Untold Story,2017,8.8,30
"Us, Forever Ago",2018,8.8,19
PGS: Intuition Is Your Personal Guidance System,2017,8.8,69
"O Espiritismo, de Kardec aos Dias de Hoje",1995,8.8,21
Living in a Global Village,2018,8.8,12
All the Other Days,2017,8.8,64
Maan Sanman,2009,8.8,16
What Home Feels Like,2017,8.8,20
The Invisible Extinction,2022,8.8,43
Roman,2020,8.8,8
Timeless Beauty,2018,8.8,22
Don't Be Nice,2018,8.8,106
Il clan dei ricciai,2018,8.8,6
Sandgirl,2017,8.8,7
Escape from the Devil's Den,2017,8.8,117
Girassol Vermelho,2025,8.8,10
The Cover-up,2017,8.8,83
"With Love, Delhi!",2011,8.8,35
Jeff Lynne's ELO: Wembley or Bust,2017,8.8,299
The Unreserved,2017,8.8,85
Idak: The Goat,2017,8.8,50
Stolen Innocence: India's Untold Story of Human Trafficking,2017,8.8,7
Dick Winters: Hang Tough Narrated by Damian Lewis,2012,8.8,24
People Like Me,2017,8.8,13
The Other Side of Porcupine Lake,2017,8.8,13
The Zeroes 2,2019,8.8,6
Away Days,2016,8.8,23
The Staging Post,2017,8.8,7
Schrott,2017,8.8,7
Teodoro en concreto,2017,8.8,6
Martialist,2018,8.8,7
Rong Dhong,2024,8.8,41
Cabezas Encogidas,2020,8.8,39
From the Ground Up,2017,8.8,105
Firkee,2018,8.8,28
Lost in Tunisia,2016,8.8,14
Knocking at the Door,2017,8.8,90
Immaculate Possession,2018,8.8,8
A Thousand Thoughts,2018,8.8,30
There May Be Ghosts,2021,8.8,31
Yen Intha Mayakkam,2017,8.8,8
Ariadne,2018,8.8,13
One Star Rider,2018,8.8,10
This Is Home,2017,8.8,13
Good Girl,2018,8.8,6
Las super estrellas de la lucha libre,2024,8.8,75
Dr. Spiderwack's Mind-Boggling Compendium of Fantastic Urban Beasts,2024,8.8,35
La compagne des morts,2019,8.8,35
There's Always Next Season,2018,8.8,47
Roots of Fire,2022,8.8,31
Science & Orthodoxy Around the World,2019,8.8,13
Mitti-back to roots,2018,8.8,43
Crossroads,2018,8.8,35
Fallega 2011: Candles in Al-Kasbah,2011,8.8,10
Excursion in big canyon of Crimea,2014,8.8,34
The Branch Report,2018,8.8,16
My People,2023,8.8,63
Dimevision 2: Roll with It or Get Rolled Over,2017,8.8,14
Autism Paints,2018,8.8,16
En el Murmullo del Viento,2019,8.8,10
Breathe Breana,2019,8.8,32
From the End Into the Beginning,2016,8.8,314
Monsters,2018,8.8,19
The Piano Man,2018,8.8,13
A Polished Soul,2022,8.8,19
Hip to da Hop,2018,8.8,5
Muglan,2005,8.8,67
The Zero Line,2017,8.8,17
Delia & Sammy,2018,8.8,12
Village Under the Forest,2013,8.8,7
Fla x Flu: 40 minutos Antes do Nada,2013,8.8,34
Rajamati,1995,8.8,26
The Stand Up Doll,2019,8.8,103
Rhino Man,2024,8.8,52
BANDSTAND: The Broadway Musical on Screen,2018,8.8,164
Ani Bond: Choying Drolma,2023,8.8,8
Power in my Hands,2018,8.8,7
El Motero,2018,8.8,19
Where I Got My Balls From,2012,8.8,45
All Roads Lead to Home,2023,8.8,25
First Time Hit Man,2012,8.8,19
Tobot Movie: Attack of Robot Force,2017,8.8,75
They'll Find Him in the River,2018,8.8,15
"Rita, the documentary",2018,8.8,15
Pariah,2020,8.8,19
"And with a Smile, the Revolution!",2019,8.8,17
Rädda våra liv,2018,8.8,12
Dognapped,2017,8.8,13
Affliction,2021,8.8,17
Another XX: Kyouai,1998,8.8,9
Jonbai,2005,8.8,35
Cornered in Molenbeek,2018,8.8,16
The Brother Side of the Wake,2022,8.8,23
Animal House of Blues: 33.3 Special Edition,2018,8.8,12
Pipe Dreams,2019,8.8,12
The Whistle,2019,8.8,10
Frampton: Return of the Jackal,2018,8.8,10
Unforgivable (Ainidariji),2013,8.8,10
Kämpferinnen,2018,8.8,5
An Engineered Dream,2018,8.8,38
Departure with the Dead,2018,8.8,63
Highland Park 100 Year Documentary,2018,8.8,6
Artist Depiction,2018,8.8,11
Linfa,2018,8.8,52
Nihon no chibu o nozoku,1972,8.8,21
Da vinden snudde,2018,8.8,21
În cautarea fotbalului pierdut,2016,8.8,20
Sakha Sakhi,2005,8.8,8
LCDB: El Documental,2022,8.8,20
Let us be Heroes,2018,8.8,37
Nothing Beyond Measure,2018,8.8,8
The Sako Tapes,2019,8.8,19
Reason,2018,8.8,238
Tor opekkhay,2018,8.8,10
Digital Theatre: Long Day's Journey Into Night,2014,8.8,28
Beautiful Thing,2013,8.8,76
The Wounded Blue,2019,8.8,16
Alternative Facts: The Lies of Executive Order 9066,2018,8.8,25
Anutopto,1993,8.8,8
Legion. Chronicle of the Ukrainian Galician Army 1918-1919,2015,8.8,36
The Lord of the Rings - The Appendices Part 1: From Book to Vision,2002,8.8,93
Eizenkot.,2019,8.8,8
"Porvenir, Texas",2019,8.8,13
The First Company,2018,8.8,29
Route 66,2018,8.8,19
I Believe,1916,8.7,46
Ein Mann mit Herz,1932,8.7,11
Incognito,1936,8.7,10
The Gang,1938,8.7,15
The Soaring Maiden,1931,8.7,14
Das jüngste Gericht,1940,8.7,10
That Night!,1957,8.7,54
Dreamway of the World,1968,8.7,24
Hmone Shwe Yee,1970,8.7,22
Rubia Servios,1978,8.7,33
Ang alamat ni Julian Makabayan,1979,8.7,62
Cinco locos a millón,1982,8.7,22
A Place for Weeping,1986,8.7,93
Gesucht: Monika Ertl,1989,8.7,22
Legends in Concert,1991,8.7,19
Money Man,1992,8.7,21
Dead Can Dance: Toward the Within,1994,8.7,288
"William Christie et Les Arts Florissants, ou La passion du baroque",1994,8.7,11
He Called Himself Surava,1995,8.7,9
When Billy Broke His Head... and Other Tales of Wonder,1995,8.7,44
No Easy Way,1996,8.7,80
The Way,1997,8.7,45
Dem deutschen Volke,1996,8.7,26
...And God Created Them,1979,8.7,79
Soeurs,1992,8.7,26
Festas de Homenagem do Futebol Clube do Porto à Rainha da Colónia Portuguesa no Brasil,1932,8.7,9
Bitter Sweet Revenge,1983,8.7,6
Ramming Speed,1997,8.7,28
Joe Finds Grace,2017,8.7,297
Surviving Friendly Fire,1997,8.7,28
Venezuela,1963,8.7,17
Risque Business,1989,8.7,16
Sex Club,1986,8.7,10
Weld,1990,8.7,110
Une larme dans l'océan,1973,8.7,16
A Pound of Flesh,1993,8.7,15
Sonar Kathi,1958,8.7,10
Neelachaley Mahaprabhu,1957,8.7,28
There's No Business,1994,8.7,15
1948 Palestinian Exodus,1997,8.7,91
Rodney's Big Day,1996,8.7,11
Nëntori i dytë,1982,8.7,246
Çifti i Lumtur,1975,8.7,42
Blue Christmas,1998,8.7,19
Pakawalan mo ako,1981,8.7,30
The Devadasi,1997,8.7,25
Naked Ambition,1970,8.7,43
Alejandra,1956,8.7,11
The Shoe Store,1999,8.7,23
Bhadar Tara Vehata Paani,1976,8.7,12
Por esos ojos,1999,8.7,11
Da Silva,1996,8.7,20
El lambiscon verde,1991,8.7,10
Un jour les témoins disparaitront,1979,8.7,7
Long Sleepless Nights,2000,8.7,17
Taralezhite se razhdat bez bodli,1971,8.7,487
The Last Prediction,2001,8.7,18
We Shall Overcome,1989,8.7,14
Gatilleros del Rio Bravo,1985,8.7,15
The Fiancee,1969,8.7,85
Shubha Mangala,1975,8.7,71
Satya Harishchandra,1965,8.7,223
Shri Kannika Parameshwari Kathe,1966,8.7,15
Kancher Swarga,1962,8.7,67
"They Shoot Children, Don't They?",1991,8.7,12
Daku Mansingh,1971,8.7,10
The Most Unknowable Thing,1999,8.7,15
Sant Tukaram,1963,8.7,35
Dakshayagnam,1962,8.7,49
Rangili,1952,8.7,15
Blackmailing Santa,2002,8.7,19
Tabu: dernier voyage,1996,8.7,13
Ardhangi,1985,8.7,30
Ion Creanga,1958,8.7,8
Yesterday's Everglades,1996,8.7,14
Raktha Sambandham,1962,8.7,65
Devatha Manushya,1988,8.7,95
Shravana Banthu,1984,8.7,71
Thamburatti,1978,8.7,13
Ghost Bird: The Life and Art of Judith Deim,2000,8.7,16
Operación Walsh,2000,8.7,13
Harnessing the Sun,1981,8.7,16
Black & White: A Love Story,1996,8.7,25
Modeling Taiwan,2001,8.7,9
Cyberdorm,1997,8.7,44
Who Shot President Kennedy?,1988,8.7,14
Zlatnata reka,1983,8.7,24
Reflection of Evil,1989,8.7,12
The Least Likely Candidate,2004,8.7,28
Vajzat me kordele të kuqe,1978,8.7,28
The Puerto Ricans: Our American Story,1999,8.7,19
Meter Girls,1998,8.7,15
The Popovich Brothers of South Chicago,1977,8.7,12
The Secret World of Dreams,1995,8.7,21
State of the Artist,2001,8.7,18
Swing Man,2000,8.7,13
Wosobipo,1991,8.7,14
Smack,2001,8.7,10
The American Game,1979,8.7,14
Hakim Babu,1985,8.7,32
Kavirathna Kaalidaasa,1983,8.7,407
La mayor estafa al pueblo argentino,2004,8.7,31
Chin.Ind. Een leven achter het doorgeefluikje,2003,8.7,10
Yo Maya Ko Sagar,2000,8.7,19
Die Familie Hesselbach,1954,8.7,28
Pinjra,1972,8.7,368
Tero Nadir Parey,1969,8.7,10
Sri Edukondala Swaami,1991,8.7,10
Albanian Journey,1990,8.7,14
Juan: Como si nada hubiera sucedido,1987,8.7,84
"Tosca, la verdadera historia",2001,8.7,8
Kapag kumulo ang dugo,1999,8.7,12
Weyt a Minit... Kapeng mainit,2001,8.7,15
Beah: A Black Woman Speaks,2003,8.7,128
El gato negro,1987,8.7,12
The Real Old Testament,2003,8.7,46
Ghostown,1999,8.7,17
Les dix,2003,8.7,11
Apathbandhavudu,1983,8.7,15
Ghosts of Genius,2003,8.7,15
Children of the Street,2004,8.7,37
The Dance,2003,8.7,11
Surja Dighal Bari,1979,8.7,413
Dhruvanakshatram,1989,8.7,114
Joutuk,1958,8.7,9
Sangre de jinete,1998,8.7,9
Prisoner Queen-Mindless Music & Mirrorballs,2003,8.7,76
Annapurna,1964,8.7,20
Bettada Huli,1965,8.7,26
Boys in the Sky,2003,8.7,214
Iginuhit ng Tadhana: The Ferdinand E. Marcos Story,1965,8.7,23
Love and Loathing at the Ass Lamp Lounge,2003,8.7,18
"Isang tanong, isang sagot",1997,8.7,67
Sidewalk Soldiers,2002,8.7,42
Este vampiro es un tiro,1991,8.7,11
Alphabet of Hope,2004,8.7,35
The Letter: An American Town and the 'Somali Invasion',2003,8.7,289
Lizzie,2001,8.7,11
Allari Bullodu,1978,8.7,8
3 Tables,2003,8.7,13
Bitters and Blue Ruin,2002,8.7,15
Isang kumot tatlong unan,1986,8.7,8
American Generator,2003,8.7,16
Gahanna Bill,2001,8.7,14
Ishq Mein Jeena Ishq Mein Marna,1994,8.7,37
La settimana di Vespuccio,1997,8.7,42
Slapdash,2005,8.7,22
Not Simply a Wedding Banquet,1997,8.7,10
Nueva Chistelandia,1958,8.7,8
Genova senza risposte,2002,8.7,23
Journey of Redemption,2002,8.7,24
Snake Hunt: These Rattles Ain't for Babies,2004,8.7,23
El palenque de San Basilio,2004,8.7,10
A Day on the Force: Women's Professional Tackle Football,2004,8.7,19
In Good Conscience: Sister Jeannine Gramick's Journey of Faith,2004,8.7,31
An Obvious Moment of Happiness,2003,8.7,22
"Sa iyo ang itaas, sa akin ang ibaba... ng bahay",1997,8.7,12
The Latin Legends of Comedy,2006,8.7,23
Anghel na walang langit,1994,8.7,48
The Friendship Village,2001,8.7,15
Pescadores: La ciudad de los ojos cerrados,2005,8.7,16
Cause of Death: Homophobia,2003,8.7,12
Alone Across Australia,2004,8.7,82
God's Forgotten House,2005,8.7,50
Ocho puertas,2003,8.7,9
Inamorata,2004,8.7,20
Dites à mes amis que je suis mort,2004,8.7,24
Anino sa dilim,1996,8.7,45
No tan nuestras,2005,8.7,19
The Misbehavers,2004,8.7,58
A Transa do Turfe,1975,8.7,10
Odd People Out,2004,8.7,19
Lab kita... Bilib ka ba?,1994,8.7,12
Battle of the Bogside,2004,8.7,24
El gato de Chihuahua,1996,8.7,10
Deh Shiva Bar Mohe,2002,8.7,14
Em Busca da Ilha Desconhecida,2001,8.7,9
Repetition,2005,8.7,57
Texxas Jam '78,2012,8.7,19
Goodbye Hello,2005,8.7,14
Summer of the Eagle,2009,8.7,11
Behind Those Eyes,2005,8.7,16
Writer's Day,2005,8.7,17
"Fútbol, el nacimiento de una pasión",2005,8.7,17
No Child Left Behind,2005,8.7,14
Tico tico,2003,8.7,14
Raj Kapoor,1987,8.7,113
Front Range Freaks,2003,8.7,13
Downside Up,2002,8.7,12
365 Boots on Ground,2005,8.7,41
Corridos sin rostro,1995,8.7,10
Hat Trick,2005,8.7,96
Sacred Stage: The Mariinsky Theater,2005,8.7,20
In the Shadow of the Palms - Iraq,2005,8.7,65
Dress Rehearsal: The Brave Hurr's Ta'Zieh,2005,8.7,65
Under Open Sky,2005,8.7,61
The Last Season: The Life and Demolition of Baltimore's Memorial Stadium,2002,8.7,12
A Day in the Life of a 6 Ft. Black Man,1995,8.7,38
Living with Uncle Ray,2006,8.7,31
El escape de los Santos,2005,8.7,26
Cowboy Smoke,2008,8.7,120
Valerie & Sid,2006,8.7,20
The Healing Passage: Voices from the Water,2004,8.7,21
Beyond the Call,2006,8.7,88
Sweet Dreams,2006,8.7,47
Huldufólk 102,2006,8.7,88
Casta de roble,1954,8.7,15
Wally,2006,8.7,25
Meistersinger: The Sound of Russia,2003,8.7,14
Ivan Mosjoukine ou L'enfant du carnaval,1998,8.7,13
Orquesta tipica,2006,8.7,21
Amends to My Life,2007,8.7,20
Divided We Fall: Americans in the Aftermath,2006,8.7,100
Rattle Basket,2007,8.7,112
Bury the Hatchet,2010,8.7,26
The Bonnie Situation,2005,8.7,19
Black Sorority Project: The Exodus,2006,8.7,27
"The Completely Remarkable, Utterly Fabulous Transformation of a Regular Joe",2008,8.7,79
"Fairfield, Idaho",2007,8.7,12
Men's Hockey,2004,8.7,11
Tootie's Last Suit,2009,8.7,31
Viola,2006,8.7,28
The Final Season,1988,8.7,21
Kancher Deyal,1963,8.7,65
"Music Is My Life, Politics My Mistress: The Story of Oscar Brown Jr.",2005,8.7,12
Inside the Circle,2007,8.7,56
Nancy Nancy,2006,8.7,73
Independence,2007,8.7,8
Glimpses of Heaven,2006,8.7,34
Land of Confusion,2008,8.7,33
Circus Rosaire,2007,8.7,67
"In Our Blood - Sin Límite, Marc Márquez",2019,8.7,18
Sweet Remedy: The World Reacts to an Adulterated Food Supply,2006,8.7,36
"In Our Blood - El Legado, Jorge Lorenzo",2019,8.7,9
The Nightingale Princess,2006,8.7,24
Mum died on Saturday in the Kitchen...,2009,8.7,10
A Lifetime of Sundays,2019,8.7,14
Sat Na Gat,2013,8.7,8
Stabbed: Britain's Knife Crime Crisis,2019,8.7,11
Zunj,1975,8.7,13
"Meeting You, Meeting Me",2024,8.7,30
Cold Chisel: Last Stand,1984,8.7,9
The Marked,2020,8.7,14
O Rio de Janeiro de Ho Chi Minh,2022,8.7,7
Road to Pecumsecah,2008,8.7,31
"Bernice, Too",2022,8.7,9
Living with the Tudors,2007,8.7,29
Ambu,2019,8.7,68
Arini,1987,8.7,24
Ashrunchi Zali Phule (Play),2019,8.7,9
Nothing,2019,8.7,11
Never Say Die Matildas,2008,8.7,16
Beyond My Steps,2019,8.7,9
"Sex, Sin & 69",2019,8.7,12
The Ivory Trap: Akanawuusu,2016,8.7,8
Porkchop and a Glass of Water,2006,8.7,12
Chance Encounter,2008,8.7,11
Ain't Easy Being Green,2007,8.7,31
The Craft: Rhode Island,2019,8.7,9
Kaputol,2019,8.7,12
Rumah Merah Putih,2019,8.7,26
Ommi Traki,1973,8.7,11
Dastaan-E-Miri Piri,2019,8.7,41
The Borderline. Hrubieszów Operation,2019,8.7,19
Miles Away Under the Moon,2020,8.7,11
Ratchasaan,2018,8.7,169
A Civilized World,2019,8.7,65
Miss U Mister,2019,8.7,89
O Método,2019,8.7,10
D on Dance,2019,8.7,9
Behind the Beauty: Remixing the Chaos,2019,8.7,10
Gov't Mule: Bring On The Music - Live at The Capitol Theatre,2019,8.7,17
Histórias do Rio Negro,2007,8.7,7
Bitter Bread,2019,8.7,75
From the Midst of Pain,2010,8.7,22
El percance perfecto,2007,8.7,17
Dear Ike: Lost Letters to a Teen Idol,2021,8.7,52
Jai Hind,2019,8.7,70
The First Swallows,2019,8.7,12
Super Hijabi,2021,8.7,41
Teacher of the Year,2019,8.7,85
Crack Fighters,2019,8.7,104
Shtate Dite,2016,8.7,15
Les Miserables: The Broadway Musical,2014,8.7,90
Viaggio in corso nel cinema di Carlo Lizzani,2007,8.7,17
Justice for One,2019,8.7,16
Lungi,2019,8.7,26
Ennaval,2019,8.7,35
50G In Your Backyard,2019,8.7,9
Exposure,2010,8.7,8
The Great Pretender,2019,8.7,23
We Are Visible,2019,8.7,92
Shree Ram Samartha,2019,8.7,22
I Am Sorry,2022,8.7,13
Where to Start?,2014,8.7,9
Departure,2015,8.7,9
Only the Winds,2020,8.7,30
Vitis Prohibita,2019,8.7,21
The Light: Swami Vivekananda,2013,8.7,27
Couch Cases,2008,8.7,12
Dandy Kids Documentary,2008,8.7,63
Operation Felix,2008,8.7,55
Streaker,2007,8.7,20
Sonic 2 but every time I jump I say Fuck you SEGA,2017,8.7,13
Mundo tributo,2007,8.7,21
"Ensemble, vivre et travailler",1986,8.7,9
L'Homme de la paix,1999,8.7,8
Love-in: A Musical Celebration,2009,8.7,16
Gohiner Gaan,2019,8.7,23
Exodos,2007,8.7,92
Social Media Monster,2021,8.7,141
River City Drumbeat,2019,8.7,31
Born in a Ballroom,2019,8.7,32
Spirit & Truth: A Film About Worship,2019,8.7,60
Isla de Dos Repúblicas,2022,8.7,7
Pachai Vilakku,2020,8.7,16
Eastland: The Shipwreck That Shook America,2019,8.7,14
Next Generation,2019,8.7,11
Jäinen taival (The Big Ice),2019,8.7,15
III,2019,8.7,167
Everybody Dance,2022,8.7,17
Savage Waters,2022,8.7,49
Tafkik,2014,8.7,7
Thirsty Tunisians,2019,8.7,10
Bad Hombres,2020,8.7,8
My Friend Karl,2020,8.7,8
As Dead As It Gets,2020,8.7,21
Máquina para ver el alma,2021,8.7,54
War Note,2020,8.7,96
Convalescent,2021,8.7,72
Love Live! Series 9th Anniversary LOVE LIVE! FEST,2020,8.7,11
Sympathetic Details,2008,8.7,113
The Ostrich Testimonies,2008,8.7,17
The Oratory,2021,8.7,13
Black Sabbath: The End,2017,8.7,110
Terror and Hope: The Science of Resilience,2020,8.7,12
Politica e spiritualità nel postmoderno,2020,8.7,7
James Castle: Portrait of an Artist,2008,8.7,30
Prue Leith: Journey with My Daughter,2020,8.7,14
Entertainment Tomorrow,2023,8.7,12
Safaibaaz - The Scavenger,2021,8.7,45
Mahek,2007,8.7,38
Rowdy Gari Pellam,1991,8.7,235
Coming Home Soon - The Refugee Children of Geislingen,2018,8.7,10
Far from Perfect: Life Inside a Global Pandemic,2020,8.7,10
This Is My Cheesesteak,2007,8.7,22
Agua de Arrayan,2021,8.7,25
Dry Run,2010,8.7,109
Song of Rapa Nui,2020,8.7,17
Darling Nikki: The Movie,2008,8.7,32
The Chosen Ones,2007,8.7,15
Love Equation,2010,8.7,50
Let the Truth Be Told: Chronicles of A Few Good Men,2019,8.7,15
Let's Go for Broke,1974,8.7,17
Alexander Jamieson,2017,8.7,8
Leicester City Football Club: Premier League Champions - 2015/16 Official Season Review,2016,8.7,14
A1,2020,8.7,29
Nick Drake - Songs in a conversation,2019,8.7,8
London Tango,2009,8.7,10
The Tale of the Dog,2020,8.7,20
The Legend of Inikpi,2020,8.7,11
Abirbhab,1968,8.7,12
Finding Manny,2020,8.7,37
Cas Communautaire,2020,8.7,14
Hypnotizing Power: The Making of Master of Puppets,2020,8.7,30
Cornelius,2008,8.7,10
Briefwechsel,1973,8.7,10
The Cannons,2022,8.7,13
Cape Spin: An American Power Struggle,2011,8.7,50
Back to Babylon,2002,8.7,80
River of No Return,2008,8.7,14
The Sunset Sky,2009,8.7,22
It's Not All Rock & Roll,2020,8.7,12
Running with Mum,2008,8.7,26
In Paraguay,2008,8.7,24
The Toymaker Hidden Heirloom,2020,8.7,82
Samadhi Road,2021,8.7,11
Araatika: Rise Up!,2021,8.7,13
When Medicine Got It Wrong,2009,8.7,14
The Mountain Within,2009,8.7,11
The Cotton Pickin Truth Still on the Plantation,2020,8.7,46
8:15,2020,8.7,14
The Aristocrat,2009,8.7,30
Saturday Night Inside Out,2023,8.7,13
Harivu,2014,8.7,51
Amra Amar Premee,2014,8.7,8
Les Ruches,2022,8.7,8
Days of Géants II,2020,8.7,235
Under the Hood: A Voyage Into the World of Torture,2008,8.7,15
When Does It Stop,2020,8.7,13
12th Street,2020,8.7,22
Storkman,2020,8.7,51
Tramas,2008,8.7,13
Body,2024,8.7,34
Inbetween,2008,8.7,95
Toy Room,2008,8.7,24
El Merchi,2019,8.7,8
Grand Slammed,2010,8.7,14
Sheep Among Wolves Volume II,2019,8.7,17
Kalubaichya Naavan Changbhala,2005,8.7,54
It's a Wonderful Plight,2019,8.7,16
Bite of a Mango,2022,8.7,109
Jesus F Trotsky Presents... The Greatest Film Never Made,2009,8.7,10
The Sound of Hope,2024,8.7,21
Horton Foote: The Road to Home,2020,8.7,12
Swop!,2008,8.7,18
Sex and Justice,2008,8.7,37
28 Days to Vegas,2008,8.7,26
Adventures for the Cure: The Doc,2008,8.7,27
Americana,2008,8.7,11
Confessions of a German Soldier,2008,8.7,40
All-In Madonna,2020,8.7,60
Impedimento,2008,8.7,9
"Love, Communism, Revolution & Rivonia: Bram Fischer's Story",2007,8.7,8
Hard Heat,2008,8.7,7
Unlikely Travellers,2007,8.7,10
Indiana Tim and the Temple of Talocan,2008,8.7,11
Quattro Colori,2020,8.7,33
Losing Ground,2008,8.7,14
One Week 'Til Doomsday,2021,8.7,47
Spy Capital,2024,8.7,24
Running the Roof,2020,8.7,23
Anno 2020,2024,8.7,35
Vegan on a Jet Plane: Bali,2021,8.7,18
The Edge of Adventure,2022,8.7,9
Mellodrama,2008,8.7,40
Allure Magazine: Fashion Backstage Paris-Milan-New York (1996-2004),2004,8.7,11
Any Day Now,2009,8.7,12
Meher,2020,8.7,37
A Class Apart,2009,8.7,41
Arsenal - Arsène's Eleven,2007,8.7,32
Voices in the Clouds,2010,8.7,10
Ketugadu,2015,8.7,59
Balirajache Rajya Yeu De,2007,8.7,17
Chesina Basalu,1980,8.7,30
A Year and a Day,2009,8.7,15
Bidugade,1973,8.7,33
Daniel Rye - Livet efter Syrien,2020,8.7,12
Raja Nanna Raja,1976,8.7,83
Maribor Vijol'cni,2021,8.7,23
Legion of Terror,2009,8.7,10
This Is Hexagon Sun,2020,8.7,36
Love Is a Thieves' Game,2011,8.7,113
Black Ice,2020,8.7,28
Tristesse,2020,8.7,96
The Distance Between the Apple and the Tree,2009,8.7,27
Em Nome da Lei - Parte I,2020,8.7,26
Baalu Belagithu,1970,8.7,28
Namma Samsara,1971,8.7,27
There's Still Someone in the Woods (2021),2021,8.7,15
He yi fei xiang,2019,8.7,34
Shruti Seridaga,1987,8.7,80
Pippi,2006,8.7,25
Milos Revisited,2009,8.7,17
Premada Kanike,1976,8.7,103
Left Field,2009,8.7,13
Paradiso,2009,8.7,16
Jai Jagannath,2007,8.7,77
Bhagyada Lakshmi Baramma,1986,8.7,197
Gandhinagara,1968,8.7,20
Lullabye Before I Wake,2008,8.7,12
Aamar Pratigya,2008,8.7,71
Goru,2021,8.7,35
Paru Wife of Devadas,2014,8.7,9
Dead Buffalo,2009,8.7,11
Murir Tin,2005,8.7,26
Tanzania: A Journey Within,2011,8.7,33
Mahatma Kabir,1962,8.7,18
Grave Robbers,2006,8.7,15
Awasaan,2020,8.7,36
Malli Madhuve,1963,8.7,13
Who's with Me?,2021,8.7,17
Giri Kanye,1977,8.7,55
Yarivanu?,1984,8.7,81
The Great Leader Kanshiram,2017,8.7,17
$avvy,2021,8.7,18
Bowen's Heart,2021,8.7,13
Toobie,2007,8.7,11
Grandpa Guru,2024,8.7,19
Nikki,2022,8.7,27
Love Is Yellow,2020,8.7,32
Fulton Fish Market U.S.A.,2009,8.7,13
Leonard Cohen: Live in Dublin,2014,8.7,30
Mother of Color,2023,8.7,16
Jupiter's Dance,2006,8.7,24
Marked for Life,2006,8.7,19
Anyone You Want,2010,8.7,79
Twenty Pearls: The Story of Alpha Kappa Alpha Sorority,2021,8.7,47
Alya,2023,8.7,166
Out on Parole,2009,8.7,19
Les Cowboys Fringants: L'Amérique pleure - le film,2021,8.7,21
Citizen Lane,2013,8.7,17
The Sign for Love,2017,8.7,8
Tick Tick Again,2020,8.7,32
Narrativas do Pós,2021,8.7,6
Atsay killer buti nga sa'yo,1984,8.7,9
Enemy of the Heart,2021,8.7,25
For the Next 7 Generations,2009,8.7,100
20 Mississippi,2009,8.7,18
Tirsaat,2022,8.7,26
Urban Wolf,2010,8.7,46
Wives on Strike,2016,8.7,10
Kreka: Dreamcatcher,2021,8.7,24
Lockdown: Uma História de Desinformação e Poder,2021,8.7,12
Doppelgang,2021,8.7,29
Verona,2021,8.7,26
"Strive, Strive, Strive",2021,8.7,101
Canyon War: The Untold Story,2009,8.7,14
Southern Fists - The Rise of Heroes (2020),2020,8.7,68
Dawat E Shaadi,2016,8.7,13
Love Sorries,2021,8.7,106
S.L. Film,2000,8.7,21
King of Hearts - The Chris Barnard Story,2017,8.7,9
Queen City,2013,8.7,37
A Message from the East,2009,8.7,29
Punashchha Hari Om,2021,8.7,89
Stopping for Death: The Nurses of Wells House Hospice,2013,8.7,22
Save the Crew: The Battle for Columbus,2021,8.7,12
THE MESSENGER: A Story of mRNA,2023,8.7,12
Tim Hawkins: Insanitized,2010,8.7,18
Passage to Sweden,2021,8.7,12
Holy Ground,2023,8.7,24
Antaramasa,2021,8.7,8
My Father's Diaries,2024,8.7,16
Bipolar Light,2009,8.7,10
Shlomo Bar - A Musical Documentary,2021,8.7,9
The Outsiders,2018,8.7,8
Butterfly's Dream,2020,8.7,7
Fresh Water,2021,8.7,10
Ashes to Ashes,2021,8.7,9
Spider-Man: Preliminary,2021,8.7,7
Police Story,1996,8.7,43
Confessors and Traitors,2009,8.7,12
Lovers,2024,8.7,8
Kee Banu Duniyan Daa,1986,8.7,11
Astralis - Institution,2010,8.7,35
Transmission 6-10,2009,8.7,52
Stepping Softly on the Earth,2022,8.7,8
Adultolescence,2011,8.7,24
Tomorrow's End,2011,8.7,206
Minsky,2022,8.7,53
Hyde,2019,8.7,10
Boome Satellites in Texas,2022,8.7,144
Logos Zanzotto,2021,8.7,9
Mayan,2024,8.7,142
All 4da Green,2022,8.7,61
Welcome to San Pedro,2002,8.7,9
Vordum: Price of Death,2018,8.7,31
The Queen of Trees,2005,8.7,132
The Professional Idiot,2012,8.7,11
Vellakkarante Kamuki,2021,8.7,47
Women of Tibet: A Quiet Revolution,2008,8.7,33
Hangsaraj,1976,8.7,49
Women of Valor,2021,8.7,12
Quarter Life Crisis Movie,2007,8.7,14
King B.'s ROOST the Sequel,2010,8.7,21
Wild Slovenia,2021,8.7,91
Headwind 21,2021,8.7,35
Hollow Spaces,2009,8.7,13
"Salty Language, Peppered Morals",2009,8.7,29
Farándula la película,2023,8.7,15
Malecón,2025,8.7,8
Rat Rod Rockers!,2010,8.7,29
The Death of Richard Young,2009,8.7,19
Soyrik,2022,8.7,96
Son Bulusma,2008,8.7,334
The Friends We Haven't Met Yet,2009,8.7,11
Shrimad Rajchandra,2021,8.7,59
En stemme for livet,2009,8.7,10
Thatha Manavadu,1996,8.7,9
Dolna,1965,8.7,9
Unkapani: Bitmeyen masal,2021,8.7,7
Anurager Choa,1986,8.7,17
The Delicate Nature,2009,8.7,13
One Big Hapa Family,2010,8.7,64
A Very Short War,2010,8.7,68
Rainbows End,2010,8.7,36
Europolis - The Town of the Delta,2010,8.7,41
Jagger Gravning Syndrome: The Greatest Documentary of Our Time,2010,8.7,14
Az út vége,2003,8.7,8
"Nepal, in the Mountain's Shadow",2009,8.7,9
Tihi let,2020,8.7,8
Hamlin Pond,2009,8.7,18
The Pharmacist,2012,8.7,13
Jasper,2022,8.7,141
A Double Life,2023,8.7,15
Duga resa (Fringe Infringe),2021,8.7,10
Sounds Like a Revolution,2010,8.7,78
A Place Called Ardoyne,1973,8.7,9
The Silver Vindicator,2021,8.7,20
Starting Over,2013,8.7,59
Weeding Out,2010,8.7,16
Yooper Tours: on the North Country Trail,2017,8.7,13
Peter Santenello Vlog,2017,8.7,8
The Hidden Power of Purpose,2023,8.7,8
Powerwolf: The Monumental Mass: A Cinematic Metal Event,2021,8.7,33
DeMonD the movie,2021,8.7,33
Lastochki Khristovy,2021,8.7,9
Behavior,2011,8.7,19
The Corners,2010,8.7,26
Computer Love,2010,8.7,14
Powerful: Energy for Everyone,2010,8.7,17
Shades of Gray,2014,8.7,37
Life of an Alpha Male,2021,8.7,33
Morningstar,2022,8.7,39
Life! Camera Action...,2012,8.7,128
Camp Beaverbrook: The Movie,2010,8.7,8
Ami Soumitra,2022,8.7,8
Allahyar and the 100 Flowers of God,2023,8.7,83
For My Eyes Only,2021,8.7,9
Jake Moss Tries to Explain His Paintings,2021,8.7,10
Deepest Dark,2021,8.7,11
The Electroscheme,2010,8.7,13
"Agadez, the Music and the Rebellion",2010,8.7,21
O Velho Fusca,2026,8.7,16
Charlie Don't Surf,2012,8.7,83
"Dve ali tri stvari, ki jih vem o njej",2010,8.7,12
A3D Ayumi Hamasaki Arena Tour 2009 A: Next Level,2010,8.7,21
Empress of Vancouver,2023,8.7,16
Booz,2021,8.7,15
"Emancipation, Revelation, Revolution",2006,8.7,10
War Music,2010,8.7,19
Viktor & I: An Alexander Vesely Film,2010,8.7,23
What's the Name of the Dame?,2009,8.7,22
Pump Up the Mandali,2010,8.7,17
The Natural State of America,2011,8.7,19
Last Party,2024,8.7,56
DushtaKoota,2022,8.7,29
Susan Feniger. Forked,2023,8.7,21
"Sorry, We're Dead",2024,8.7,44
The Shadow of the Sun,2023,8.7,72
The Polar Explorer,2011,8.7,34
Troubadour Blues,2011,8.7,44
7 7,2022,8.7,16
War on Terror,2011,8.7,33
North Dixie Drive,2011,8.7,15
Alto do Minho,2012,8.7,90
Playing Burton,2011,8.7,25
Tropical Amsterdam,2011,8.7,8
40 Point Plan,2012,8.7,44
Forever's Gonna Start Tonight,2009,8.7,15
Book Smugglers,2010,8.7,16
Checked Out,2003,8.7,9
Gathering with the Men of Síða,2009,8.7,16
Lift Up,2011,8.7,13
When the Time Comes,2011,8.7,15
Bedeni,2011,8.7,53
Star War the Third Gathers: The Backstroke of the West,2010,8.7,101
Alexandra,2020,8.7,9
Breaking Point: Canada/Quebec - The 1995 Referendum,2005,8.7,24
The Wind of Al Amal,2013,8.7,116
A Love to Remember,2021,8.7,9
Pornmaking for Dummies,2007,8.7,43
Potra,2021,8.7,12
Ashens and the Fly on the Wall,2021,8.7,8
The World Cruzer,2022,8.7,7
Best in Blue,2011,8.7,17
Se mig som jeg er,2022,8.7,8
Coyote Requiem,2014,8.7,14
Under the Western Sun,2011,8.7,28
Cup of Dreams,2011,8.7,43
Help the World,2010,8.7,15
The Kingdom of Survival,2011,8.7,33
The Green Bandits,2013,8.7,21
Balandra Crossing,1987,8.7,44
Club,2011,8.7,13
Corridors,2023,8.7,22
Green Guild,2011,8.7,129
Take Me to the River: New Orleans,2022,8.7,27
Valley of the Succubus,2013,8.7,12
Heroes Crossing,2010,8.7,46
Kurt Laughs,2022,8.7,11
Blink,2022,8.7,13
The Killer Balloon,2022,8.7,16
City of a Million Dreams,2021,8.7,9
Three Days Grace: Live at the Palace 2008,2008,8.7,81
Let's Dance,2011,8.7,14
Palyad,2022,8.7,31
Shining Will Fall Down,2018,8.7,11
Bowery,2022,8.7,32
Scam,2022,8.7,19
Tall el Zaatar,1977,8.7,7
Roadcrew,2011,8.7,14
Live 2 Tell: The Lucas Torres Story,2011,8.7,9
Slay,2022,8.7,151
The Greatest Game,2022,8.7,58
Orkes Semesta,2022,8.7,14
"Locked Up Inna Jamaica: Criminality, Brutality & Inhumanity",2022,8.7,10
Juneteenth: Faith & Freedom,2022,8.7,29
Central - O poder das facções no maior presídio do Brasil,2017,8.7,6
La cabane du Bon Dieu,2011,8.7,19
The Ties That Bind,2023,8.7,27
Maximum Tolerated Dose,2012,8.7,40
Nishachar,2022,8.7,16
Gringos at the Gate,2012,8.7,23
Unter Wasser atmen - Das zweite Leben des Dr. Nils Jent,2011,8.7,29
African Territory,2022,8.7,34
Actor? A Documentary,2014,8.7,30
We Rise,2022,8.7,39
Rupture: A Matter of Life or Death,2011,8.7,16
War of the Flea,2011,8.7,12
The Dolls of Lisbon,2011,8.7,27
Placebo,2012,8.7,50
Mozart of Rap,2011,8.7,84
The Grand Rescue,2014,8.7,11
The Art of ScottChurch,2011,8.7,10
Thorium Remix 2011,2011,8.7,57
Terrace 13B Case,2022,8.7,48
Saara Vajra,2022,8.7,22
Der letzte Ketzer,2022,8.7,7
Young Heroes of Chaotic Times,2022,8.7,82
Male Fox Tale 3,2022,8.7,64
Franco Zeffirelli conformista ribelle,2022,8.7,25
A Letter to Dad,2011,8.7,30
The Desert of the Real,2025,8.7,14
As Batidas do Samba,2010,8.7,10
Storm City 3D,2012,8.7,14
Hard Grit,1998,8.7,41
29 kilometr,2012,8.7,78
Ub Lama,2011,8.7,36
Christmas Mouse,2022,8.7,10
After the End of the World,2022,8.7,8
Nji Prej Nesh,2022,8.7,143
Myth & Mystery,2011,8.7,85
The Respected Comrade Supreme Commander Is Our Destiny,2008,8.7,11
Ivan del mare,2021,8.7,10
Todo por amor,2022,8.7,28
The AckerMonster Chronicles!,2012,8.7,36
Thukool,2012,8.7,9
Super Vixens 4,2022,8.7,17
Mrs. Buica,2023,8.7,88
Maa Ka Doodh,2023,8.7,193
The Scent of the Wormwood,2022,8.7,14
Cielo e sabbia,2012,8.7,12
Maali,2022,8.7,50
Satchurated: Live in Montreal,2012,8.7,53
Colibrí,2024,8.7,7
The Colour of Spring,2020,8.7,40
Everybody Loves Porno,2012,8.7,14
The Caterpillar's Kimono,2013,8.7,47
Trigger ng mga Kumander,1983,8.7,10
Bob the Builder: When Bob Became a Builder,2004,8.7,29
Riyaa,2022,8.7,29
Broken & Beautiful,2012,8.7,32
Waterboyz: The Movie,2022,8.7,40
Pester,2014,8.7,67
99 Amaranto,2007,8.7,19
Outdoor School,2025,8.7,30
Facing Fear,2022,8.7,34
Nwanyibuife,2023,8.7,15
Atitlan in Bloom,2013,8.7,16
Broken Spectre,2022,8.7,33
TapeHead - The Return of Jacob Cobb,2023,8.7,24
Robbery of the Heart,2019,8.7,8
Less Lost,2012,8.7,32
Bulu Film,2022,8.7,32
Harvesting the High Plains,2012,8.7,149
Jana Gana Mana,2012,8.7,38
The Kingdom of Mister Edhi,2011,8.7,7
Tratante de blancas,2017,8.7,10
Saybrook: The Tully Girls,2011,8.7,12
Modern Tide: Midcentury Architecture on Long Island,2012,8.7,10
Just One More,2012,8.7,11
Stockade,2023,8.7,15
Dear Thirteen,2022,8.7,25
A Torn Heart,2021,8.7,11
"Cold, I Am: Ballad of the Bark Eater",2012,8.7,22
Siruvan samuel,2023,8.7,95
Kon Parka Kon Potana,2022,8.7,51
You Have No Idea,2023,8.7,92
Broken Mike,2012,8.7,11
Forgotten Transports to Estonia,2008,8.7,11
Todesstaub,2007,8.7,30
Sidi Mohamed Ouali,2007,8.7,7
Play Dead,2012,8.7,52
Tajland zemlja osmijeha,2008,8.7,11
The Endless Winter: A Very British Surf Movie,2012,8.7,82
Armin Only: Mirage,2011,8.7,63
Brick Madness,2017,8.7,51
"Love, Pride and Other Nonsense",2012,8.7,31
Blue Spirit,2022,8.7,51
Clown,2022,8.7,34
Wheelchair Mary,2013,8.7,16
Once Upon a Time in Italy,2022,8.7,69
Na Bhayam Na Lajja,2022,8.7,22
Memories of Gloomy Monsoons,2023,8.7,88
The Silver Eyes,2022,8.7,11
Adana Taskapi,2022,8.7,7
Slipping: Skate's Impact on Egypt,2012,8.7,10
Rawalpindi Express,2026,8.7,9
Dalua Downhill,2012,8.7,16
Jerry & Maggie: This Is Not Photography,2012,8.7,14
Chuck Close,2007,8.7,17
Nr. 7,2012,8.7,12
Motel Drive,2023,8.7,13
Hunter: For the Record,2012,8.7,19
Maria Del Norte,2012,8.7,7
The Other Kind,2015,8.7,23
We are Traffic!,1999,8.7,14
Ingili,2013,8.7,15
The Worst Thing,2012,8.7,20
The Chronicles of Snakeblade,2019,8.7,45
The Songpoet,2021,8.7,10
Dissensions,2012,8.7,116
When the Tables Turn: Reservation for 2,2023,8.7,11
The Only Doctor,2023,8.7,14
Anita,2012,8.7,19
Do No Harm,2025,8.7,33
Sanak,2024,8.7,11
Finster,2022,8.7,22
Journey of a Female Comic,2014,8.7,50
Passfire,2016,8.7,35
"Valaam, l'archipel des moines",2012,8.7,24
Utthamma Villian C/0 Mahadevpuram,2022,8.7,18
1982 Malvinas La guerra desde el aire,2009,8.7,9
L'axe lourd,2023,8.7,13
My Mother's Farm,2008,8.7,17
Refugees: Who Needs Them?,2013,8.7,9
Scarred but Smarter: Life n Times of Drivin n Cryin,2012,8.7,48
Dona Tututa,2013,8.7,13
Song of the Basques,2015,8.7,13
Layar,2023,8.7,59
See a Little Light: A Celebration of the Music and Legacy of Bob Mould,2012,8.7,17
Riders on the Storm,2023,8.7,22
Heart of a Murderer,2013,8.7,12
Quotation Gang,2024,8.7,63
Death in Umm Al-Hiran,2024,8.7,9
Megatown,2023,8.7,17
Maarey kadhaley maarchey kadhaney,2022,8.7,23
A fantástica fábrica da sanidade,2023,8.7,40
Estudiar en primavera,2014,8.7,29
Vida de Atriz - parte 2,2023,8.7,7
The Enchanted Enigma,2023,8.7,12
Hold It Now!!!,2026,8.7,22
Freak City Skates the Plaza,2023,8.7,9
A Pure Heart,2012,8.7,16
Prem Gori Taro Kem Kari Bhulay,2007,8.7,19
Vegetable garden in the conflict zone,2022,8.7,21
Piril: Sayilarin Gizemi,2024,8.7,70
Fires of Faith,2012,8.7,26
Materia viva,2023,8.7,9
Flying Lessons,2023,8.7,19
Now and Ever,2019,8.7,56
A Second Chance: The Janelle Morrison Story,2013,8.7,10
Stigma of Addiction,2020,8.7,7
Lily,2023,8.7,297
All the Labor,2013,8.7,9
Life in Paradise - Illegale in der Nachbarschaft,2013,8.7,8
La Montaña,2012,8.7,17
The Puffins: In Search of the Arctic Idol,2023,8.7,354
Il tricheco che voleva troppo,2023,8.7,345
Is It Real,2023,8.7,9
Bismillah Ki Barkat,1983,8.7,14
Thou Shalt Not Steel,2023,8.7,20
Titouan et les enfants du corail,2023,8.7,17
Purple Dreams,2017,8.7,21
The Keymaster: Patrick Olwell's Story,2013,8.7,13
TDM,2023,8.7,243
Journey 4 Artists,2013,8.7,10
West of Greatness: The Story of the Westwego Muscle Boys,2025,8.7,17
Songs Inside,2024,8.7,24
Stolen Education,2013,8.7,22
Photo,2023,8.7,35
The Last Violin,2023,8.7,10
Nowadays,2023,8.7,10
Saleem,2023,8.7,54
Four Ladies Dancing,2022,8.7,11
Glassmates,2024,8.7,74
How to Break a World Record,2024,8.7,8
Bettada Jeeva,2011,8.7,86
Antes de la Quemazon,2013,8.7,27
Zen Stories,2000,8.7,13
My Toxic Backyard,2014,8.7,20
Wasted,2023,8.7,13
The Promise,2024,8.7,269
I'm Dainius Novickas,2023,8.7,7
Realidade Violada 2: Central do Crime,2023,8.7,6
The Bridge,2013,8.7,18
Small Town Strong,2023,8.7,24
L'altro buio in sala,2022,8.7,8
Weaving the Past: Journey of Discovery,2014,8.7,30
Char Fera Nu Chakdol,2023,8.7,68
Radha Ramana,2023,8.7,421
Diminishing Value of Love,2024,8.7,15
The Wick: Dispatches from the Isle of Wonder,2013,8.7,10
The Driver Era: Live at the Greek,2024,8.7,13
Maa,2023,8.7,7
Sheela,2023,8.7,112
All for Nothing: Avacakdoes,2023,8.7,10
Shree,2021,8.7,7
Fading Away,2013,8.7,77
The Bitcoin Car,2023,8.7,33
Tough Ain't Enough: Conversations with Albert S. Ruddy,2013,8.7,22
Aparoopa,2023,8.7,29
Back to the Light,2024,8.7,7
Meera,2023,8.7,28
Fantasy A Gets a Mattress,2023,8.7,36
Iruttumala thazhvaaram/Rabbit breath,2023,8.7,23
The Carnival,2023,8.7,23
Y'a une étoile,2023,8.7,11
It's Complicated,2023,8.7,10
Rule Number 4,2023,8.7,182
Khalga,2023,8.7,29
Married to Comics,2023,8.7,17
Rongila Maiya,2007,8.7,8
Play Hard,2013,8.7,13
Ardhambardha Premakathe,2023,8.7,353
Let Them Be Naked,2024,8.7,27
Megalithic Origins,2023,8.7,14
Dil Dosti Deewangi,2023,8.7,17
Pio and the Cracks,2003,8.7,8
Laiskas Ukrainai,2023,8.7,8
Goddess of Slide: The Forgotten Story of Ellen McIlwaine,2024,8.7,25
Trafico de cancer,2003,8.7,8
Vildvej,2023,8.7,13
Joe Bonamassa: An Acoustic Evening at the Vienna Opera House,2013,8.7,42
"Northern Nights, Starry Skies",2023,8.7,10
StudZmen,2013,8.7,12
Osmitay,2023,8.7,39
Calorie,2025,8.7,31
The Ticket,2023,8.7,68
Rumku Jhumana,2013,8.7,30
Friends of Money,2013,8.7,14
A Good Neighbor,2023,8.7,9
Crossed Lives,2013,8.7,11
David F Noble: A Wrench in the Gears,2013,8.7,9
First We Bombed New Mexico,2023,8.7,31
The Friendly,2024,8.7,57
Bye Bye Lugo,2013,8.7,26
Sum of the Parts,2023,8.7,8
Malevolence on the Northside,2023,8.7,15
Papou,2014,8.7,17
Phir Ton Punjab,2023,8.7,15
Cercando Itaca,2025,8.7,16
Alumbrones,2013,8.7,15
Rainforest: The Secret of Life,2009,8.7,10
Magnum 87,2023,8.7,11
The Widowers,2014,8.7,36
OnlyHuman,2022,8.7,12
Wechselspiel,2013,8.7,10
Gaafil,2024,8.7,32
Workplace Drama the Play,2023,8.7,11
Moondove,2024,8.7,37
Memorizing Alison,2025,8.7,16
Reject,2013,8.7,12
Curse of the Gray Elephant,2011,8.7,113
I Killed My Son,2022,8.7,13
Tuk Tuk Girls,2023,8.7,29
Dear Jinri,2023,8.7,37
Vagrich and the Black Square,2015,8.7,39
"Hana Saku Heya, Hirusagari no Tsubomi",2019,8.7,13
Vishnu Sena,2005,8.7,39
Naam Katra Isai,2023,8.7,68
Kill Me,2026,8.7,24
The Premiere,2024,8.7,25
Vettel: More Than a Champion,2023,8.7,11
The Central Plains,2007,8.7,15
An Arctic Space Odyssey,2014,8.7,18
Disremember,2025,8.7,27
Todo Dia É 4 de Novembro: O Fluminense Conquista a América,2023,8.7,34
Get Active,2025,8.7,12
Harry Potter und der geheime Pornokeller,2008,8.7,141
Huntington's Dance,2014,8.7,15
Prima,2013,8.7,12
Armon,2023,8.7,8
Life Sentences,2013,8.7,28
The Knight Squad,2014,8.7,14
Intention,2024,8.7,56
De Mi Ansiedad a Tu Felicidad,2024,8.7,8
Shiv Mahima,1992,8.7,11
Sisters and the Shrink 5,2023,8.7,10
Arvet efter Fadime - Om hedersproblematiken i Sverige,2022,8.7,12
Los Dos Compadres,2023,8.7,20
Hope for Hurting Hearts,2013,8.7,21
Pain,2015,8.7,31
A Long Night,2026,8.7,45
Sehnsucht nach Firdaws,2024,8.7,7
Persistence of Memory,2014,8.7,9
A Moment in the Sun,2025,8.7,7
ClubHouse,2023,8.7,21
Crash Landing on You: Live in Seoul,2023,8.7,54
Maami,2011,8.7,35
Bigul,2024,8.7,54
Lady Chatterley's Lover,2022,8.7,13
All the Eyes,2024,8.7,408
Böhse Onkelz - Live in Dortmund,1997,8.7,9
Four Rivers Six Ranges,2025,8.7,55
Prezidentas,2024,8.7,36
Putins Bären - Die gefährlichsten Hacker der Welt,2024,8.7,97
Juvenile Transgressions,2013,8.7,29
Dak Dik Dos,2024,8.7,13
Osompurno,2024,8.7,13
Tops,2024,8.7,24
It Needs Eyes,2025,8.7,41
Split Gas,2014,8.7,13
All Access to Rossa 25 Shining Years,2024,8.7,66
When Time Passes,2024,8.7,9
Lakhe's Matric,2024,8.7,8
Lenore,2014,8.7,13
Teca e Tuti: Uma Noite na Biblioteca,2023,8.7,47
November 84,2014,8.7,104
Bananaland,2016,8.7,22
Out of the Picture,2024,8.7,8
Helena,2020,8.7,10
"Tomato, Big Cake and Victory",2024,8.7,26
"American Cats: The Good, the Bad, and the Cuddly",2024,8.7,75
Maharaaj,2024,8.7,144
Ali Eats America,2025,8.7,11
Poppay Ki Wedding,2024,8.7,80
Macaframa,2010,8.7,26
Torino Criminale parte 1,2019,8.7,58
HiSstory: Primitive,2022,8.7,9
Under the Lights,2025,8.7,106
A Horse Named Winx,2024,8.7,112
Revelations,2025,8.7,12
Beiek,2023,8.7,19
Being Nice,2014,8.7,13
Falling Into Your Smile (Movie Edition),2022,8.7,56
Dirty Hands,2025,8.7,17
Never Not Part 2,2013,8.7,14
Nanda Master'nka Chatasali,2023,8.7,396
Gaabh,2024,8.7,31
Uyirin Uyire,2025,8.7,15
Journey to the 100 Man Fight: The Judd Reid Story,2013,8.7,100
I 20,2024,8.7,497
Travel from Moscow to Plyos on the ship 'Knyazhna Viktoriya',2023,8.7,17
Bewafa Darling,2024,8.7,19
Surrender to It,2026,8.7,34
From Here/From There (De Aquí/De Allá),2024,8.7,13
Rumba Royale,2025,8.7,9
La comodidad en la distancia,2014,8.7,46
Warning! Life Goes On,2024,8.7,23
Redemption,2014,8.7,11
Scouts Honor: Inside a Marching Brotherhood,2014,8.7,179
Mau Mau,1970,8.7,7
Boghz,2014,8.7,31
The Home and the Cavity,2013,8.7,14
Seymour the Unfortunate Vampire,2024,8.7,15
Big brain Billy,2019,8.7,16
Mustard Man,2024,8.7,25
The Special Strike: Rebellion,2021,8.7,11
Khadmod- Sonnet of the Wild,2024,8.7,14
So Surreal: Behind the Masks,2024,8.7,24
The Chicken Nugget Man,2023,8.7,9
Pandemiya,2024,8.7,6
Bubbly Bindaas,2024,8.7,9
The Natural Law,2023,8.7,9
The Legend of Sudarshan Chakra,2024,8.7,32
Celestial Hunt,2013,8.7,14
Estepa,2024,8.7,6
4 Faces,2024,8.7,26
Louis Tomlinson: For Every Question Why - Live and Direct from Mexico City,2024,8.7,18
"Furchi, O Druzhe. Odessa v Balgarskoto Duhovno Vazrazhdane",2013,8.7,18
Dominatrices,2025,8.7,42
No such thing as loyalty 4,2024,8.7,38
Fallen Star,2025,8.7,7
Moving from Emptiness: The Life and Art of a Zen Dude,2014,8.7,28
Mount Lawrence,2015,8.7,79
Disorder,2024,8.7,85
Short! Short! Short!,2011,8.7,66
ThreePlay,2025,8.7,11
Girmit: The Fields of Sadness,2024,8.7,10
Il sogno dei pastori,2024,8.7,51
Vote for Sale,2024,8.7,9
Water for Life,2023,8.7,18
Black Butterflies,2024,8.7,11
Childish Things,2025,8.7,26
Leo Records: Strictly for Our Friends,2024,8.7,15
Hu Tara Vina Kai Nai,2024,8.7,17
My Ex's Wedding,2024,8.7,79
The Surgery Ship,2015,8.7,41
Cosmic Healing Journey,2024,8.7,10
Khoka Bhai Tama Pain: A Song Epic,2024,8.7,163
Karmayogi Abasaheb,2024,8.7,15
Sir Eta Kono Kotha,2024,8.7,7
Bhaimon Da,2025,8.7,379
"Norooz, Somewhere Else",2017,8.7,24
Out of Plain Sight,2024,8.7,36
Unearth,2024,8.7,12
Something You Can Call Home,2013,8.7,9
Generosity of Eye,2015,8.7,22
La Venganza De Tina,2023,8.7,20
Blood and Sanity,2025,8.7,15
Sara Bareilles Brave Enough: Live at the Variety Playhouse,2013,8.7,25
Una sola primavera,2024,8.7,7
Symphony of Survival,2024,8.7,6
Kan Pesum Vaarthaigal,2013,8.7,11
Blanco,2014,8.7,21
Beginning with the End,2014,8.7,23
Warpigs: Block to Block in Fallujah,2024,8.7,35
First Nights at Freddy's,2024,8.7,47
A Twist of the Wrist II,2009,8.7,96
Sergeant Pickle Breath and the Rooftop Warriors,2024,8.7,17
Mama,2024,8.7,11
Triggered,2012,8.7,11
Gostya iz kosmosa,2024,8.7,8
Painting a Life: Documenting an Approach to Painting,2014,8.7,9
Nachtcultuur,2024,8.7,14
Marrow,2026,8.7,37
NCT Dream Mystery Lab: Dream()Scape in Cinemas,2024,8.7,32
Desire of the Everlasting Hills,2015,8.7,27
"The Primordial Code, the Burning Essence",2024,8.7,18
Airport for Birds,2013,8.7,31
Baby Doe,2025,8.7,22
Fumika Poyoyon Sweet Heart,2022,8.7,11
Lealtad o Morir,2024,8.7,19
GT40: The Road to Spa,2026,8.7,10
Bachelor Santa,2025,8.7,12
Three Wishes for Cinderella,2026,8.7,7
Coronation Girls,2024,8.7,29
Stronger Than Bullets,2017,8.7,44
Eta Carina,2015,8.7,9
Breaking Into Beautiful,2024,8.7,35
A Matter of Life and Death,2025,8.7,21
Summer Rain,2025,8.7,18
The Waiting List: An Antidote,2025,8.7,13
Breakfast for Two,2016,8.7,15
Viral the Movie,2025,8.7,7
The Devil is a Lie,2025,8.7,8
Megillas Lester,2014,8.7,26
Don't Tell Mother,2025,8.7,17
Waffen für die Welt - Export außer Kontrolle,2014,8.7,15
Cuando lo peor haya pasado,2023,8.7,8
Stephanie Stevens,2025,8.7,9
Prodannye dushi,2025,8.7,13
Moleman 3 - Journey to the Surface,2014,8.7,41
Meshok kartoshki,2025,8.7,9
From Runes to Ruins,2014,8.7,59
Eternal Youth,2017,8.7,7
Fighter,2025,8.7,15
"Nature, pour une réconciliation",2025,8.7,35
Lost Wolves of Yellowstone,2025,8.7,18
Meneer L.,2025,8.7,14
Small Dogs Bark Loud,2025,8.7,14
Truth Rising,2025,8.7,23
Inside Fighter,2014,8.7,8
My Name Is Pedro,2017,8.7,14
The Chaplain & the Doctor,2025,8.7,7
Randy Bachman's Vinyl Tap: Every Song Tells a Story,2014,8.7,56
Primadonna or Nothing,2025,8.7,12
The Big Picture,2025,8.7,12
Breakaway Femmes,2025,8.7,28
Light in the Ruins,2026,8.7,16
Tara Rani Ki Amar Katha,1994,8.7,10
The cruel way,2025,8.7,56
Posco 307,2025,8.7,162
Everyone Is Lying to You for Money,2025,8.7,75
Two Men in Dallas,1976,8.7,21
André Rieu's 2025 Maastricht Concert: Waltz the Night Away!,2025,8.7,12
Gant Kalver,2025,8.7,7
El Ritual del Nahual,2026,8.7,99
Let's Ride Norwegen,2025,8.7,7
Family and Rugby,2025,8.7,8
O Que Resta de Nós,2025,8.7,6
Sting: When the Last Ship Sails,2013,8.7,66
American Cheerleader,2014,8.7,15
Renovables Forzosas,2025,8.7,16
Cosmic Dawn,2025,8.7,60
Juego de niños,1999,8.7,22
A Life Inside Me,2025,8.7,20
Road Rage,2016,8.7,16
Made for Marriage,2025,8.7,8
La Sangre Bárbara,2014,8.7,8
Life According to Ohad,2014,8.7,55
King Tara,2024,8.7,14
Seasons of War,2023,8.7,11
Mohar,2025,8.7,44
Tornando a casa,2014,8.7,11
Target Market: Kids,2011,8.7,8
Inky,2025,8.7,133
Magical Moe (PyinSaLet Moe),2025,8.7,28
The Loss of Forgetfulness,2025,8.7,8
Unbroken: The Unmukt Chand Story,2025,8.7,36
Tale of Phantom a Love Story,2023,8.7,155
The Cowboy,2025,8.7,24
"Yungblud: Are You Ready, Boy?",2025,8.7,291
It's Magic Time,2025,8.7,9
The Best of Aliens Uncovered: Part 1,2025,8.7,11
Malachi,2025,8.7,8
My Father and Qaddafi,2025,8.7,41
Super Bowl Champions: The 2024 Philadelphia Eagles,2025,8.7,12
Busted City,2014,8.7,19
"David Gilmour Live at the Circus Maximus, Rome",2025,8.7,324
La vida por mi barrio 13 (Mafia mexicana),2005,8.7,17
Lahari,2025,8.7,11
Tailbone,2025,8.7,32
2017 BTS Live Trilogy Episode III: The Wings Tour the Final - Remastered,2025,8.7,35
Hasina Dacait,2001,8.7,13
Cellar Noire,2025,8.7,7
"Le Pérou - Costa, Sierra, Selva",2011,8.7,12
Manlife,2017,8.7,32
Andre Rieu's 2025 Christmas Concert: Merry Christmas,2025,8.7,17
G-Dragon in Cinema: Übermensch,2025,8.7,62
Terra Magica,2015,8.7,15
Looking for Love,2025,8.7,11
El Tercer Espacio,2025,8.7,11
Three the Hardway,2025,8.7,8
Break the Stage,2020,8.7,12
In Passing,2025,8.7,11
Roditelskiy dom,2026,8.7,7
La dicha en movimiento,2025,8.7,11
Crime City,2008,8.7,15
Soldier,2025,8.7,37
The Trial of Alec Baldwin,2025,8.7,12
Napaas,2025,8.7,120
Rags 2 Riches: The story of Martin and Gina,2025,8.7,8
Going the Distance: A Honeymoon Adventure,2014,8.7,9
Karma,2025,8.7,8
The McFly Story,2025,8.7,11
Maruko: Friend's Promise,2025,8.7,9
One Warm Line: The Legacy of Stan Rogers,1989,8.7,33
Detective Dee and the Fire Dragon,2023,8.7,177
Behind the Castle Doors: The Origin of the Hilarious House of Frightenstein,2025,8.7,7
Una vita per l'aeronautica,2014,8.7,10
Keçi501,2025,8.7,9
Simply gay le film,2014,8.7,96
Art Therapy: The Movie,2016,8.7,48
Dilemma (Kapitel 1),2025,8.7,8
Tony Cairoli the Movie,2014,8.7,22
Slavko Kopac: Barbarska profinjenost,2025,8.7,17
Ang kababaihan ng Malolos,2014,8.7,9
Agesinkole 2: King of Thieves,2025,8.7,10
El Sueño Americano,2025,8.7,8
To What Remains,2021,8.7,47
The Key,2025,8.7,11
Y Crwydryn,2025,8.7,9
Wild Swimmers,2026,8.7,16
Deterring Aggression,2025,8.7,7
Triloka,2026,8.7,16
The Perfect Victim,2026,8.7,21
Scarecrows,2025,8.7,7
Mankind's Folly,2026,8.7,74
Home,2026,8.7,36
Só termina quando acaba,2024,8.7,10
First They Came for My College,2026,8.7,7
"Hey Monster, Hands Off My City",2014,8.7,18
Half of Twenty Two,2014,8.7,16
All My Sons,2026,8.7,62
Threshold,2026,8.7,30
Halcyon Dreams,2017,8.7,9
Le feu sacré,2015,8.7,15
House of a Lifetime: Richard Lewis,2014,8.7,9
Wardeh Deesheh,1991,8.7,7
Walang rape sa Bontok,2014,8.7,33
El Antillano,2014,8.7,22
Qajaq Man,2026,8.7,8
Missing 411: National Parks - Washington State,2026,8.7,95
Kid Cohen,2015,8.7,20
Circa Survive: Live at the Shrine,2014,8.7,12
Burma Road - Flying Tigers,2015,8.7,13
"How I Once Made a Movie for $2, 000 Part 2",2014,8.7,62
Puyoodakam,2026,8.7,10
I Stand Where Love Ends,2026,8.7,32
El triángulo rosa y la cura nazi para la homosexualidad,2014,8.7,9
The Weatherman's Umbrella,2016,8.7,14
Night Taxi,2026,8.7,6
Never Get Tired,2014,8.7,87
Pride in Battle,2010,8.7,13
The Man Behind the Suit,2016,8.7,9
Township Lessons from the Cape of Good Hope,2014,8.7,9
Piatek,2025,8.7,18
O Estopim,2014,8.7,17
The Promise,2017,8.7,93
Groom from Mars,2026,8.7,243
The Last One Left,2015,8.7,12
Los lemmings contraatacan,2014,8.7,12
Billy Joel: Live at Shea Stadium,2011,8.7,102
Journey to the Center of My Brain,2014,8.7,41
Sons of God: For Such a Time as This,2014,8.7,23
María y los niños pobres,2010,8.7,26
Taking Stock,2016,8.7,8
Ni vivos ni muertos,2014,8.7,11
It's All About Fish,2017,8.7,9
Bruce Springsteen & the E Street Band Houston '78 Bootleg: House Cut,2010,8.7,19
Godspeed: The Story of Page Jones,2015,8.7,12
From Streets to School,1999,8.7,15
Academy,2016,8.7,11
Action No.1,2004,8.7,8
The Nature of My Heart,2016,8.7,7
Unrepentant: Kevin Annett and Canada's Genocide,2006,8.7,24
Urban Cowboy: The Rise and Fall of Gilley's,2015,8.7,43
Reunification,2015,8.7,51
Dead End,2015,8.7,13
Good Friday,2014,8.7,15
Lalaloopsy: Festival of Sugary Sweets,2015,8.7,22
Parque Central,2017,8.7,7
Woman in Motion,2019,8.7,454
Izgubljeno dugme,2015,8.7,61
Nomadic Veterans,2015,8.7,9
Tocando la Luz,2015,8.7,16
Gravediggers,2022,8.7,9
Solo,2008,8.7,12
Dead Morning,2016,8.7,13
Yo Soy La Patrona,2016,8.7,18
A Kind of Sisterhood,2015,8.7,13
Icrush the Movie,2015,8.7,15
Jorawar,1996,8.7,12
Message in a Bottle,2017,8.7,44
De haas in de marathon,2012,8.7,10
Subero Ghaam,2014,8.7,19
Free Spaces,2015,8.7,7
Felled: A Documentary Film About Giving New Life to Fallen Urban Trees.,2016,8.7,28
Here's to Wishing I Had My Cats at the Rapture,2014,8.7,25
The Unexplored,2015,8.7,88
Main Cabrewali,2005,8.7,10
Cuero y Tinta,2015,8.7,8
The Seeds of Vandana Shiva,2021,8.7,61
I Shot Bi Kidude,2015,8.7,22
Twilight of the Fools: A Veiled Kunstlerroman,2015,8.7,11
Reuse! Because You Can't Recycle the Planet.,2015,8.7,8
Clank: Legacy,2016,8.7,90
Voyagers Without Trace,2015,8.7,14
Hugh Laurie: Live on the Queen Mary,2013,8.7,55
13 Number Feku Ostagar Lane,1966,8.7,30
Katy Perry: Making of the Pepsi Super Bowl Halftime Show,2015,8.7,38
15 Lighthouses of Puerto Rico,2015,8.7,7
Muslimah's Guide to Marriage,2018,8.7,24
Kokhono Asheni,1961,8.7,58
Alor Michil,1974,8.7,99
Chunauti,1996,8.7,122
The Three Stooges,2015,8.7,12
Den shakhtyora,2010,8.7,24
Los Océanos del Olvido,2014,8.7,14
Fame Dogs,2016,8.7,53
The Blue Cage,2015,8.7,47
KO,2016,8.7,12
Finding Messiah,2016,8.7,9
Queen Nanny: Legendary Maroon Chieftainess,2015,8.7,11
Recapture,2016,8.7,22
Everything Matters,2018,8.7,13
For Lack of Better,2015,8.7,22
History of Yoga,2015,8.7,18
Taka Ana Pai,1970,8.7,26
American Saturday Night: Live from the Grand Ole Opry,2015,8.7,28
Jobs for G.I.s,2015,8.7,14
Classic Kutz,2016,8.7,11
"Bruce Springsteen & the E Street Band: The River Tour, Tempe 1980",2015,8.7,105
Ghosts of the République,2020,8.7,10
Inacreditável: A Batalha Dos Aflitos,2006,8.7,101
This Is Your Day,2015,8.7,12
Through the Eyes of the Photographer,2015,8.7,17
Valentina,2016,8.7,18
Nicole et Félix,2014,8.7,8
Ononto Prem,1977,8.7,12
Family Mission: The TJ Lobraico Story,2016,8.7,9
The Sea Falling for the Blues,2015,8.7,15
Mon Jaai,2008,8.7,188
Habaneros U12,2016,8.7,13
The Ability Exchange,2016,8.7,38
Limp Bizkit Money Sucks Tour Diary,2015,8.7,12
Amrutha Varshini,1997,8.7,337
Matilda & Me,2016,8.7,73
The Go-Betweens: That Striped Sunlight Sound,2005,8.7,10
Tanz der Zuckerfee,2016,8.7,7
The Pathway,2016,8.7,9
Camp William,2015,8.7,16
24 Heures sur place,2014,8.7,11
The Window,2016,8.7,12
Saigneurs,2016,8.7,9
1st Sem,2016,8.7,44
Bhanwar,2017,8.7,34
Fifty: The Movie,2016,8.7,8
"Alone Across Alaska: 1,000 Miles of Wilderness",2013,8.7,16
Boys from Nowhere: The Story of Boston's Garage Punk Uprising,2016,8.7,9
Two Kates,2015,8.7,31
Blekkmetal,2016,8.7,9
A Sense of Purpose: Fighting for Our Lives,2019,8.7,24
Moner Moto Bou,1969,8.7,9
By the Grace of God,2018,8.7,15
In Search of Voodoo: Roots to Heaven,2018,8.7,76
The Marshall Plan,2016,8.7,11
Viking Power: The training of Svend Karlsen,2004,8.7,9
Crisis in the Valley,2016,8.7,14
Love Mein,2025,8.7,167
Death Before Discomfort,2016,8.7,11
Last Fisherman,2017,8.7,19
Mariam's Day Off,2017,8.7,53
The Blackhawk Dilemma,2016,8.7,93
Mariannes Noires,2017,8.7,10
Return to Park Ex,2017,8.7,10
Answering the Call,2016,8.7,15
Ocean of Grass: Life on a Nebraska Sandhills Ranch,2018,8.7,30
Muhi: Generally Temporary,2017,8.7,99
"Dom, ljubi dom",2016,8.7,9
Rocky Ros Muc,2017,8.7,26
From Life to Life,2023,8.7,27
Swede Prince from Imereti,1995,8.7,113
Garage Rockin' Craze,2017,8.7,17
Filthy Swine,2018,8.7,11
Asszonyok lázadása,2017,8.7,79
Chase in Space,2006,8.7,23
Newton: The Force of God,2016,8.7,60
Marcha Cega,2018,8.7,22
Kurdistan Kurdistan,2015,8.7,24
Tamarrud,2016,8.7,41
Bahniman,2016,8.7,25
A Happy Married Life,2016,8.7,10
Bleeding Audio,2020,8.7,81
Gnothi Seauton,2015,8.7,99
Tuglak,2012,8.7,68
Raaga,2017,8.7,126
Krishna Balram: Kalvakra,2010,8.7,88
Tajuddin Ahmad: An Unsung Hero,2007,8.7,10
Karate in Ontario: The Uphill Battle. The Cost of Raising a Champion,2016,8.7,48
Buchcha,2017,8.7,11
New You,2018,8.7,15
Barad,2016,8.7,12
Balidaan,1997,8.7,138
Human Contact,2017,8.7,31
Jalón,2020,8.7,19
Bluefish,2017,8.7,186
Voyage of the Southern Sun,2017,8.7,21
Keluarga 99,1987,8.7,8
Kao na filmu,2017,8.7,36
Man at Home,2017,8.7,17
The Gamechangers,2017,8.7,20
Founding Father,2017,8.7,7
The Grizzly Truth,2017,8.7,20
Amar Shopno Tumi,2005,8.7,86
Detroit 48202: Conversations Along a Postal Route,2018,8.7,25
My Best,2017,8.7,11
Terra Masonica,2017,8.7,22
We Are the Geordies,2020,8.7,54
Mr Pickpocket,2017,8.7,9
Upgrade,2016,8.7,69
I May Regret,2018,8.7,51
Karajan: the Maestro and His Festival,2017,8.7,11
The Killer's Requiem,2018,8.7,11
You Can Call Me John,2017,8.7,69
Drømmeland,2017,8.7,38
Ticket Holders or: A Metaphysical Journey Through a Cineast's Brain,2017,8.7,40
Buried Seeds,2019,8.7,32
Art & Style: Mona Lucero,2017,8.7,13
Enemies,2017,8.7,34
For Dear Life,2017,8.7,10
A Film for Northern Uganda,2016,8.7,14
Left: A Coast-to-Coast Journey on Foot,2016,8.7,7
Royal Opera House Live Cinema Season 2015/16: The Nutcracker,2016,8.7,13
Hunger for Truth,2018,8.7,17
Phantom of the Opera at the London Coliseum,2017,8.7,15
The Order of Three,2015,8.7,9
The Beautiful Kokonor Lake,2017,8.7,26
Soberano: Seis Vezes São Paulo,2010,8.7,45
Kornél On Tour,2017,8.7,71
The Tale of the Sparrow,2015,8.7,17
If I Could Run,2018,8.7,50
Amado,2018,8.7,9
Pleasure Unwoven: An Explanation of the Brain Disease of Addiction,2009,8.7,30
Kingspin,2018,8.7,25
Deuta,1993,8.7,67
The Exceptionals,2017,8.7,10
Arlette: en historie vi aldrig må glemme,2017,8.7,7
Contact,2017,8.7,48
Luz en el encierro,2013,8.7,17
Surau dan Silek,2017,8.7,96
311 Revival,2017,8.7,16
UnExpected Reasons,2018,8.7,11
Musical Drama Chinese Gospel Choir 19th Performance,2017,8.7,166
Bialy Wilk: Historia komputerowego Wiedzmina,2017,8.7,46
Premer Katha Koli,2011,8.7,8
Revolution Selfie; the Red Battalion,2017,8.7,9
Faith in God,2017,8.7,117
Calvinist,2017,8.7,253
The Rain Dance,2016,8.7,27
Elkarrekin Together,2017,8.7,8
Thalatta,2017,8.7,24
Lovers of the Night,2020,8.7,8
Kolej Havasi,2019,8.7,259
Calendar,2018,8.7,24
Teeth,2017,8.7,34
Watchers 10,2016,8.7,15
Amazon Arising: Joy in the Jungle,2017,8.7,12
Job,2017,8.7,36
In the Company of Joan,2016,8.7,14
No Ordinary Sheila,2017,8.7,14
"Child, Come Back Home",2017,8.7,120
West Coast Gothic,2023,8.7,36
What a Beautiful Voice,2017,8.7,86
Otvorenih ociju,2017,8.7,8
Still Chicago,2014,8.7,10
The Heart Revolution,2025,8.7,11
Bhalobasar Golpo,2019,8.7,11
Mallela Theeramlo Sirimalle Puvvu,2013,8.7,22
Hoops Africa: Ubuntu Matters,2017,8.7,41
6ix Rising,2017,8.7,10
Being Gavin,2019,8.7,15
Imphal & Kohima: Britain's Greatest Battle,2018,8.7,9
A Piece of Paradise,2017,8.7,9
The Queens,2018,8.7,17
Journey of a Yes,2017,8.7,9
The Opiate Diaries,2018,8.7,85
5 Silahsörler,2020,8.7,8
Parked,2018,8.7,7
The American War,2018,8.7,24
Salaam Zindagi,2017,8.7,19
Magnetic Mountains,2017,8.7,41
The Straight and Narrow,2018,8.7,9
Are We Making a Film? Behind the Scenes: Follow the Dead,2018,8.7,13
Hatsune Miku Snow Miku Live! 2018,2018,8.7,12
The Human Race,2019,8.7,35
Kandak Sema,2023,8.7,39
I'm in Love,2007,8.7,63
Carta Blanca,2021,8.7,33
Deadly Roses,1989,8.7,6
Les Passionnés,2010,8.7,13
Kerja Kahwin,2017,8.7,10
Ladies on Laughter,2018,8.7,14
Our Quinceañera,2020,8.7,15
Neer Khoje Pakhi,2017,8.7,12
Love Betting,2018,8.7,13
Thank You 5,2020,8.7,12
Dost Asava Tar Asa,1978,8.7,16
Pari Hoon Main: I'm a Fairy,2018,8.7,12
Dhuusar,2019,8.7,77
The Voice That Rocked America: The Dick Biondi Story,2023,8.7,8
Only Dance Can Save Us,2019,8.7,8
I skogen,2017,8.7,30
Pawns' Volition,2021,8.7,8
3 Seconds Behind the Wheel,2018,8.7,18
The Chainsmokers: Memories,2018,8.7,14
Gallero De Corazon,2018,8.7,14
Crystal,2019,8.7,14
Winter Will Not Be,2018,8.7,48
Ramen Fever,2021,8.7,14
Keeper of Time,2022,8.7,30
"Sipe: Sex, Lies, and the Priesthood",2018,8.7,7
Premi Jhukya Nathi Ne Jhukshe Nahi,2011,8.7,23
Making the Five Heartbeats,2018,8.7,80
Thirudathey Papa Thirudathey,2018,8.7,70
Colossal Youth Yearbook,2020,8.7,12
Gulf,2017,8.7,50
Anne and Andy,2017,8.7,8
The Act III: Moment of Truth The End,2018,8.7,57
Where Is Nancy?,2020,8.7,11
Playing the Changes - Tracking Darius Brubeck,2024,8.7,9
Zirka,2023,8.7,25
Secret Ingredients,2018,8.7,41
Sarabha,2023,8.7,54
Live The Stream: The Story of Joe Humphreys,2018,8.7,65
Kuch Der Aur,2018,8.7,45
Repeat Offender,2018,8.7,32
My War Hero Uncle,2018,8.7,15
Dhoolipata,2018,8.7,10
Shakespeare's Globe: Richard II,2015,8.7,30
Fate's Shadow: The Whole Story,2021,8.7,65
Gamble,2018,8.7,15
Miss Angela,2021,8.7,21
"Lo Scorzamauriello, tra mito e tradizione",2018,8.7,8
A Rising Tide of Silence,2013,8.7,24
Italia 70,2018,8.7,10
Gallo de pelea,2020,8.7,9
La Pelota de Letras,2005,8.7,47
Legends of War,2019,8.7,140
Beer Boom,2020,8.7,12
Marconi,2019,8.7,13
AusWeg,2024,8.7,42
Unfriends,2019,8.7,14
Aasud,2019,8.7,12
Vlyublyonnye,2009,8.7,7
College Diary,2019,8.7,23
Little Boy,2019,8.7,9
The Stray Story: A Dogumentary,2021,8.7,31
Sisters of the Trees,2018,8.7,11
The Forgotten Ones,2019,8.7,12
Kaye Ballard - The Show Goes On,2019,8.7,234
Midnight Song,2021,8.7,26
Something's More Than One Thing,2024,8.7,104
Tar Galpo,2022,8.7,18
Seize & Secure: The Battle for La Fière,2019,8.7,20
Randy Writes a Novel,2018,8.7,290
The Passion of Love,2018,8.7,9
Conversazione su Tiresia,2018,8.7,24
Masked Ball,1917,8.6,18
The Perfect Woman,1920,8.6,20
The Wreck of the Hesperus,1927,8.6,9
The Public Life of Henry the Ninth,1935,8.6,9
La tonta del bote,1939,8.6,8
Herzensfreud - Herzensleid,1940,8.6,10
Swift Current,1952,8.6,26
Ihre große Prüfung,1954,8.6,29
The Fireflies' Glow,1955,8.6,12
Dada Thakur,1962,8.6,40
Sofi,1968,8.6,30
Izpit,1971,8.6,77
Russia,1972,8.6,45
Dan Iyo Xarago,1973,8.6,7
Lebanon... Why?,1977,8.6,20
"Max Frisch, Journal I-III",1981,8.6,7
90 Degrees South,1987,8.6,29
Halodhia Choraye Baodhan Khai,1987,8.6,116
IEP,1991,8.6,11
Livingroom,1991,8.6,7
Frida Kahlo: A Ribbon Around a Bomb,1991,8.6,22
"Roy Rogers, King of the Cowboys",1992,8.6,61
To Render a Life,1992,8.6,29
The Flower of Desire,1993,8.6,15
Lillian,1993,8.6,43
Notes from the Attic,1993,8.6,22
Glenda and Camille Do Downtown,1993,8.6,20
Nekrologji,1994,8.6,13
"Pitra, Putra Aur Dharamyuddha",1994,8.6,187
Before You Go,1995,8.6,36
"The Last Klezmer: Leopold Kozlowski, His Life and Music",1994,8.6,34
N.E.P.,1995,8.6,12
Prerokbe Ognja,1996,8.6,104
The Sixth Sun: Mayan Uprising in Chiapas,1997,8.6,24
Lucky Angel,1996,8.6,17
"Mirror, Mirror",1996,8.6,44
Mystery of the Last Tsar,1997,8.6,14
"Ricardo, Miriam y Fidel",1997,8.6,22
O Primo do Cangaceiro,1955,8.6,12
Condemned,1984,8.6,40
The Dinner,1997,8.6,27
Staccato Purr of the Exhaust,1996,8.6,29
Paths of Life,1981,8.6,64
Dream Road of the World,1958,8.6,14
The Ultraworld,1997,8.6,20
Time Waits for Snowman,1985,8.6,11
Die Zeit mit dir,1948,8.6,12
Our Land,1979,8.6,105
Jigoku no kifujin,1949,8.6,32
Smooth Criminal,1993,8.6,24
Habiba Msika: The Dance of Fire,1994,8.6,23
Seduction,1990,8.6,15
Shivrei T'munot Yerushalayim,1996,8.6,37
Jata Mat Tata Path,1979,8.6,10
Nufarul rosu,1956,8.6,25
Jawab,1942,8.6,12
Thakas Mahathak,1984,8.6,32
Chheley Kaar,1954,8.6,29
Matamgi Manipur,1972,8.6,32
Queen: Champions of the World,1995,8.6,207
"Queen: Magic Years, Volume One - A Visual Anthology",1987,8.6,148
Bardot,1992,8.6,7
Trouble with Traci,1986,8.6,20
Miss... or Myth?,1987,8.6,11
Girlfriends,1996,8.6,12
Van Movie to Berlin,1996,8.6,12
Difficile morire,1977,8.6,10
Hollywood Chronicles,1990,8.6,10
Pola's March,1998,8.6,19
Head in the Clouds: Alastair Galbraith & Peter Jefferies in America,1994,8.6,10
Chimera House,1999,8.6,20
Ruta Wakening,1996,8.6,15
The Devil's Joint,1969,8.6,21
The Old Memory,1978,8.6,50
L'Orfeo,1978,8.6,64
Prabhupada: A Lifetime in Preparation,1996,8.6,21
Four Winds Island,1961,8.6,23
La Belle Dame Sans Merci by John Keats,1997,8.6,13
110/220,1999,8.6,7
Lalai Dreamtime,1972,8.6,6
Get the Hell Out of Hamtown,1997,8.6,18
The Song of Leonard Cohen,1980,8.6,25
Aulad el rih - Les enfants du vent,1980,8.6,6
Unveiled: The Mother/Daughter Relationship,1997,8.6,7
Pitchmen,1985,8.6,15
The Green Spider,1916,8.6,8
Fauji Chacha,1980,8.6,8
Surya Sikha,1963,8.6,19
Pandit Bhimsen Joshi,1992,8.6,11
The Atheist and the Jew,1993,8.6,11
The Grease Monkeys,1979,8.6,31
The Deadly Game of Nations,1983,8.6,17
The Road to Total War,1983,8.6,18
Broken Promises: The High Arctic Relocation,1995,8.6,10
The Artist's Journey: Funk Blast,2000,8.6,21
Ellen's Story,1992,8.6,14
An Evening with Marlene Dietrich,1973,8.6,63
Mera Dharam Meri Maa,1976,8.6,18
Amrutha Ghalige,1984,8.6,62
Malyadaan,1971,8.6,20
Naukadubi,1979,8.6,23
Palva Palvi,1990,8.6,86
Bettada Hoovu,1985,8.6,290
Simhasanam,1986,8.6,85
Anakku Sazali,1956,8.6,98
Galli Te Dilli,1982,8.6,19
Har Har Gange,1968,8.6,15
Ondu Muthina Kathe,1987,8.6,270
X-Philes,2000,8.6,19
Enfants de choeurs!,2000,8.6,12
Die Stimme aus dem Äther,1939,8.6,14
I lupi dentro,2000,8.6,12
Controlling Interest: The World of the Multinational Corporation,1978,8.6,10
L'incoronazione di Poppea,1979,8.6,53
Sugihara: Conspiracy of Kindness,2000,8.6,101
Samrat Ashok,1992,8.6,344
Mahishasura Mardini,1959,8.6,55
Life Under Mike,2000,8.6,46
Rangoon Rowdy,1979,8.6,43
Ugranarasimham,1986,8.6,56
Gulebakavali Katha,1962,8.6,92
Papam Pasivaadu,1972,8.6,42
Domani,1998,8.6,14
Polish Spaghetti,2001,8.6,14
Wanita Bertudung Hitam,1992,8.6,15
Elektra,1981,8.6,94
My Father's Camera,2001,8.6,14
Imagi Ningthem,1981,8.6,38
The Young & the Hung,1985,8.6,77
Buna,1975,8.6,14
Sahabat,1991,8.6,15
Penyair malam,1998,8.6,7
Aamhi Jato Amuchya Gava,1968,8.6,24
Building Bombs,2000,8.6,30
Une infinie tendresse,1970,8.6,54
Qäm Päncäräsi,1988,8.6,145
The Big House,1949,8.6,7
Khandan,2002,8.6,22
Amigo Ernesto,1986,8.6,8
Galpa Helebi Sata,1976,8.6,38
Shiva Sainya,1996,8.6,18
Manmandir,2002,8.6,16
Breath Control: The History of the Human Beat Box,2002,8.6,70
Der Mord mit der Schere,1984,8.6,11
Günahini ödeyen adam,1952,8.6,9
I Am My Father,2001,8.6,15
My Brother's Light,2002,8.6,40
Uncle Frank,2002,8.6,58
Jotugriha,1964,8.6,71
One More Dead Fish,2004,8.6,16
Padre nuestro que estas en la tierra,1972,8.6,10
Ranadheera Kanteerava,1960,8.6,45
Gulacha Ganapati,1953,8.6,49
Ladies Night,1983,8.6,14
Krishnamurti: With a Silent Mind,1990,8.6,13
"Ooops, teka lang... Diskarte ko 'to!",2001,8.6,28
A Weekend of Deceased Persons,1988,8.6,197
Dancing for Mr. B: Six Balanchine Ballerinas,1989,8.6,28
El judicial,1984,8.6,12
Mexico vs. Estados Unidos,1984,8.6,9
Pic Pic André shoow,1988,8.6,8
Boom: The Sound of Eviction,2001,8.6,12
Egoli: My South African Home Movie,1997,8.6,19
The Federation of Black Cowboys,2003,8.6,8
Fire Within,2004,8.6,20
Anatomy of a Fight,2003,8.6,46
Asphyxiating Uma,2002,8.6,19
American Icon,2001,8.6,8
The Executed,2004,8.6,55
The Pride of Broken Arrow,2003,8.6,30
Zwei Deutsche,1988,8.6,10
Book of Danny,2002,8.6,19
Hustler,2002,8.6,13
The Heart of the Sea: Kapolioka'ehukai,2002,8.6,33
Jesus Freak,2003,8.6,21
Seven to Midnight,2002,8.6,17
Memphis Bound... and Gagged,2001,8.6,50
Shri Ramanjaneya Yuddha,1963,8.6,29
Kailan tama ang mali,1986,8.6,128
Keralida Simha,1981,8.6,49
Feel Neil,2003,8.6,23
Inside Out in the Open,2001,8.6,8
Pralaya Garjanai,1983,8.6,33
Scallop Pond,2004,8.6,79
A Separate Voice: Lives of the Traditional Orthodox and Chassidim,2000,8.6,11
Homecoming,2004,8.6,29
Regalo,1996,8.6,21
"Tango, un giro extraño",2005,8.6,51
Lihim,1996,8.6,82
El cholo,2001,8.6,11
A Community Speaks,2004,8.6,19
Held Hostage in Colombia,2003,8.6,53
The Leaving,2003,8.6,18
Ke Kulana He Mahu: Remembering a Sense of Place,2001,8.6,8
My Name Is Buttons,2002,8.6,38
Voodoo,1993,8.6,19
3 Feet Under: Digging Deep for the Geoduck,2003,8.6,33
El perro malagradecido,2003,8.6,7
Unknown Passage: The Dead Moon Story,2006,8.6,105
Bad Boy,2004,8.6,13
Rats & Bullies,2004,8.6,40
Bulgaria: baza danni,2004,8.6,23
Peter Tatchell: Just Who Does He Think He Is?,2004,8.6,29
Final Solution,2004,8.6,498
Tom's Wife,2004,8.6,34
Gary Snyder: Ecology and Poetry,2002,8.6,15
Olga Benario - Ein Leben für die Revolution,2004,8.6,50
Planet Ibsen,2005,8.6,47
The Rule of Vera,2004,8.6,18
Trollywood,2004,8.6,69
La mafia de Nuevo Laredo,1991,8.6,17
Kung tayo'y magkakalayo,1991,8.6,11
Words from the Heart,2003,8.6,8
Out of Our Dens: The Richard and the Young Lions Story,2004,8.6,28
Made in Fante,2004,8.6,9
Afroargentinos,2005,8.6,12
David Hockney: The Colors of Music,2003,8.6,23
A One Time Thing,2004,8.6,41
Drowning,2004,8.6,12
Villisca: Living with a Mystery,2004,8.6,98
The Rescuer,2011,8.6,18
What the Big Boys Eat,1985,8.6,8
Milk Can,2005,8.6,20
Si Lucio at si Miguel: Hihintayin kayo sa langit,1992,8.6,19
The Gravel Road,2005,8.6,17
Catering Comeback,2005,8.6,70
The Cleaning Lady,2005,8.6,22
Oulu Burning: Town That Vanished,1998,8.6,16
American Skin 2: Eagles Gathering,2005,8.6,37
Internationally Speaking,2005,8.6,38
Ging Gang Gooly Giddiyap: I Love You Daddy,1994,8.6,10
Dreamer: The Movie,2004,8.6,33
Artist of Resistance,2005,8.6,15
Rollin' Through the Decades,2005,8.6,23
The Grasslands,2011,8.6,30
A Good Band Is Easy to Kill,2005,8.6,56
Homeland: Four Portraits of Native Action,2005,8.6,39
Johnny Berlin,2005,8.6,61
Pamilya Banal,1989,8.6,17
Wildwood Days,2008,8.6,26
Invisible,2005,8.6,95
Confederate Goliath,2004,8.6,21
A Happy Ending,2005,8.6,80
Douglas Byrne: Freelance Journalist,2005,8.6,12
The Power of Harmony,2005,8.6,39
Fellowship,2005,8.6,38
Lost Secrets of Ancient Medicine: The Journey of the Blue Buddha,2006,8.6,16
Life on the Road with Mr. and Mrs. Brown,2009,8.6,45
Apradhi,1974,8.6,41
"Otros nosotros, México ciudad hip hop",2005,8.6,7
Two Museums,2005,8.6,13
Les Européens,2006,8.6,63
Souvenir,2006,8.6,47
The Agonist,2007,8.6,13
True Men,2006,8.6,23
Warum Ulli sich am Weihnachtsabend umbringen wollte,2005,8.6,19
Téléphonie mobile: sommes-nous tous des cobayes?,2003,8.6,7
Wir leben im 21. Jahrhundert,2004,8.6,8
The Emerald Diamond,2006,8.6,23
Capital (Todo el mundo va a Buenos Aires),2007,8.6,31
Facing Goliath,2006,8.6,20
Yesterday's Tomorrow,2007,8.6,17
Cocked,2005,8.6,16
Hand of God,2006,8.6,66
Portrait of Queenie,1964,8.6,24
Elwood Carlisle Superstar!,2006,8.6,8
Abbie Girl Spy: Timepiece,2005,8.6,10
Speechless,2006,8.6,31
Ronny & Cindy in All of Us,2006,8.6,24
Last Best Hope,2006,8.6,37
Wir woll'n die Ärzte sehn,2003,8.6,13
The Alpha Diaries,2007,8.6,73
Truth in Terms of Beauty,2006,8.6,24
Sa North Diversion Road,2005,8.6,33
The Parisian,1931,8.6,12
Le brahmane du Komintern,2006,8.6,10
"AFSPA, 1958",2006,8.6,21
Remembering Arthur,2006,8.6,57
Katrina Diary,2006,8.6,23
Yehudi Menuhin: The Violin of the Century,1996,8.6,33
Jan Plewka singt Rio Reiser - Eine Reminiszenz an den König von Deutschland,2005,8.6,7
Samotkhis gvritebi,1997,8.6,68
Tetri bairagebi,1990,8.6,431
Dream Kelly,2006,8.6,19
Houwelandt - Ein Roman entsteht,2005,8.6,15
New York Spin,2002,8.6,12
The Sofa,2006,8.6,14
Breaking Ranks,2006,8.6,18
Touch Wood,2010,8.6,25
Halcones,2006,8.6,10
The Anger,2006,8.6,24
JailCity,2006,8.6,51
River Bottom,1993,8.6,15
The Forgotten Eagles,2006,8.6,11
Lonely Man of Faith: The Life and Legacy of Rabbi Joseph B. Soloveitchik,2006,8.6,16
Ella at Five,2006,8.6,49
Adhirindhi Alludu,1996,8.6,164
The Story of Elvis Presley,1977,8.6,20
The Catalpa Rescue,2007,8.6,35
Drawn by Pain,2007,8.6,110
Have You Heard from Johannesburg: Hell of a Job,2010,8.6,14
Have You Heard from Johannesburg: Road to Resistance,2010,8.6,14
Trailer Trash: A Film Journal,2007,8.6,9
Much Ado About W: Art Wars of Santa Barbara,2007,8.6,9
Nital,2006,8.6,83
Jackrabbit Sky,2009,8.6,17
"Ready, Set, Bag!",2008,8.6,91
Fuel,2008,8.6,64
Los más buscados 3,2005,8.6,11
A Small Problem,2023,8.6,14
Life Mein Twist Hai,2014,8.6,13
Mossville: When Great Trees Fall,2019,8.6,38
Layover,2009,8.6,25
Sixty Days,2007,8.6,7
Anak ng lupa,1987,8.6,20
Once in a Hundred Years: The Life and Legacy of Marian Anderson,2019,8.6,14
Get Real,2019,8.6,9
Undga,2017,8.6,38
Lillie & Leander: A Legacy of Violence,2007,8.6,19
Bau Na Vichaar,2019,8.6,93
Loud Love,2024,8.6,17
El infinito sin estrellas,2007,8.6,10
The Ballad of Esequiel Hernández,2007,8.6,73
Second Chance,2007,8.6,10
Munn Arivippu,1993,8.6,10
On the Divide,2021,8.6,69
Prey,2019,8.6,49
Dancing on the Elephant,2025,8.6,21
Where's My Stuff?,2011,8.6,11
Traditional Indigenous Ways of Being,2019,8.6,10
Yeshua,1984,8.6,18
The Outsider,2018,8.6,21
Blood Memory,2019,8.6,10
Upstaged.,2007,8.6,11
How Clarence Became Truly Normal,2007,8.6,18
8000 Paperclips,2020,8.6,9
Shadow of the House,2007,8.6,14
Youn'G,2024,8.6,53
Clinging with Hate,2018,8.6,49
Paw Patrol: Sea Patrol,2018,8.6,81
On the Brink,2019,8.6,12
Sanctuary,2019,8.6,8
Basenji,2023,8.6,22
Balkan Blood,2019,8.6,10
San 84 Justice,2021,8.6,31
Shades of Grace,2007,8.6,16
Smile of April,2009,8.6,40
Badang,1962,8.6,9
Malchiki v nebe 2,2004,8.6,100
The Homeland,2006,8.6,55
De zomer van '69,2019,8.6,13
The Foam of Days,2022,8.6,6
The Seventh Python,2008,8.6,47
All Wars Are Bankers' Wars,2016,8.6,50
Oru Desa Visesham,2019,8.6,10
Breed,2021,8.6,204
La Mora,2020,8.6,8
The Keith Green Story: Your Love Broke Through,2002,8.6,22
Veritas,2007,8.6,38
Boomtown,2005,8.6,9
Special People,2007,8.6,74
A Truthful Mother,2019,8.6,124
Darling! The Pieter-Dirk Uys Story,2007,8.6,72
Shadowgate,2014,8.6,7
Undoing Time,2008,8.6,37
Notarangelo ladro di anime,2019,8.6,32
Die Toten Hosen - Alles Ohne Strom,2019,8.6,12
Helene Fischer Live - Die Stadion-Tour,2019,8.6,12
Memórias da Boca,2015,8.6,6
Babymetal: Legend- S: Baptism Xx,2018,8.6,22
Mehandi Laga Ke Rakhna 2,2018,8.6,58
Maa Tujhhe Salaam,2018,8.6,30
Loose End,2009,8.6,56
Jaaneman,2014,8.6,8
Live at Tokyo Dome: Babymetal World Tour 2016 Legend Metal Resistance - Red Night,2017,8.6,30
Bidoun 3,2019,8.6,14
The Rolling Stones: Voodoo Lounge Live at the Tokyo Dome 1995,1995,8.6,12
What's in A Name - A Versace Story,2020,8.6,10
Saajan Chale Sasural 2,2016,8.6,47
KISS: Animalize Live Uncensored,1985,8.6,33
Captain Callum Explores the Universe,2021,8.6,46
16 Bars,2020,8.6,30
A Chance,2020,8.6,19
Berij Vajabaki,2019,8.6,10
Electric Six: Live in Liverpool,2019,8.6,9
Hollywood Dreams,2024,8.6,24
Anunnaki - Mensageiros do Vento,2016,8.6,42
One Minutes,2009,8.6,24
Between the Valleys,2006,8.6,14
Upama,2019,8.6,13
Frank Lloyd Wright's Emil Bach House,2019,8.6,7
Operation Tracer,2013,8.6,53
The Rocket,2019,8.6,65
Et le mot frère et le mot camarade,1995,8.6,11
Rainy in Glenageary,2019,8.6,13
Baki Itihas (The Unfinished Manuscript),2019,8.6,19
The Amity Affliction: Seems Like Forever,2015,8.6,8
Romantic Warriors IV: Krautrock (Part I),2019,8.6,13
I'll Never Forget My High School Friends,2020,8.6,27
Saving Luna,2007,8.6,131
Mérgezett föld,2018,8.6,21
All Right Sucker,2007,8.6,65
Coloquinte,2012,8.6,11
Dancing Alone,2007,8.6,17
Pip & Zastrow: An American Friendship,2008,8.6,19
Love: Dashuri,2021,8.6,34
Cold Feet,2008,8.6,23
Sean's Christmas,2019,8.6,10
Canceling,2020,8.6,107
Babies are Still Murdered Here,2019,8.6,72
Open Mic Days,2020,8.6,9
Dancing Through the Shadow,2021,8.6,39
In the Shade of the Oak Tree,2007,8.6,11
Corey Taylor - Live in London,2018,8.6,26
Uthuru Sulanga,2023,8.6,39
Controlling & Punishment,2014,8.6,8
Local Utpaat,2022,8.6,379
Table for All,2019,8.6,7
Five Bucks at the Door: The Story of Crocks N Rolls,2019,8.6,7
Hitler's Holocaust Railways,2018,8.6,19
Solo,2008,8.6,11
Ajinkya,2021,8.6,473
Vonal felett,2019,8.6,5
Memories of Love Returned,2024,8.6,21
Najva Ashorai,2008,8.6,158
Beyond Borders: The Debate Over Human Migration,2007,8.6,36
The Next 12 Days,2020,8.6,5
Far East Deep South,2020,8.6,74
V.Silvestrov,2020,8.6,40
Mile Post 398,2007,8.6,15
Samos - The Faces of our Border,2020,8.6,8
My Heart Was Killed by Madness Witch with Big Ass,2019,8.6,28
"Turk Diamond, P.I.",2008,8.6,19
Saphai breu... aw aw,2008,8.6,105
Gettysburg and Stories of Valor - The Battle of Gettysburg,2010,8.6,12
Faust Sonnengesang II,2015,8.6,8
Leave Me Behind,2008,8.6,7
My Brothers & Friends!,2020,8.6,135
Faubourg Tremé: The Untold Story of Black New Orleans,2008,8.6,94
Zoned In,2008,8.6,27
Princess the Secret Service,2017,8.6,8
At lumaganap ang lagim,1975,8.6,19
At the Touch of a Butterfly,2008,8.6,6
Y solo el amor resucita,2021,8.6,8
Chitemma Mogudu,1992,8.6,195
Dalla Folgore ai Gruppi di Combattimento,2020,8.6,11
The Tavern,2025,8.6,48
Aliens on Halloween,2021,8.6,18
Lohengrin Bayreuth 2018,2018,8.6,9
Talking to the Wind,2020,8.6,10
Travel from Moscow to St. Petersburg on the ship Nikolai Karamzin,2020,8.6,147
Motherland,2010,8.6,83
Circo Voador - A Nave,2020,8.6,7
Steel Song,2021,8.6,9
Lock-In,2020,8.6,18
Etched in Bone,2018,8.6,13
Of Land and Bread,2019,8.6,25
UKE: The Untold Story of Hockey Legends,2020,8.6,112
Do Not Disturb,2009,8.6,30
Ambient 0,2020,8.6,26
Khaidi Garu,1998,8.6,310
Women of the Sun: A Chronology of Seeing,2020,8.6,13
This is the Last Dam Run of Likker I'll Ever Make,2002,8.6,67
Bakolo Music International,2020,8.6,6
POV a Sub-Par Production,2008,8.6,12
Captain László Ocskay the Forgotten Hero,2008,8.6,12
Barcelona - Madrid,2020,8.6,139
River Ways,2007,8.6,25
Youngstown: Still Standing,2010,8.6,71
"Six Man, Texas",2008,8.6,18
Nikos Karouzos: Poems on the Tape Recorder,2020,8.6,20
Welikathara,1971,8.6,71
American Gadfly,2022,8.6,28
Rauschendes Leben,1983,8.6,9
I Love You Anne,2003,8.6,68
El que fa segur el camí,2020,8.6,7
Central Valley,2023,8.6,28
Bed Room,2007,8.6,127
Low Heat,2021,8.6,9
The Big Johnson,2025,8.6,19
Kerberos,2010,8.6,19
Pocket Full of Soul: The Harmonica Documentary,2009,8.6,15
De lo que sea,2015,8.6,10
Take Me Home,2020,8.6,13
Prema Yuddham,1990,8.6,121
Rama Banam,1979,8.6,37
Sneakers & Soul,2009,8.6,64
Citizen Lambert: Joan of Architecture,2007,8.6,8
Guerrilha - A Trajetória do Dorsal Atlântica,2016,8.6,5
Piggy,2020,8.6,67
Cheruvaina Dooramaina,2021,8.6,259
Augusto San Miguel died yesterday,2003,8.6,7
Citizen Juling,2008,8.6,42
Avatara Purusha,1989,8.6,21
The Stevie Wondershow,2009,8.6,18
La Terre parle arabe,2007,8.6,12
Last Paddle?,2020,8.6,15
Songs for the Dead Live,2019,8.6,25
Soldados da Borracha,2019,8.6,9
Elää ja kuolla Haapavedellä,2020,8.6,9
Bala Gopaludu,1989,8.6,132
One Man in the Band,2008,8.6,32
Shoebox,2021,8.6,62
Speedy Delivery,2008,8.6,33
Seeds: Black Women in Power,2020,8.6,24
The Ark of Lilburn,2022,8.6,49
O Ponto Firme,2020,8.6,9
Loving Neverland,2020,8.6,313
The Fibros and the Silvertails,2007,8.6,10
At All Costs,2020,8.6,12
Moon Sun Flower Game: A True Fairytale,2008,8.6,10
The Memory of a Killer,2020,8.6,34
Detesto l'elettronica stop,2008,8.6,44
Het Leven Is Droom,2020,8.6,6
The Dark,2025,8.6,251
Lost in Love,2010,8.6,13
Bullet for Breakfast,1994,8.6,27
Tarka,1989,8.6,70
Dalì 2021,2021,8.6,8
Finding Your True Self,2022,8.6,12
Interrogate This: Psychologists Take on Terror,2008,8.6,8
Head Waiter,1980,8.6,8
Killer Poet: The Double Life of Norman Porter,2008,8.6,13
Spoiler Alert,2009,8.6,23
Katherine Jenkins Christmas Spectacular,2020,8.6,80
Clubless: The Legend of Victor Montango,2008,8.6,10
The Grover Complex,2010,8.6,58
Cruz Reynoso: Sowing the Seeds of Justice,2010,8.6,16
Breaking Boundaries,2008,8.6,14
Rumi Returning: The Triumph of Divine Passion,2007,8.6,13
Borges and I,2009,8.6,45
A Fluorescent Sky,2022,8.6,13
Second Sight,2008,8.6,25
Oka Telugu Prema Katha,2020,8.6,48
The Great Mystery,2010,8.6,18
Identità - La vera storia di Juan Piras Perón,2008,8.6,9
Redline America,2008,8.6,14
Our Popcorn Movie Dystopia - Some More News: The Movie,2020,8.6,154
The Matter with Clark,2008,8.6,12
Wake Up You're Sleeping,2009,8.6,12
Every Hidden Thing,2008,8.6,19
Red Apples Falling,2009,8.6,20
Don't Let the Devil Take Another Day,2020,8.6,117
Mera Ramrajya Nai Kranti,2020,8.6,21
Evaporated,2019,8.6,5
Vertige de la chute / Ressaca,2020,8.6,9
Makeup,2023,8.6,57
Hommage,2020,8.6,26
America's Lost Band,2008,8.6,11
Dreaming Nicaragua,2010,8.6,36
Endless Sunshine on a Cloudy Day,2020,8.6,11
Lego Minecraft Movie,2015,8.6,33
Sheeps Clothing,2008,8.6,10
The Labyrinth Prisoner,2021,8.6,34
Being Innu,2007,8.6,6
Elusive,2022,8.6,40
The Game Is Up: Disillusioned Trump Voters Tell Their Stories,2022,8.6,84
Dig,2010,8.6,39
Curse of the Lechusa,2009,8.6,12
Bangarada Gudi,1976,8.6,14
At Stake,2008,8.6,22
The Last Graduation,1997,8.6,7
Bhale Jodi,1970,8.6,30
Premankur,1993,8.6,31
Baby Boomerang,2008,8.6,20
Bahaddur Gandu,1976,8.6,82
Almost,2007,8.6,14
Ravichandra,1980,8.6,48
Love at First Spite,2025,8.6,39
Rythmes + Rhymes,2008,8.6,33
Stabiliti,2022,8.6,93
Shivbhakt-Pravas Eka Mavlyacha,2021,8.6,10
The Last One,2021,8.6,10
The Tenant,2008,8.6,10
Watching and Waiting,2008,8.6,28
Death of a Rockstar,2020,8.6,75
American Faust: From Condi to Neo-Condi,2009,8.6,29
Em Nome da Lei - Parte II,2020,8.6,21
Four on the Floor,2009,8.6,28
759: Boy Scouts of Harlem,2009,8.6,30
Ekangi,2002,8.6,41
It's Happening Right Here,2022,8.6,26
"9 - Un chiffre, un homme",2008,8.6,17
Vivre le piano,2009,8.6,11
Chini Kam Rang Kada,2020,8.6,26
Nagalit ang patay sa haba ng lamay,1985,8.6,15
Who Wants to Live Forever?,2022,8.6,17
Shankar Guru,1978,8.6,209
1944. Deportation,2019,8.6,10
Lalbaugcha Raja,2006,8.6,8
"Death, My Darling",2021,8.6,26
Sewenetwa,2019,8.6,7
Kantheredu Nodu,1961,8.6,19
Bombora: The Story of Australian Surfing,2009,8.6,15
Under the Turquoise Sky,2021,8.6,30
Operation Jackpot,1969,8.6,40
Eradu Nakshatragalu,1983,8.6,96
Tholireyi Gadichindi,1977,8.6,16
The Phenomenon Bruno Gröning: On the Tracks of the 'Miracle Healer',2003,8.6,5
Ade Kannu,1985,8.6,88
Shiva Mecchida Kannappa,1988,8.6,64
SEC Storied: Once Upon a Comeback,2021,8.6,7
The Naughty Girls 7,2021,8.6,8
Umbrella Diaries: The First Umbrella,2018,8.6,9
Who Is Lun*na Menoh?,2021,8.6,7
Pilla Zamindar,1980,8.6,54
Death March of Bataan,2008,8.6,16
The Amazing World of Gumball: The Movie,2025,8.6,272
Romantic Weirdos and the Land of Oddz,2007,8.6,32
Sirivantha,2006,8.6,49
Goemon Rock,2009,8.6,7
King of India,2009,8.6,12
Rush: Snakes & Arrows - Live in Holland,2008,8.6,271
Lakhmi Pratima,2007,8.6,19
Code Red: Youth of the Nation,2022,8.6,11
Godspeed,2020,8.6,97
"Cheer Up, Sam",2010,8.6,24
Australians Hit Hollywood,2009,8.6,22
Colorphool,2024,8.6,31
Who Killed John O'Neill?,2005,8.6,52
Faded Glory,2009,8.6,14
The Family Picture,2009,8.6,9
A Voyage to Arcturus,2020,8.6,12
Invisible Threads - From Wireless to War,2021,8.6,18
My Father from Haifa,2010,8.6,43
The Captain. Paulius Jankunas story,2023,8.6,76
Dealing with Time,2009,8.6,14
Gabriel Small,2009,8.6,10
The First Step,2021,8.6,98
Building 173,2009,8.6,44
Conceiving Clara,2025,8.6,18
IKE: A Documentary,2009,8.6,14
The Death of My Two Fathers,2021,8.6,16
Reflection: A Walk with Water,2021,8.6,42
BTS: Global Takeover,2020,8.6,77
Matt Deighton - Overshadowed,2021,8.6,11
Corazón de campeón,2008,8.6,20
Unspoken,2022,8.6,39
The Aspern Papers,2010,8.6,56
Super Star,2002,8.6,93
Huang Feihong: Wu Shen Lin Shirong,2021,8.6,63
Ushiku,2021,8.6,21
Tragic,2024,8.6,22
Taxidrome,2021,8.6,33
Hunter from Elsewhere: A Journey with Helen Britton,2021,8.6,8
"Bo Legs: Marvin Arrington, Sr., an Atlanta Story",2023,8.6,7
VDB - Ik Ben God Niet,2019,8.6,18
VY,2022,8.6,10
Endphase,2021,8.6,9
Nachaniya,2021,8.6,12
Chandramuki Pranasakhi,1999,8.6,23
Being Black in Porn,2021,8.6,14
Paidageer,2022,8.6,22
Man Made Men,2009,8.6,32
Aaye Hum Barati Barat Leke,2022,8.6,85
Gritando!,2021,8.6,9
My So-Called Enemy,2010,8.6,58
Tim Hawkins: Push Pull Point Pow,2012,8.6,12
Shades of Alex Gray,2008,8.6,14
Opportunity,2024,8.6,116
Project Happiness,2011,8.6,33
Behind the Red Motel Door,2011,8.6,21
Made for This,2023,8.6,11
Constantin si Elena,2009,8.6,336
Hawaii: A Voice for Sovereignty,2012,8.6,15
Mungarina Minchu,1997,8.6,9
Beyond the White Veil,2022,8.6,9
Tulkee,2021,8.6,22
No One Said It Would Be Easy,2009,8.6,13
At Home in Utopia,2008,8.6,8
Callabona Red,2009,8.6,9
Dear Jack,2009,8.6,204
Adolescence Changes in the Coronavirus Environment. How does a teenager react to a claustrophobic pandemic?,2021,8.6,16
Deep Green,2010,8.6,15
Esencial,2021,8.6,10
Franco Cristaldi e il suo cinema Paradiso,2009,8.6,14
Justicia para mi hermana,2012,8.6,10
Something Missie in the Life of Jordan Bank,2010,8.6,11
La pequeña semilla en el asfalto,2009,8.6,6
The Lockdown,2021,8.6,8
One Day at a Time,2021,8.6,15
Heroes: A John Pilger Report,1981,8.6,28
Chori Chori Chupke Chupke,2021,8.6,256
Life After,2021,8.6,11
Decomposing Tony Maslow,2009,8.6,14
Dear Lina,2009,8.6,11
Riders of the Purple Sage: The Making of a Western Opera,2020,8.6,7
Harley Davidson: Making of a Legend,2021,8.6,9
The Real Angelina,2021,8.6,15
Of Things Past,2023,8.6,113
Coextinction,2021,8.6,62
Insta-Lie,2021,8.6,14
Pen Paadhi Aadai Paadhi,2021,8.6,38
The Beatbox Choir,2008,8.6,8
Laissez-faire,2015,8.6,21
Young Ronin,2022,8.6,12
Robert Vano - The Story of a Man,2018,8.6,5
Escribir lo imposible,2021,8.6,5
Half Empty,2011,8.6,35
Ketchup in Tuva: A Transsiberian Treasure Hunt,2009,8.6,11
Roadrunner United: The Concert,2008,8.6,32
Urlau(b),2023,8.6,7
Indonesia Calling: Joris Ivens in Australia,2009,8.6,7
The Art of High Impact Kicking,1982,8.6,9
Man Maiden Mercenary,2021,8.6,52
Chobiyal - The Photographer,2020,8.6,34
Sniff: The Dog Movie,2009,8.6,11
Love Knots,2021,8.6,9
Nothing to Lose: A Stephen Pearcy Rockumentary,2021,8.6,7
48 War Movies,2019,8.6,21
Generations,2021,8.6,30
Novembro,2021,8.6,21
Sala Budha Ra Badla,2020,8.6,42
Beijing,2009,8.6,19
Messengers,1996,8.6,8
Senior Prom,2010,8.6,23
Spirits for Sale,2007,8.6,40
The Art of Power,2010,8.6,20
New Kids on the Block: Coming Home,2010,8.6,41
Liv Ullmann. The House of Memories,2018,8.6,14
Making Your Mark (A Year in the Life of an Entrepreneur),2010,8.6,10
Montagna con Forza,2002,8.6,14
Shooting with Mursi,2009,8.6,12
36 Horas,2021,8.6,7
Coal Country,2009,8.6,20
Never Any Blue,2023,8.6,15
The Rise and Fall and Rise of Sensational,2010,8.6,10
Kaguyahime the Moon Princess,1988,8.6,6
Los Roommates,2020,8.6,7
Phish,2010,8.6,70
Nuts,2023,8.6,13
"Coals to Newcastle: The New Mastersounds, from Leeds to New Orleans",2010,8.6,13
The Cedar's Tears,2010,8.6,48
Report to Kapodistrias,2021,8.6,22
Kismet,2010,8.6,24
A Fantástica Fábrica de Golpes,2021,8.6,69
Downhill,2021,8.6,8
Borderline,2013,8.6,7
Canvasman: The Robbie Ellis Story,2010,8.6,15
Call Me Mule,2023,8.6,16
On the Horns of the Bull,2007,8.6,33
Mammalian,2010,8.6,32
Freaks Nerds & Romantics,2010,8.6,21
Terms of Azimuth,2010,8.6,19
White Wanderer (n.) Mzungu,2010,8.6,20
Under the Eightball,2009,8.6,17
La vita così come viene,2009,8.6,12
The Road to Carnegie Hall,2010,8.6,9
"Verliebt, verzopft, verwegen",2009,8.6,6
All I've Got,2012,8.6,14
Finding Nico,2010,8.6,12
Out of Darkness: Heavy is the Crown Vol. 1,2022,8.6,42
Ulfs store finale,2021,8.6,6
St. Andrews: The Greatest Golf Story Ever Told,2021,8.6,15
Twenty Ten,2010,8.6,10
Push: Part 1,2022,8.6,12
Doubles,2023,8.6,15
Head Over Bills,2022,8.6,55
Break the Mold: The Zach Bates Story,2023,8.6,17
Out of Focus,2010,8.6,20
The Beekeepers,2010,8.6,42
Step Away from the Stone,2010,8.6,14
The Renaissance of Mata Ortiz,2010,8.6,11
Skateistan: Four Wheels and a Board in Kabul,2011,8.6,79
The Reach of Resonance,2012,8.6,19
Beheading Buddha,2010,8.6,15
Manalive,2012,8.6,17
More Than Diamonds,2010,8.6,32
Charlotte: A Wooden Boat Story,2011,8.6,14
Writer's Block,2010,8.6,30
Utopia London,2010,8.6,27
Parai Beti,2017,8.6,9
Tears of Remedy,2011,8.6,84
The Three Way,2011,8.6,44
Zielinski,2011,8.6,26
The Game,2010,8.6,13
The Dust Never Settles,2010,8.6,10
Night Music,2010,8.6,17
King for Two Days,2012,8.6,10
Wimbledon Official Film 2009,2009,8.6,19
Tist' dan v tednu,2010,8.6,26
77 Steps,2010,8.6,13
Introduction to Permaculture Design,2009,8.6,36
It's a Bash!,2010,8.6,7
Life of the Party: Vol. II,2010,8.6,10
Kara Tointon: Don't Call Me Stupid,2010,8.6,16
Biffy Clyro: A Celebration of Endings,2020,8.6,18
Hello Jadoo: The Secret of Jeju Island,2022,8.6,423
Because We Are Too Many,2024,8.6,21
Amateur Night,2011,8.6,13
Signs Out of Time: The Life of Archaeologist Marija Gimbutas,2004,8.6,38
Mi tía Gilma,2023,8.6,21
Rooh: Sonnet of Perfume,2021,8.6,35
A State Behind the Scenes,2010,8.6,8
Fire & Iceland,2022,8.6,14
The Founder Effect,2023,8.6,40
Timisoara: December 1989,1993,8.6,17
Mardi Gras Man,2022,8.6,13
The Prequel of Gold Convoyers: A Beacon Fire in LiaoDong,2021,8.6,5
Abharkha,2022,8.6,13
The Honor of the Filthy,2023,8.6,6
Wimbledon Official Film 1998,1998,8.6,17
Jim Said No,2011,8.6,16
Zabaleen,2015,8.6,11
Black Buddhas,2011,8.6,10
Quivering Norman,2011,8.6,16
O.A.R.: Live from Madison Square Garden,2008,8.6,17
All Me: The Life and Times of Winfred Rembert,2011,8.6,19
Grow!,2011,8.6,15
Pisach Bengali Movie,2022,8.6,15
Neighbours,2010,8.6,14
Restoring the Light,2011,8.6,24
The Only Way Out Is Through,2025,8.6,37
Freedom Hills,2010,8.6,12
SHUDRA: The Untouchables,2011,8.6,61
Life in a day,2010,8.6,58
Manufacturing Stoke,2011,8.6,10
This is My Land... Hebron,2010,8.6,41
Stockton to Table Rock,2024,8.6,32
The Marriage Fixer,2022,8.6,29
All in the Family,2022,8.6,13
Chasing the Championship,2021,8.6,7
Pullu Rising,2022,8.6,45
A Century of Sound,2007,8.6,9
Starla,2012,8.6,13
La guía del silencio,2011,8.6,18
Glitterboys & Ganglands,2011,8.6,26
Grandmothers of Revolution,2006,8.6,14
El Gran Bingo,2023,8.6,11
Sopra e sotto i mari,2011,8.6,9
Siodmak,2012,8.6,17
Memories from the North,2022,8.6,58
The Conclave of Shadows,2022,8.6,10
Piranha Attack,2020,8.6,30
Transnationalmannschaft,2010,8.6,12
Saints at War: World War II,2001,8.6,8
Tao of Peace,2010,8.6,87
The New Normal,2010,8.6,9
Burn Crisis,2010,8.6,15
Never Alone,2022,8.6,7
Music Pictures: New Orleans,2022,8.6,18
Blind Eye Artist,2022,8.6,14
Tesseract: Portals,2020,8.6,13
Life to the Limit,2022,8.6,70
The Love of Books: A Sarajevo Story,2011,8.6,45
Voyage a Hemmsted,2007,8.6,7
Man ko bandh,1973,8.6,14
Fantome Island,2011,8.6,20
Universe Designed,2025,8.6,105
O'mast,2011,8.6,57
"After the Flood: The church, slavery and reconciliation",2022,8.6,9
Kinfolk,2022,8.6,11
Black Sabbath: Master of Reality Documentary,2022,8.6,49
SNT Forces,2019,8.6,14
Wrist Lock: The Martial Arts' Influence on Police Use of Force,2022,8.6,16
South of Southern,2011,8.6,50
Mar Dare Maya Ma,2022,8.6,71
Flesh on Fire: Addicted to a Dream,2012,8.6,8
Tangled Up in Blue,2011,8.6,44
The Brigands' Chieftain,2022,8.6,5
Forgotten Voices: Women in Bosnia,2008,8.6,15
1660 Vine,2022,8.6,26
Beyond the Wetlands,2025,8.6,10
The Ordinary Skier,2011,8.6,36
Buyut,2022,8.6,37
The King,2012,8.6,50
Killer B3,2011,8.6,12
Once in a Lullaby: PS 22 Chorus Documentary,2012,8.6,14
Kejar Mimpi Gaspol!,2023,8.6,94
Harry Potter und ein Stein,2006,8.6,157
Land of Sky Blue Water,2011,8.6,22
Wolves Unleashed,2011,8.6,50
Unconditional,2023,8.6,37
Mechanical Bulls,2023,8.6,16
The Adventures of Buckskin Jack and the Legend of the Fully Grooved Axe,2011,8.6,12
40-Life,2011,8.6,17
The Effects of the Atomic Bomb on Hiroshima and Nagasaki,1946,8.6,11
The Man with the Jazz Guitar,2012,8.6,25
Dark Highway,2012,8.6,14
Fremd,2011,8.6,10
Harlem Street Singer,2013,8.6,27
Palace Living,2013,8.6,19
Beast Wishes,2012,8.6,107
Rugna,2022,8.6,23
Frente al Silencio,2022,8.6,47
Jão - Turnê Anti-Herói (Ao Vivo),2020,8.6,7
Vulnerable Innocence - The Internet: Are Children in Charge?,2021,8.6,13
After the Triumph of Your Birth,2012,8.6,18
Beginnings of the Space Age: The American Rocketeer,2011,8.6,7
Cherish & Ruelle,2023,8.6,69
Unrivaled: Red Wings v. Avalanche,2022,8.6,203
Concrete Landscape,2022,8.6,10
Little Criminals,2001,8.6,22
Longchamps,2011,8.6,12
Spy-type model,2022,8.6,8
Starman,2025,8.6,36
Fly Penguin,2009,8.6,76
Sacred Stones,2011,8.6,7
Addison,2011,8.6,13
El día de la tormenta,2024,8.6,7
RiffTrax: Dangerous Men,2021,8.6,24
The Rhapsodist,2023,8.6,183
Dora - Escape Into Music,2022,8.6,10
Listening Through the Lens: The Christopher Nupen Films,2021,8.6,10
John and John,2017,8.6,9
Planet Disagreements 8,2022,8.6,9
ED & The Awakening,2011,8.6,16
Suburban Backlot,2012,8.6,13
Animal Language,1967,8.6,9
A Woman Called Job,2014,8.6,24
A Question of Love?,2020,8.6,8
Tunul de lemn,1987,8.6,66
Lausbuben-Streiche,1974,8.6,10
562 Film,2011,8.6,10
Every Day Is a Holiday,2012,8.6,19
Generation Me,2012,8.6,89
Immigrant Son: The Story of John D. Mezzogiorno,2011,8.6,9
La Jefa De La Plaza,2022,8.6,19
Ballin' at the Graveyard,2014,8.6,28
One Fine Day,2011,8.6,16
You Became I: The War Within,2012,8.6,10
Statue Collector,2015,8.6,11
Behind the Horror,2013,8.6,20
"Yours in Freedom, Bill Baird",2023,8.6,8
Nebo pod serdtsem,2012,8.6,25
Unbounded - Animated Series,2022,8.6,34
Inherited,2024,8.6,23
"Muscheln, Münzen, Buchungszeilen - Geldgeschichte ist Weltgeschichte",2012,8.6,8
The Golden Hour,2012,8.6,20
Mr Singh Wants PR,2012,8.6,11
Life: Treis,2016,8.6,14
Dream Racer,2012,8.6,32
Cheering Up Dewie,2012,8.6,15
Stolen Kingdom,2025,8.6,35
Kuzhali,2022,8.6,28
Even Though the Whole World Is Burning,2014,8.6,19
Mark of the Dog Rose,2013,8.6,16
Kin,2012,8.6,53
Unknown Route,2008,8.6,7
Suicide Tuesday,2024,8.6,17
Cry Me an Ocean,2023,8.6,9
Nomer 1000,2012,8.6,132
A Play Entitled Sehnsucht,2012,8.6,32
Merqana,2012,8.6,8
"On Your Mark, Get Set, MOW!",2012,8.6,19
Morality,2016,8.6,10
Tragedy of a Mother and Son,2012,8.6,35
Kasalo,2012,8.6,9
The Cure Is U,2012,8.6,17
Hidden Blessings,2024,8.6,37
3.0,2022,8.6,130
Thug Rose: Mixed Martial Artist,2022,8.6,250
The Pony Man,2012,8.6,15
If You Are a Man,2022,8.6,31
Breaking: Los Angeles,2013,8.6,22
The Space Jockey Pursuit,2013,8.6,17
Diagram for Delinquents,2014,8.6,11
Guañuna,2022,8.6,10
Eva Cassidy - One Night That Changed Everything,2021,8.6,10
Outsiders: Japan,2012,8.6,89
Heroes Behind the Badge,2012,8.6,35
Lejos de Saint Nazaire,2011,8.6,23
Becoming Sophie,2012,8.6,11
Nuala: A Life and Death,2011,8.6,17
Forgotten Transports to Belarus,2008,8.6,9
Forgotten Transports to Latvia,2007,8.6,10
The Sons of the Lord,2022,8.6,13
Psyche,2022,8.6,276
Please Talk with Me,2012,8.6,31
Fatal Mission,1990,8.6,30
Gate: A True Story,2008,8.6,12
HopeBahnhof. Berlin,2022,8.6,5
The One Dollar Movie,2012,8.6,72
Devoção,2008,8.6,6
The Expanse of Heaven,2012,8.6,22
The Enigma of Frank Ryan,2012,8.6,9
The plush movie,2022,8.6,18
"Sinisinta kita, di ka kumikibo",1981,8.6,7
OnePeople: The Celebration,2012,8.6,21
Geetha,1981,8.6,124
The Front Man,2014,8.6,11
Looking Back on Love: Making Black and White America,2013,8.6,40
Black,2012,8.6,45
Sleeping Giant: An Indian Football Story,2012,8.6,30
Exile,2022,8.6,29
Pérez Rodríguez,2024,8.6,44
Americans with No Address,2024,8.6,78
The Lost Thoughts of Midnight,2020,8.6,27
L'empremta de Joan Fuster,2022,8.6,10
Follow Me Down: Portraits of Louisiana Prison Musicians,2012,8.6,8
111 góðir dagar,2021,8.6,16
Yaar Mera Rab Warga,2013,8.6,28
Senthozhan Sengkathirvaanan,2022,8.6,9
Four Twenty,2012,8.6,27
Mostar United,2008,8.6,13
Belly of the Tantra,2012,8.6,15
Black Cockatoo Crisis,2022,8.6,22
La bisabuela tiene alzheimer,2012,8.6,18
Klassi Ghalina Vs Dragula,2022,8.6,16
Terrafeni,2012,8.6,8
Üç Günlük Dünya,2024,8.6,100
A state in a state,2022,8.6,7
The Red Bowtie,2012,8.6,15
We Are Superman,2012,8.6,14
Anaparastasis: Life & Work of Jani Christou (1926-1970),2012,8.6,40
Flea Market Finish Line,2012,8.6,23
24 Hours in 70 Minutes,2012,8.6,12
Fallen Kingdom,2012,8.6,11
Puen Paeng,1983,8.6,9
Ivan - Back to the Past,2011,8.6,27
The Script: Homecoming,2011,8.6,27
Musandi,2023,8.6,52
Take Away One,2013,8.6,6
Tales from the Old West,2023,8.6,18
Jet Harris from There to Here,2012,8.6,9
Kelinlar qo'zg'aloni,1984,8.6,90
Finalmente,2008,8.6,12
Escaping Cold,2012,8.6,7
The Untold Story: Internment of Japanese Americans in Hawaii,2012,8.6,13
The Slut Always Rides Shotgun,2013,8.6,13
A Common Enemy,2013,8.6,25
Shakespeares skjulte sannhet,2012,8.6,52
Universe Memory,2022,8.6,6
Ek Lootera,2001,8.6,14
Passing Through,2024,8.6,13
Undercover,2002,8.6,12
The Very Last Christmas,2024,8.6,12
Surrender,2014,8.6,18
Tim Robinson: Connemara,2011,8.6,12
Su Damlasi - Bir Istanbul Hanimefendisi: Hikmet Anne,2007,8.6,15
The Happy Caterpillars,2012,8.6,15
Stealing Time,2013,8.6,17
Angel Applicant,2023,8.6,18
I Play with the Phrase Each Other,2013,8.6,84
Jakarta Disorder,2013,8.6,15
No Problem!,2012,8.6,12
Europe to the Stars: ESO's First 50 Years of Exploring the Southern Sky,2012,8.6,5
Brief von Alex,2013,8.6,12
2002 - Uma História Marcante,2022,8.6,7
Tzvetanka,2012,8.6,44
"Freedom, a Quest for Freedom in 12 Steps",2012,8.6,9
Gone Wild,2012,8.6,21
Hercule contre Hermès,2012,8.6,12
Nevers,2013,8.6,11
Buke & Gase,2023,8.6,8
Bhalessa,2023,8.6,17
Niyati,2023,8.6,25
Who Do You Say I Am?,2023,8.6,10
The Real Ayrton Senna: A Personal Memoir,2018,8.6,12
100 Years of Disney Animation: A Shorts Celebration,2023,8.6,63
Zaiton: Ceritaku,2012,8.6,11
The Narrow Bridge,2022,8.6,16
El último magnate,2011,8.6,7
Vera,2013,8.6,8
Nicarágua: Liberdade Exilada,2023,8.6,87
The Bottle,2019,8.6,18
406 Days,2023,8.6,8
Mary,2023,8.6,58
Thirai Virutham,2022,8.6,15
Spinoza: 6 Reasons for the Excommunication of the Philosopher,2022,8.6,22
Brother Horse,2023,8.6,21
The Otherside,2013,8.6,23
Painting the Future,2012,8.6,25
The Bayou: DC's Killer Joint,2013,8.6,14
No Legs. All Heart.,2023,8.6,16
Tell It on the Mountain,2013,8.6,124
Golden Legends,2023,8.6,451
Harraga - Those Who Burn Their Lives,2023,8.6,12
Berel and the Bus Driver,2012,8.6,11
Rude Awakening,2023,8.6,11
El Tiburón,2024,8.6,9
Orpa,2022,8.6,21
Sweethearts of the Gridiron,2015,8.6,24
The Three of Us,2023,8.6,21
My Dead Body,2022,8.6,11
Nava Pappa,2023,8.6,158
My Name Is Vivienne,2014,8.6,26
Gymna heria,2013,8.6,6
All I Need,2013,8.6,9
Sihina Sameekarana,2023,8.6,29
Praveena,2023,8.6,16
The Quest,2023,8.6,9
Rebound,2023,8.6,8
Bukannya Aku Tidak Mau Nikah,2023,8.6,52
Ek Psycho Killer,2023,8.6,22
English Teacher,2012,8.6,16
U Bored U Die,2023,8.6,17
Tomorrow X Together World Tour - ACT: SWEET MIRAGE - Live,2023,8.6,22
In diesem Jahr: Der Film,2023,8.6,35
Bushirt T-shirt,2023,8.6,228
The Games That Children Play,2014,8.6,18
Monkey King - Rebirth,2026,8.6,14
Out of Syllabus,2024,8.6,22
Eine zweite Chance,2024,8.6,46
Il ladro di stelle cadenti,2024,8.6,38
"Slipknot: Of the Sic: Your Nightmares, Our Dreams",2009,8.6,10
Chopin: The Space Concert,2012,8.6,22
Ukraine Overcoming the Darkness,2022,8.6,13
The Friend,2023,8.6,11
Kurtág Fragments,2026,8.6,19
Gaushala Mein Gunje Gita,2023,8.6,9
Saint Joseph the Hesychast,2020,8.6,16
Jokhini,2023,8.6,14
Heel'D,2023,8.6,19
42.195,2023,8.6,10
Important in the Life,2023,8.6,17
"The Bolshoi Ballet: Live From Moscow - La belle au bois dormant, Ballet en deux actes",2011,8.6,15
RT4GM,2024,8.6,61
A Little Life,2023,8.6,454
Covenant of the Salmon People,2023,8.6,13
Hell Jumper,2024,8.6,74
1410. Known Unknown Zalgiris (Grunwald),2013,8.6,21
Kosma,2013,8.6,13
Jane Goodall: Reasons for Hope,2023,8.6,49
Cinema Street,2021,8.6,53
Èsù and the Universe,2022,8.6,9
Looney Tunes Golden Collection: Volume 3,1963,8.6,66
Looney Tunes Golden Collection: Volume 4,1966,8.6,54
Looney Tunes Golden Collection: Volume 5,1964,8.6,59
When My Sorrow Died: The Legend of Armen Ra & the Theremin,2014,8.6,30
Det røde eplet,2013,8.6,15
Tommy Jessop Goes to Hollywood,2023,8.6,35
Kedi Adam,2024,8.6,9
Ukrainstan Artist War,2023,8.6,10
Torn Cloth,2020,8.6,12
The Dawgfather: The Legacy of Don James,2024,8.6,12
Getaway,2024,8.6,12
The Martin Decker Show,2023,8.6,13
Iddaru,2024,8.6,303
"Tisza-tó, az ember alkotta paradicsom",2023,8.6,92
Obsolete,2023,8.6,13
Táncdalfesztivál '66,2023,8.6,8
Seetha Balakrishna,2023,8.6,10
Kadal,2023,8.6,19
Vivant,2023,8.6,41
Oüutsu,2023,8.6,8
Skid Row,2013,8.6,24
Forever Thirty-Three,2023,8.6,69
Exile by Choice,2015,8.6,99
Exit Pangea,2023,8.6,14
Agnishwar,1975,8.6,159
The Voice of Silence,2013,8.6,24
Cry Baby (Visual Album),2017,8.6,54
The Musical Mind: A Portrait in Process,2023,8.6,25
Darran Chhoo,2023,8.6,50
A Tribe Called Love,2025,8.6,32
A Thousand Pines,2023,8.6,27
Fear of Flying,2024,8.6,8
Unspoken Letters,2023,8.6,11
Vasanthi,2023,8.6,22
Yoqotilgan vaqt,2013,8.6,6
The Glow of Heavens,2012,8.6,10
Behind the Gate,2013,8.6,34
The Art of Adventure,2025,8.6,18
Hacked: A Double Entendre of Rage Fueled Karma,2025,8.6,61
Sotqin,2015,8.6,58
Telba,2010,8.6,33
The Final Boy,2025,8.6,9
L'Ferdi - Le pistolet,2013,8.6,10
Shadow in Life,2020,8.6,6
Bionico's Bachata,2024,8.6,95
Ván bài lat ngua: Tap 3 - Phát súng tren cao nguyen,1983,8.6,14
The Crooked Forest,2023,8.6,10
Marco Polo: Silk Road by Land & Sea,2023,8.6,146
The Gershwin's 'Porgy and Bess',2013,8.6,47
Reporting Live,2013,8.6,14
Exit,2024,8.6,59
School for Hope,2024,8.6,28
The First Class,2023,8.6,7
Ileana's Smile,2023,8.6,9
Crazy Keerthy,2023,8.6,230
Who am I Smiling For?,2023,8.6,6
Terra Nova,2023,8.6,37
Turbozavry. God drakona,2024,8.6,47
Bintang Hati,2004,8.6,10
Tarella: Princess of the Nile,2023,8.6,20
The Secret of Devkaali,2025,8.6,246
Flake and Flames,2013,8.6,53
Olivia Rodrigo - Live from the Ace Theatre,2023,8.6,56
Wild Genius,2024,8.6,12
En septiembre canta el gallo,2023,8.6,14
Kintsukuroi,2024,8.6,19
President Zombie,2025,8.6,21
B.D. în alerta - Profesorul de mimica,1970,8.6,378
B.D. în alerta - Vaduve cu termen redus,1971,8.6,355
Styx: Grand Illusion/Pieces of Eight - Live,2012,8.6,22
Pink Floyd: Video Anthology,2003,8.6,53
Great Voices Sing John Denver,2013,8.6,13
Adra,2023,8.6,9
Terror Mandelão,2024,8.6,7
Nécrose,2024,8.6,35
All the Presidents Elephants,2011,8.6,9
Razaa-e-Ishq,2024,8.6,19
Luchshe doma,2023,8.6,5
Zombie Film,2005,8.6,16
Dawn Dusk,2024,8.6,16
The Filthy Frank Show Battle for the Omniverse,2024,8.6,13
Foresting Life,2013,8.6,11
Trapped,2024,8.6,22
Enthaa Kathe Maaraaya,2023,8.6,15
Jacket Thieves,2024,8.6,10
Kemiti E Samparka,2024,8.6,21
The Song Cycle,2024,8.6,9
Lucid Love,2024,8.6,31
Mailin,2025,8.6,17
Die Enkeltrick Betrüger,2024,8.6,22
Last Shooting,2023,8.6,25
Yagan,2013,8.6,12
Withdrawal,2025,8.6,19
Beyond the Shoreline: The Channel of Bones,2024,8.6,28
Good Luck,2024,8.6,42
Dreama Team,2023,8.6,21
Free Delivery,2023,8.6,9
Extra Lucie,2024,8.6,12
A Will and a Way,2024,8.6,9
Brown Bread: The Story of an Adoptive Family,2014,8.6,17
12 Menit,2014,8.6,89
Alberi che camminano,2015,8.6,14
The Only Oly,2013,8.6,18
The Banana Splits 2: Road Split,2021,8.6,28
Higher Education,2013,8.6,14
Devastated,2024,8.6,12
The Ballad of John and Yoko,2024,8.6,27
A Long Way from Heaven,2024,8.6,20
Discarded,2013,8.6,27
Extol: Of Light and Shade,2014,8.6,24
Never Escape,2024,8.6,372
Pull of Gravity,2013,8.6,8
Apache Fire,1974,8.6,11
Babymetal: Arises - Beyond the Moon - Legend M,2020,8.6,10
Empire of Lies,2026,8.6,48
Rainier: A Beer Odyssey,2024,8.6,30
Broken Eyes,2024,8.6,20
For the Love of Cash 2,2024,8.6,12
Who in the Hell Is Regina Jones?,2024,8.6,36
Nagmani,2024,8.6,12
Every Christopher Nolan Movie Ranked,2024,8.6,19
L'uomo dai quattro nomi,2013,8.6,10
Clout,2025,8.6,10
Rhythm Is a Dancer,2025,8.6,10
Katlaa Curry,2024,8.6,38
Transcorpóreas,2023,8.6,6
Old Man,2014,8.6,18
Back 2 Basics,2024,8.6,7
Love,2014,8.6,35
Her Song,2026,8.6,15
Patricija,2024,8.6,15
2Unbreakable,2024,8.6,7
Restoring Tomorrow,2016,8.6,79
Matter,2012,8.6,21
RiffTrax Live: Point Break,2024,8.6,54
Ramesh Suresh,2024,8.6,16
Sweet Blues: A Film About Mike Bloomfield,2013,8.6,17
On a volé ma VF,2024,8.6,11
Protean,2025,8.6,10
The Rulers,2024,8.6,480
Naanum Oru Azhagi,2024,8.6,177
Kenyatta,1970,8.6,9
Jatta,2013,8.6,133
Mafia Temptation,2024,8.6,19
The Deal,2024,8.6,30
RK Vellimegham,2024,8.6,110
Mylene Farmer - Nevermore - Le Film,2024,8.6,104
Therapy,2025,8.6,47
Mochi-chon,2024,8.6,13
Fading West,2013,8.6,289
Bird Boy,2025,8.6,65
The Omagh Hum,2024,8.6,18
Villain - Life of a Gangster,2024,8.6,178
Melfi,2013,8.6,9
Shunte Ki Pao!,2012,8.6,100
Little Ballers,2013,8.6,22
Powerball,2024,8.6,11
Durga,2024,8.6,176
Carioca era um Rio,2013,8.6,6
Sapos y culebras,2014,8.6,12
Trad,2025,8.6,31
Choleando,2012,8.6,31
Suburbanite,2014,8.6,14
Deep Purple - Access All Areas,2024,8.6,5
Rent Boy,2023,8.6,20
Bojevita kraljica noci,2024,8.6,13
Aladiner Prodeepe Jevabe Doittyo Elo,2024,8.6,10
Shoot from the Hip: Rise of the Phantom,2025,8.6,14
Joy Hanu Man,2024,8.6,28
Kumaara Sambavam,2025,8.6,182
Deified the Legacy of Yesterday,2024,8.6,25
Secret Amazon: Into the Wild,2024,8.6,50
Truth Has Fallen,2013,8.6,84
Green Girl,2025,8.6,16
Um Filme Para Beatrice,2024,8.6,5
Lost Coast,2013,8.6,8
Ryuichi Sakamoto's Last Days,2024,8.6,16
Making Mail,2014,8.6,7
The M Factor: Shredding the Silence on Menopause,2024,8.6,62
Aam Injij Romeo,2023,8.6,21
Bootay: Untold - The art of losing,2024,8.6,14
Brian,2026,8.6,21
PAY 2 PLAY: Democracy's High Stakes,2014,8.6,70
The Return of Elder Pingree -- Memoir of a Departed Mormon,2019,8.6,8
The Doctor,2013,8.6,35
Archetype,2024,8.6,9
The Making of the Mama Album,1983,8.6,8
Isac Elliot Dream Big: The Movie,2014,8.6,21
Not for the Saving,2014,8.6,15
Rising Up,2024,8.6,9
Milagre Vivo,2024,8.6,8
The Travel Companion,2025,8.6,48
My Friend's Rubber Ducky,2016,8.6,13
Gumti,2024,8.6,114
Faulad - Nerves of Steel,2024,8.6,13
Sun Tzu's Dream,2024,8.6,266
Blood Magick,2024,8.6,17
Seventeen World Tour [Right Here] in Japan: Live Viewing,2024,8.6,12
War Reporter,2013,8.6,29
Residence Hammamet: My Mother's Maktub,2025,8.6,5
Rooster Teeth: Best of RT Shorts and Animated Adventures,2013,8.6,99
Trash Baby,2025,8.6,32
Pride Is Forever,2012,8.6,8
Britten's Peter Grimes,2014,8.6,15
Pride Vs. Prejudice: The Delwin Vriend Story,2024,8.6,13
Dad's Secret War: France 1944,2024,8.6,7
Occupy the Farm,2014,8.6,20
Taghiev: Oil,2024,8.6,173
Leonard Cohen: If It Be Your Will,2024,8.6,40
Negeri Para Ketua,2024,8.6,23
The Impossibility,2024,8.6,10
Things Hidden: The Life and Legacy of René Girard,2024,8.6,16
Legacy of Merz,2013,8.6,12
Robert Burns,2014,8.6,9
Reignite: The Brisbane Heat Story,2024,8.6,11
Pavlos: No Ordinary King,2014,8.6,9
Bobo Noir,2014,8.6,19
The Militia,2025,8.6,14
Booty Warrior,2024,8.6,15
Excision,2014,8.6,13
Polk Road: The Homecoming,2012,8.6,12
Until the Orchid Blooms,2024,8.6,6
Sade: Bring Me Home - Live 2011,2012,8.6,124
Something About the Briggs,2025,8.6,14
Peaceful Lights,2024,8.6,26
When the Wheels Fall Off,2016,8.6,7
Kiki & Dee,2025,8.6,15
Brenta Connection,2025,8.6,86
How I Spent My Summer Vacation,2025,8.6,25
"Red Velvet Happiness Diary: My Dear, ReVe1uv in Cinemas",2025,8.6,48
Bloodlust,2024,8.6,23
"Seme - Schlage nicht, um zu gewinnen. Gewinne, dann schlage",2013,8.6,10
Skillz,2025,8.6,9
Swedishkayt: YidLife Crisis in Stockholm,2025,8.6,7
Nayka - Revenge of Love,2025,8.6,12
The Love Boat: Happily Ever After,2022,8.6,10
Jogo de Corpo. Capoeira e Ancestralidade,2013,8.6,18
Searching for Nepal,2014,8.6,22
A Girl and a Tree,2012,8.6,10
Di Renjie Secret Soldier Borrows the Road,2023,8.6,131
Azza,2025,8.6,27
Der Fotograf vor der Kamera,2014,8.6,5
Labake Olododo,2025,8.6,61
Mi ilustrísimo amigo,2025,8.6,17
Hvis jeg dør i dag,2025,8.6,37
Der Bote,2024,8.6,9
Ultima fermata,2025,8.6,9
Vegas Vikings,2014,8.6,13
Jardin de Sueños,2014,8.6,9
The Gospel: Who Jesus Christ Is and What He Came to Show Us,2025,8.6,5
Abbott & Costello: Funniest Routines Volume 2,2007,8.6,7
Winter/Miracle,2012,8.6,16
Letter to Anita,2014,8.6,10
Prank Night,2026,8.6,12
The Legend of Amaluk: An Arctic Odyssey,1972,8.6,11
The Brightest Sun,2025,8.6,26
Strings,2006,8.6,9
This Will Never Work,2025,8.6,16
Thief of the Mind,2011,8.6,151
Someone You Love: The HPV Epidemic,2014,8.6,138
Fishermen's Conversations,2014,8.6,19
The Rose: Come Back to Me,2025,8.6,159
I've Seen All I Need to See,2025,8.6,26
"Steal This Story, Please!",2025,8.6,91
Murphy's Law (Tamil),2025,8.6,14
A Public Ransom,2014,8.6,8
Dorp Zonder School,2024,8.6,5
Dreaming of You,2025,8.6,24
Dharmarakshak Ahilyadevi Holkar ek yug,2025,8.6,14
Sangharsh 2,2023,8.6,53
Para Vigo Me Voy!,2025,8.6,8
Sun Bay,2025,8.6,23
Sudba barabanshchika,2025,8.6,8
Hamar Swabhiman,2022,8.6,24
Blue,2026,8.6,17
Scotland Yet,2014,8.6,19
Eiga Kamen Raidâ Gavu Okashi no Ie no Shinryakusha,2025,8.6,68
A Drag Life,2025,8.6,6
Tales of the Pumpkin Rabbit,2025,8.6,39
Lesser of Two Evils,2013,8.6,10
Midnight Rain,2015,8.6,18
Het verraad van de techniek,1996,8.6,10
"The Dark, the Light and the Madness",2025,8.6,8
Sober Indian Dangerous Indian,2014,8.6,17
Spartan Bare Knuckle,2025,8.6,6
Making of an Heiress,2025,8.6,10
Le prix des mots,2012,8.6,12
Kherson: Human Safari,2025,8.6,32
Night Bombers,1981,8.6,89
Tales of the Wounded Land,2025,8.6,53
The Redemption of Benjamin Black,2014,8.6,14
Rayba Imandar,2025,8.6,8
Namo Venkatesha,2025,8.6,9
The Stories,2025,8.6,43
Terrible Love,2014,8.6,12
The Divorce,2015,8.6,5
Turn,2026,8.6,20
Scrooge in Color,1935,8.6,6
Trouble,2025,8.6,19
From Here to There,2014,8.6,52
A Few Good Men,2023,8.6,8
Commandments of A Female Hustler,2025,8.6,20
The Power of Pickleball,2025,8.6,16
Sarangi,2025,8.6,23
Where Everything Disappears,2026,8.6,20
Crave: a True Story,2013,8.6,11
The Vincent Price Legacy,2025,8.6,8
Hanging in There,2017,8.6,33
Dans les pas de Marie Curie,2011,8.6,12
Women Like Us,2017,8.6,24
The Wrath,2015,8.6,37
Rory Gallagher: Live at Montreux,2006,8.6,20
Vlog,2014,8.6,51
Tiramisu for Two,2016,8.6,15
The Creek,2026,8.6,9
El Temible Quemador,2025,8.6,17
Peter Kukac Nadapati Is Going to Heaven,1999,8.6,13
A Tale of Two Isles,2014,8.6,20
How I Met Your Masi,2025,8.6,9
Jamaica Man,2017,8.6,24
Overtime,2014,8.6,10
Wooden Hearts,2025,8.6,9
A Boyfriend for Christmas,2025,8.6,7
In the Dark,2014,8.6,29
Until the Day I Die: Part 2,2016,8.6,25
"Hit Em Hard, the Story of Zaina Juliette",2014,8.6,21
Trapped in a Box,2014,8.6,18
The Kartli Kingdom,2025,8.6,10
Raia no inori,2015,8.6,14
The Thing to Be Done,2025,8.6,18
I Suck at Dating,2025,8.6,15
An Empire in Peril,2025,8.6,8
The Blood Moon Feast 8,2026,8.6,11
Rino Gaetano sempre più blu,2025,8.6,5
Lovely Ladies Dormitory 1,2022,8.6,109
Crooked Suits,2026,8.6,7
Bikkhov,1994,8.6,95
My Submission,2025,8.6,7
The Jensens: A Tale of Two Brothers,1983,8.6,21
Jane Elliott Against the World,2026,8.6,35
When a Witness Recants,2026,8.6,10
Roid,2026,8.6,53
Jugadores con Patente,2013,8.6,12
El Forense i Dali,2025,8.6,5
Hirschfeld - Unbekannter Bekannter,2026,8.6,5
Saint Paisios,2026,8.6,64
Kinki: I segreti del dancefloor,2026,8.6,7
Bara Badhu,2026,8.6,175
God Complex - O Complexo Industrial da Censura,2025,8.6,59
Bayakegalu Berooridaga,2026,8.6,20
Kommersant,2026,8.6,9
"Andando dove non so - Mauro Pagani, una vita da fuggiasco",2025,8.6,9
Equipo verde,2014,8.6,5
Side by Side Extra: Volume One,2014,8.6,26
The Old Man,2026,8.6,7
Journeys,2026,8.6,8
Wake Up Call,2026,8.6,22
In a House That Ceased to Be,2014,8.6,29
Blood Fruit,2014,8.6,12
Tim & Leon,2014,8.6,9
Living Earth,2013,8.6,8
Waterless,2015,8.6,23
Monte Adentro,2014,8.6,19
Killing Anna,2026,8.6,6
Bienvenue chez nous - La gang à Richibouctou Village,2014,8.6,12
King B.'s ROOST,2008,8.6,28
Side by Side Extra: Volume Five,2014,8.6,22
Eltitkolt évek,2009,8.6,25
Birmingham Ornament,2011,8.6,19
Sacred Ground,2015,8.6,8
Sanchari,2010,8.6,8
Hillsong Cornerstone,2014,8.6,22
Long Way to the Top,2016,8.6,14
Tony's Place,2015,8.6,7
The French American,2017,8.6,10
Metalloids 2,2014,8.6,24
Call Sign Courage: The Matt Lohmeier Story,2025,8.6,6
"Nelson Algren: The End Is Nothing, the Road Is All...",2015,8.6,19
Der letzte Autrag,2014,8.6,32
"Animals, Whores & Dialogue: Breakfast with Hunter Vol. 2",2010,8.6,12
Haggada Kone: End of the Rope,2014,8.6,74
Nesmrtelný les,2017,8.6,19
Killhouse,2026,8.6,64
Dustins Dojo: The Movie,2014,8.6,30
Sidemen Charity Match 2026 (Sidemen FC VS Youtube Allstars),2026,8.6,15
A Question of Humanity,2014,8.6,15
"Signed, Sealed & Delivered",2014,8.6,18
Axrinci Ashirim,1971,8.6,345
Leaders,2013,8.6,9
Blood Drops of Love,2014,8.6,33
Nectar,2020,8.6,52
The Frogmarch,2015,8.6,8
Dujane,1984,8.6,10
Mystic Mountain,2015,8.6,14
Teenage Tommies,2014,8.6,16
Bhaunri,2015,8.6,17
Jiye Jaha Kahu Mora Dho,2015,8.6,18
Ishq Tu Hi Tu,2015,8.6,47
Devo: Hardcore Live!,2015,8.6,51
Mere Meharban,1992,8.6,26
Kawan Aku Mati dalam Rumah Sewa,2014,8.6,26
Sleaford Mods: Invisible Britain,2015,8.6,77
"Suicide: Quiet Ideation, Loud Consequences",2020,8.6,16
In This Land Lay Graves of Mine,2014,8.6,8
The Power of Place,2015,8.6,11
Citizens of Nowhere,2015,8.6,9
Fire and Water,2016,8.6,9
Sententia: Inside Afghanistan,2014,8.6,13
Ventilador,2014,8.6,6
Pixelated Heroes,2017,8.6,9
Dr. Lala,2014,8.6,15
Aguantalo si podés,2013,8.6,11
"Not Muslim, Not Christian, Not Silent",2015,8.6,13
Arctic Alchemy,2015,8.6,12
OE. 20 LIVE IN KYIV,2015,8.6,33
Camp,2015,8.6,32
The Unknowns,2016,8.6,74
"Spinetta, el video",1986,8.6,10
Demascarea,2011,8.6,13
Heinz Flohe - Der mit dem Ball tanzte,2015,8.6,10
Journey,2025,8.6,32
Young Pioneers,2015,8.6,8
Twilight of a Life,2015,8.6,84
Superseven Is Still My Name,2015,8.6,37
Can We All Get Along?,2019,8.6,6
Shoebox Memories,2016,8.6,19
Nola and the Clones,2016,8.6,16
Breakfast at Ina's,2015,8.6,18
Be Somebody,2018,8.6,23
Generation Found,2016,8.6,20
The Merciless Hammond Battle,2013,8.6,11
Proverbs,2017,8.6,13
John Mayer: Someday I'll Fly,2014,8.6,254
The Longest War: The Australian Army in Afghanistan,2015,8.6,11
Pysähtynyt Kello,2013,8.6,17
El Culebro: La historia de mi papá,2017,8.6,30
Penitent,2021,8.6,61
Delta,2014,8.6,12
Campesino,2018,8.6,36
Hensi 3D: The Making Of,2015,8.6,7
Zadnji krog,2015,8.6,11
From Paris to Rome,2016,8.6,9
Ballin in the Fall of America: When Everything Else Fails,2015,8.6,10
The Scientist: Are We Missing Something?,2015,8.6,57
Witness to a Revolution,2016,8.6,11
Anatomiya ng pag-ibig,2015,8.6,7
Guns and Grams,2016,8.6,50
Collegetown,2015,8.6,12
Guerra Sangrienta,2016,8.6,23
Nothing Serious,2015,8.6,15
Night Thoughts,2015,8.6,52
Khwada,2015,8.6,200
Der lichte Grund,2016,8.6,12
Jamil a Flying Soul,2015,8.6,16
Traveler,2015,8.6,18
"A Late Style of Fire: Larry Levis, American Poet",2016,8.6,9
Breaking Into Britain: The Lorry Jumpers,2015,8.6,12
Muddu Manase,2015,8.6,15
Visioneer: The Peter Diamandis Story,2015,8.6,16
"Pieces of Lives, Pieces of Dreams",2012,8.6,12
The Family,2015,8.6,76
Generic Fate,2015,8.6,20
Northern Man Struggling Actor to Film Director,2017,8.6,13
Barikad,2001,8.6,25
Crazy Happy,2016,8.6,17
Tödliche Exporte - Wie das G36 nach Mexiko kam,2015,8.6,10
Golden Vanity,2023,8.6,17
Guffpunch,2017,8.6,20
Insatiable: The Homaro Cantu Story,2016,8.6,47
The Adventures of Biffle and Shooster,2015,8.6,32
Week 23,2016,8.6,19
In the Orchard,2018,8.6,47
Rabin in His Own Words,2015,8.6,45
Searching for Rushdi,2015,8.6,11
Seasonal Rings,2013,8.6,7
Mind Memory:1.44,2017,8.6,23
à propos: philosophie,2016,8.6,10
TeleMarketers the Movie,2015,8.6,6
The Art of the DJ,2015,8.6,22
K9 Guardians,2015,8.6,10
My Lion and Me,2016,8.6,10
"One Kingdom, One Love",2015,8.6,12
Fabrika secera,2016,8.6,15
Hangga't may hininga,1964,8.6,8
Junjô kyonyû: Tanima de utau,2015,8.6,30
The Hunger,1984,8.6,378
Addour,2017,8.6,14
Dukhai,1997,8.6,103
New York State of Mind Movie,2016,8.6,10
Uttarer Sur,2012,8.6,99
The Frontier: Ukraine,2018,8.6,9
Six Days in Iraq,2015,8.6,26
Shroom Boom,2016,8.6,9
Karie,2015,8.6,30
The Red Stone,2012,8.6,11
Gote Sua Gote Sari,2016,8.6,30
Rossini's the Barber of Seville: English National Opera,2015,8.6,11
Ella Brennan: Commanding the Table,2016,8.6,76
Deconstructing Zoe,2016,8.6,10
Burzynski: The Cancer Cure Cover-Up,2016,8.6,113
Pitch Dhala Path,1968,8.6,18
Veju zeme,2016,8.6,21
Mixed Match,2016,8.6,19
Feral Love,2018,8.6,23
Buzz Radio,2020,8.6,17
The Parkland Doctors,2018,8.6,18
The Royal Opera House: La Traviata,2016,8.6,15
"Yes, Chef!",2017,8.6,19
The Lives of Mecca,2016,8.6,71
Folklore's Intimates,2015,8.6,14
Daze of Justice,2016,8.6,9
Slambook,2015,8.6,96
NASA's 10 Greatest Achievements,2015,8.6,16
Je pan kahish e sachuj kahish,2016,8.6,59
Aldri For Seint,2017,8.6,14
Bless Your Heart,2018,8.6,15
Imagining Zootopia,2016,8.6,69
The Parkinsons: A Long Way to Nowhere,2016,8.6,27
1986. La historia detrás de la Copa,2016,8.6,8
The Safe Side of the Fence,2015,8.6,31
China Net: An Economic Miracle,2016,8.6,13
The Peace Agency,2018,8.6,8
Angelena: Change the World - Part I,2018,8.6,11
Tko je taj Zvonimir Bajsic?,2016,8.6,19
Baltic Sea Anomaly: The Unsolved Mystery,2016,8.6,26
Jards Macalé: um morcego na porta principal,2008,8.6,14
Kerala Paradiso,2016,8.6,8
Druga linija,2016,8.6,25
Sinister Sam: The Menace,2016,8.6,8
Flesh of My Flesh,2016,8.6,48
The Mother,2016,8.6,22
Tomorrow's Power,2017,8.6,31
Weaving Shibusa,2016,8.6,21
Thakiduthatham,2016,8.6,14
Mountain Biking: The Untold British Story,2016,8.6,39
Dizzy Pursuit,2018,8.6,73
MotiV8tion,2016,8.6,12
T for Taj Mahal,2018,8.6,106
Riyasat Mein Riyasat,2016,8.6,10
N.G.O (Nothing Going On),2016,8.6,8
Oscuro by Rene Potter,2016,8.6,26
Jeff Buckley: Grace Around the World,2009,8.6,19
A Second Chance,2018,8.6,88
Gutrun Gutargun,2016,8.6,9
Teardrops of Karnaphuli,2005,8.6,17
Ransacked,2016,8.6,60
Samadhi: We Are One,2017,8.6,16
Amare,2018,8.6,8
Chosen: Custody of the Eyes,2017,8.6,12
I Am Shakespeare: The Henry Green Story,2017,8.6,77
"The Motivation Factor: to Become Smart, Productive & Mentally Stable",2017,8.6,41
Papanisher,2016,8.6,25
Silicon Beach,2018,8.6,36
In the Hills and Hollows,2016,8.6,12
Personal Statement,2018,8.6,32
The Motion: Gooch's Journey,2016,8.6,11
Der Klang der Stille,2016,8.6,16
Buzzfeed Unsolved: 3 Horrifying Cases of Ghosts and Demons,2016,8.6,148
On an Unknown Beach,2016,8.6,9
Roxanne,2016,8.6,8
The Leading Role,2016,8.6,23
Hizam,2016,8.6,11
Cycling Angels,2016,8.6,17
Stranger,2017,8.6,10
"Dig That, Zeebo Newton",2018,8.6,21
Catastrophe,1993,8.6,9
Paternal Rites,2018,8.6,8
Invisible World,2023,8.6,49
Drew Friedman: Vermeer of the Borscht Belt,2024,8.6,20
American Monster,2017,8.6,14
Tell 'Em Steve-Dave Makin' Clay,2017,8.6,40
Up to Snuff,2018,8.6,55
Walk on Water,2017,8.6,13
Háwar,2016,8.6,9
De Verdwenen Kunstwerken van Willem de Ridder,2016,8.6,8
Krishna - Kans Vadh,2007,8.6,138
Structural Amendment,2016,8.6,11
Above the Drowning Sea,2017,8.6,25
Black Man,2017,8.6,77
Tainted Heroes,2016,8.6,39
"Magnetic Highway: The Rise, Fall, and Resurgence of the Independent Video Store",2017,8.6,9
Skeleton Locke,2017,8.6,9
George,2018,8.6,49
The Soul of Success: The Jack Canfield Story,2017,8.6,81
Mighty Raju vs Mighty Clone,2013,8.6,16
The Trouble with Dad,2017,8.6,10
Migraine,2017,8.6,11
Tobias and the Half-Pariah,2014,8.6,109
The Show About the Show,2017,8.6,78
Seven: Dedicated to Kiarostami and Ozu,2017,8.6,10
Born in Bristol,2017,8.6,12
Plutocracy Political Repression in the USA,2015,8.6,54
Butt Te Bhatti,2003,8.6,84
Solutions,2017,8.6,43
Citizen Xenos,2018,8.6,19
A Fool's Paradise,2013,8.6,24
Document: A Film About Malojian,2016,8.6,12
The Fruitless Tree,2016,8.6,16
Gyerunk Gyerekek: A Válogatott úTja Az Elitbe,2017,8.6,13
Dying Breed,2017,8.6,12
Prithvi,1994,8.6,10
Olhar de Nise,2016,8.6,5
Air Mata Terakhir Bunda,2013,8.6,19
Ziguli',2019,8.6,5
The bird was not a bird,2017,8.6,9
Minutes to Die: The World's Ignored Health Crisis,2017,8.6,14
Sebi,2018,8.6,9
Biler Diary,2017,8.6,33
Going Sane,2017,8.6,21
Mannamkattayum Kariyilayum: The clod and the dry leaf,2017,8.6,13
Million Loves in Me,2018,8.6,96
Rupsha Nodir Banke,2020,8.6,17
Natural Hair the Movie,2019,8.6,36
"Delay, Deny, Hope You Die",2017,8.6,16
Talking Black in America,2017,8.6,26
Pompa tour XXX parody,2017,8.6,7
Tell 'Em Steve-Dave: Live at the Gramercy Theatre,2017,8.6,26
Jihad,2017,8.6,72
Pritchard and Dainton: The Rise and Falls,2014,8.6,9
Antunez House,2017,8.6,7
Punk in Bonn: Der Film,2012,8.6,5
Ashi Fasli Nanachi Tang,2011,8.6,12
Covadonga,2017,8.6,137
Fernando,2017,8.6,9
Everybody Flies,2019,8.6,77
Strict Rules,2017,8.6,8
The Silence,2017,8.6,6
It's the Blues: Mission to Memphis,2017,8.6,10
Voadores,2020,8.6,10
Baptismo de Terra,2017,8.6,7
Top Secret,2017,8.6,53
Ladies and Gentlewomen,2017,8.6,60
Brain. Second Universe,2017,8.6,25
Songs of the Water Spirits,2020,8.6,6
Dead Grid,2017,8.6,9
Chaco,2017,8.6,10
Le clandestin,1989,8.6,120
Battle of the Monster Trucks,1985,8.6,17
Chooda Ek Pratha,2015,8.6,10
Lutando para Vencer,2017,8.6,9
El Sueño Americano,2017,8.6,8
Caeli Auxilium,2015,8.6,13
"Love Always, Mom",2019,8.6,20
My China Doll,2017,8.6,7
Arrows of Time,2017,8.6,7
I Found My Heart in Sante Fe,2017,8.6,10
Kapitäne,2017,8.6,11
Routes,2021,8.6,6
Shut Up and Say Something,2017,8.6,27
Child of Nature,2019,8.6,28
Sex Madness: Classic Drama,2016,8.6,11
Iron Footsteps,2017,8.6,42
Tu Bold Mee Cold,2016,8.6,12
Satori,2015,8.6,18
Enter Stage 4,2017,8.6,9
Gauru: Journey of Courage,2018,8.6,181
Dluga droga,2017,8.6,7
Jamie XXX,2017,8.6,6
The City Will Be Overthrown,2017,8.6,117
Just for Graphs,2017,8.6,12
Het zijn maar Duitsers,2017,8.6,13
Stay Out of My Business,2017,8.6,104
Red Re-Education at Home: Christian Movie,2017,8.6,112
Children of the Webcam,2016,8.6,5
Ego-Sum,2017,8.6,13
Yo Galgo,2018,8.6,34
A Ciambra: The Other Side of the Story,2017,8.6,5
Kalafina 10th Anniversary Film: Yume ga tsumugu kagayaki no Harmony,2018,8.6,6
Tajni zivot vila,2016,8.6,32
2Cellos 2Obraza,2017,8.6,12
This World Is Not My Own,2023,8.6,23
Nina,2018,8.6,26
Joe: The Black Assassin,2017,8.6,67
Who in the Hel Is Ior Bock?,2018,8.6,13
Life's Story,2004,8.6,7
Bungo 1,2020,8.6,7
Never Be Done: The Richard Glen Lett Story,2020,8.6,58
Break the Shackles and Run,2016,8.6,21
Propaganda Swing: Dr. Goebbels' Jazz Orchestra,1991,8.6,12
Die RAF,2007,8.6,18
Upeksha,2019,8.6,11
Pilotos: Against the Tide,2018,8.6,8
Drop Everything,2017,8.6,14
Wolf 359 Live: Deep Space Survival Procedure and Protocol,2016,8.6,26
Strictly Professional,2018,8.6,10
Aduthathu,2011,8.6,27
Luna Park,2024,8.6,41
Priyaar Priyo,2017,8.6,22
Momsy,2018,8.6,41
Kaaneen: A Secret Search,2019,8.6,13
The Tiny House Movie,2019,8.6,22
A mi Szapporónk,2018,8.6,18
"Man, Cheetah, Wild",2013,8.6,18
The Sound Man Mangesh Desai,2017,8.6,8
Via Dolorosa,2017,8.6,9
Oollo Pelliki Kukkala Hadavidi,2018,8.6,10
L'inspecteur Tahar Marque le But,1977,8.6,49
Trouble Comes to Town,2016,8.6,7
Antártica por um ano,2018,8.6,9
100 metu kartu,2018,8.6,178
Bhor: First Light,2018,8.6,12
Tritio Adhyay,2019,8.6,82
Hollywood I'm Sorry,2018,8.6,32
Birkhelai Chinchhas,2014,8.6,11
Busy Inside,2019,8.6,30
Swarga,1994,8.6,14
A Very StarKid Reunion,2015,8.6,23
Oi for England: Summer of '82,2021,8.6,13
"Nous, Tikopia",2018,8.6,10
The Man Who Wanted to Fly,2018,8.6,49
Aadhade Adharam,1976,8.6,16
Catch: The Hold Not Taken,2004,8.6,8
A Swedish Elephant,2018,8.6,385
The Washerman,2018,8.6,11
Freddy,2023,8.6,50
In the Name of My People,2018,8.6,9
Waiting for the Punchline,2019,8.6,37
Inherent Good,2021,8.6,15
A Winter Love,2023,8.6,6
A Hero to the End,2014,8.6,18
Paak,2018,8.6,26
Ishq Puni Thare,2018,8.6,27
Saglikade Bombabomb,1988,8.6,34
Play,2018,8.6,30
Buffalo Soldiers: A Quest for Freedom,2018,8.6,18
Carmela's diary,2019,8.6,5
Roberto Assagioli. Lo scienziato dello spirito,2017,8.6,19
Javayachi Jaat,1979,8.6,9
Budjenje u strahu,2018,8.6,36
iIsland,2018,8.6,19
Markiplier: You're Welcome,2018,8.6,35
This Is Måneskin,2018,8.6,66
Miriam Goldschmidt - Erfinderin von Dazwischen,2019,8.6,13
You Are Here: A Come From Away Story,2018,8.6,377
Seton Falls Park,2019,8.6,20
Bischofferode. Das Treuhand Trauma,2018,8.6,6
Forget Me Not: Inclusion in the Classroom,2021,8.6,27
Baap Re Baap,2019,8.6,21
Kuberikan Segalanya,1992,8.6,6
Midnights with Menka,2018,8.6,93
Thirty,2008,8.6,16
Guldjakken - fra Struer til Hall of Fame,2018,8.6,13
Klassi Ghalina: Mission Moscow,2017,8.6,10
Suspended Inspector Boro,2018,8.6,67
Berlin - Akkurgan,2018,8.6,22
April Again,2019,8.6,14
Tsé,2018,8.6,7
Premnath,2021,8.6,41
Rockumentary: Evolution of Indian Rock,2018,8.6,11
National Theatre Live: Small Island,2019,8.6,413
Broertje is verdwaald,2024,8.6,12
Kokaideu Bindaas,2019,8.6,9
Exploring Hans Hass,2019,8.6,7
Jamraud,2021,8.6,80
Bay Lawz: Stick to the Code,"",8.6,18
The Newspaper,2020,8.6,443
Aulcie,2020,8.6,26
Pendulum (Pandul),2019,8.6,152
Ultras of Egypt,2018,8.6,18
Hidden Dragon Battle,2019,8.6,83
Bhonga,2018,8.6,158
Food ReLOVution,2016,8.6,8
The Fig House,2019,8.6,8
Duniya Khatam Ho Rahi Hai,2017,8.6,9
On Dangerous Ground,1917,8.5,123
Cecilia of the Pink Roses,1918,8.5,122
On the Quiet,1918,8.5,36
The Rider of the King Log,1921,8.5,14
Plunder,1923,8.5,22
Almost Human,1927,8.5,375
Dangerously Yours,1933,8.5,20
Gauri,1943,8.5,13
Geliebter Schatz,1943,8.5,18
Postlagernd: 'Turteltaube',1952,8.5,23
A Dangerous Hero,1957,8.5,21
Taiga,1958,8.5,18
Up from the Ape,1975,8.5,22
We're Not the Jet Set,1974,8.5,31
Schoolmaster Hofer,1975,8.5,21
The Memory of Justice,1976,8.5,424
Irreconcilable Memories,1980,8.5,16
Scrambled Feet,1983,8.5,37
Der Al Capone von der Pfalz,1987,8.5,14
Zweikampf,1986,8.5,20
Puteri,1987,8.5,17
"Märkische Heide, märkischer Sand",1990,8.5,13
Between Two Worlds,1990,8.5,32
Land in Sicht,1990,8.5,13
Lina,1990,8.5,7
Celibidache,1992,8.5,33
Class of '91,1991,8.5,9
Compassion in Exile: The Life of the 14th Dalai Lama,1992,8.5,34
The Execution Protocol,1993,8.5,12
Firingoti,1992,8.5,27
Hong 2 Run 44,1992,8.5,30
Valhalla,1992,8.5,29
Cuba,1993,8.5,11
Trip nach Tunis,1993,8.5,24
"6 Open, 21 Closed",1994,8.5,8
The Betrayed,1995,8.5,61
Sama,1988,8.5,23
Gerrie & Louise,1998,8.5,18
Enoken no zangiri Kinta,1940,8.5,20
Desafio de Futebol F.C. Porto-Benfica,1936,8.5,14
The Adventures of Breastman,1992,8.5,19
"Elektra, avagy bevezetés a kapitalizmus politikai gazdaságtanába",2003,8.5,15
Álmodik az állatkert,1985,8.5,8
Judy Garland in Concert,1964,8.5,87
Europa: In the Shadow of the Reich,1998,8.5,19
Cotton Patch Gospel,1988,8.5,85
Lesbian Dildo Bondage 2,1990,8.5,12
Nanak Naam Jahaz Hai,1969,8.5,110
i+i,1981,8.5,8
Amos Guttman: Filmmaker,1997,8.5,12
Talk 19,1993,8.5,10
Chhadmabeshi,1971,8.5,266
Mokhtar,1968,8.5,8
Wild in the Woods,1988,8.5,14
Boat People,1987,8.5,9
Sabbath in Paradise,2000,8.5,15
Birieswar Vivekananda,1964,8.5,15
Daddy Tell Me a Story...,2000,8.5,20
Hari Darshan,1982,8.5,113
Hooked on Queen,1993,8.5,25
"Queen: Magic Years, Volume Three - A Visual Anthology",1987,8.5,114
Girls Loving Girls,1996,8.5,15
Working Stiff,2001,8.5,51
Jehovah's Witnesses Stand Firm Against Nazi Assault,1996,8.5,206
Maverick's: A Documentary Film,1998,8.5,23
Zoku ningen kakumei,1976,8.5,29
1968,1989,8.5,9
Bob Marley,1981,8.5,119
A Face of War,1968,8.5,65
Însir'te margarite,1911,8.5,19
Portrait of a Champion,1977,8.5,37
Amores,1994,8.5,9
The Challenge of Change,1984,8.5,57
Paul Jacobs and the Nuclear Gang,1979,8.5,11
"NY, the Lost Civilization",1997,8.5,32
Toscanini: The Maestro,1985,8.5,15
The Living Museum,1998,8.5,42
Death & Taxes,1993,8.5,32
Innocence Lost,1989,8.5,10
The World of Tomorrow,1984,8.5,86
Ipagpatawad mo,1991,8.5,81
Karma,1981,8.5,77
Explosion Course,1967,8.5,10
O Caçador de Fantasma,1975,8.5,30
The Rules of Etiquette,1999,8.5,20
The Nagas,1994,8.5,25
The Experiment,1983,8.5,11
Las campanas de Teresa,1957,8.5,16
The Young Riders,1986,8.5,16
The Art of Amália,2000,8.5,94
Clipperton: The Island Time Forgot,1981,8.5,27
Media Magica I-V,1996,8.5,17
School for Vandals,1986,8.5,10
Chauranghee,1942,8.5,71
Kan Kanda Daivam,1967,8.5,11
The Beloved,1980,8.5,16
Squirrel Nut Zippers: Musical Candy,1996,8.5,14
The Last Enemy,1999,8.5,10
The Barrow Gang,1995,8.5,11
3 Idiots w/GUNS,2000,8.5,18
The Bomb Under the World,1994,8.5,11
Igorota,1968,8.5,17
Paul Bowles in Morocco,1970,8.5,21
At the River I Stand,1993,8.5,76
Ramanujacharya,1989,8.5,18
Mooru Darigalu,1980,8.5,10
Ravnovesie,1983,8.5,94
Sage Soyare,1984,8.5,10
Women of Iron,1984,8.5,14
Changing Gears,1996,8.5,16
Ratha Kanneer,1954,8.5,403
The Grey Mare,1994,8.5,20
Fuleswari,1974,8.5,39
Open Mic,2001,8.5,72
Asla Navra Nakoga Bai,1977,8.5,23
Ek Gaon Barah Bhangadi,1968,8.5,21
George Wallace: Settin' the Woods on Fire,2000,8.5,66
Bhagwan Parshuram,1970,8.5,21
Ahwan,1961,8.5,9
Santha Shishunala Sharif,1990,8.5,47
Der Polizeifunk meldet,1939,8.5,11
The Madwoman of Toujane,1974,8.5,19
Black Theatre: The Making of a Movement,1978,8.5,20
Kanyasulkam,1955,8.5,118
Tambdi Maati,1969,8.5,18
Decak iz Junkovca,1996,8.5,216
Delicate Instruments,2000,8.5,43
The Long Walk,1998,8.5,12
Are Sansar Sansar,1981,8.5,36
Flashpoint: Hot As Hell,1994,8.5,37
Haru no tawamure,1949,8.5,22
Tenali Ramakrishna,1956,8.5,110
Todi Kodallu,1957,8.5,55
Warm in the Bud,1970,8.5,13
Abu Hassan Pencuri,1955,8.5,21
Tata Manavadu,1972,8.5,47
Vishwanatha Nayakudu,1987,8.5,83
Mozart in Turkey,2000,8.5,54
Ruins of the Reich: The Occupied Territories,2003,8.5,14
Atmavishwas,1989,8.5,67
Hoodaj,1984,8.5,119
Ka'ililauokekoa,2000,8.5,26
Songadya,1971,8.5,47
Esok Untuk Siapa,1982,8.5,35
Hronika na chuvstvata,1962,8.5,13
The Want,2001,8.5,15
Hati Bukan Kristal,1990,8.5,15
Sultan Mahmud Mangkat Dijulang,1961,8.5,21
A History of Crop Circles,1992,8.5,12
Red Zone,2001,8.5,28
Won't Anybody Listen,2001,8.5,43
"Exu-Piá, Coração de Macunaíma",1986,8.5,9
Sri Shirdi Saibaba Mahathyam,1986,8.5,114
In Loving Memory,2001,8.5,11
Kurshum za raya,1992,8.5,21
Jacques Cousteau: The First 75 Years,1985,8.5,29
Like a Horse,1984,8.5,138
Bombay Eunuch,2001,8.5,35
Facing the Music,2001,8.5,102
Ping Pong,1968,8.5,12
Inseguito,2002,8.5,80
Manasakshi,1968,8.5,19
The Shot Heard 'Round the World,1997,8.5,8
Nusja dhe shtetërrethimi,1978,8.5,22
El Golpe blanco - Der weiße Putsch,1975,8.5,16
Brass Tacks,2004,8.5,37
Expedición Atlantis,1988,8.5,52
Heroines,2001,8.5,15
Banzai Boys,1996,8.5,13
Blues Road Movie,2002,8.5,12
Landfall,2001,8.5,27
Beyond the Clouds,2001,8.5,19
Shankar,1997,8.5,22
The Secret Safari,2013,8.5,13
Sisyphus Rocks,2001,8.5,19
Sodari,1955,8.5,20
Elsewhere,2001,8.5,150
Long Da Lishkara,1983,8.5,107
Das Leben des Jürgen von Golzow,1994,8.5,30
Asunaro monogatari,1955,8.5,37
Enrum Anbudan,1992,8.5,27
Battle with Top-Class Samuri,1980,8.5,32
Kelly and Her Sisters,2001,8.5,35
Mutual Admiration Society,2002,8.5,52
A Bibo Reader,2002,8.5,19
Choka!,2001,8.5,10
Vous avez dit Français?,1986,8.5,11
Who the Hell Is Bobby Roos?,2002,8.5,24
Out in the Cold,2002,8.5,18
Bhatti Vikramarka,1960,8.5,36
Shejari,1941,8.5,41
"Largado, ibabalik kita sa pinanggalingan mo!",1999,8.5,27
Na Ninna Mareyalare,1976,8.5,127
It's About Time,2001,8.5,12
The Chant of Noria,2002,8.5,24
Pipe Dreams,2003,8.5,24
Lollipop,2002,8.5,13
The Narrow Streets,1958,8.5,8
Hula mo huli ko,2002,8.5,23
Katayan,2000,8.5,18
Spark Among the Ashes: A Bar Mitzvah in Poland,1986,8.5,15
Detza igrayat van,1973,8.5,76
Mano mano 2: Ubusan ng lakas,2001,8.5,25
Uncle Ghost,2001,8.5,21
Abhayam,1991,8.5,20
Muling ibalik ang tamis ng pag-ibig,1998,8.5,38
El último duelo,1997,8.5,17
Rowdy,1984,8.5,61
Dixon Maison: Mystery at Hillyard Manor,2004,8.5,19
Toda la vida,1986,8.5,23
The Sinking Ship,2003,8.5,15
"A Clean, Well-Lighted Place",2002,8.5,15
Reception to Follow,1995,8.5,26
The King of Steeltown,2001,8.5,14
Shalom Y'all,2003,8.5,38
Spasenieto,1984,8.5,22
A Tradition of Honor,2002,8.5,22
Father & Son,1995,8.5,33
Banana Moon,2003,8.5,11
Dongalaku Donga,1977,8.5,44
Zbig,2001,8.5,12
Seth Corteza,1996,8.5,11
Isa lang ang dapat mahalin,1997,8.5,13
"Raúl Barboza, el sentimiento de abrazar",2003,8.5,8
"Paris, 19th Century, the Invention of the Modern City",1991,8.5,9
Kounandi,2004,8.5,23
La Maria,2003,8.5,11
The Signs of the Cross,2005,8.5,44
Louie the Moon,2004,8.5,13
Beatrice Wood: Mama of Dada,1994,8.5,17
Punk,1991,8.5,15
The Path,2003,8.5,16
The Quiet Storm,2004,8.5,20
Iisa pa lamang,1992,8.5,29
The Royal Academy,2004,8.5,30
The Final Front Ear,1996,8.5,15
Truck,2003,8.5,9
Sheriff,2001,8.5,16
"Saigon, U.S.A.",2004,8.5,20
Hugh's Ladder,2004,8.5,15
"Southern Redemption Part 1: From Midnight to Morning, Baby",2004,8.5,20
Piedra sobre piedra,2004,8.5,18
Rise by Sin,2004,8.5,27
Nate Dogg,2003,8.5,22
The Life and Crimes of Citizen Ming,2002,8.5,19
Blue Is the Colour,2004,8.5,33
Blue White Collar Criminal,2004,8.5,20
Baby Fat,2004,8.5,33
In the Shadow of the Chief,2003,8.5,17
Teenage Marriage,1984,8.5,9
Chhaya Surya,1963,8.5,32
Gettin' Grown,2004,8.5,52
Geto,1995,8.5,161
Into the Air: A Kiteboarding Experience,2005,8.5,12
Taxi!,1982,8.5,21
Walang dayaan akin ang malaki,1997,8.5,12
A Sidewalk Astronomer,2005,8.5,48
Dance Dance Documentary,2004,8.5,20
Room Service,2004,8.5,20
Reverb,2005,8.5,27
Unbreakable Minds,2004,8.5,28
The Traveler,2005,8.5,25
Andiamo! Uptown,2004,8.5,24
Min fars sind,2005,8.5,10
Manolo and Michelle: Hapi Together,1994,8.5,16
Dirt: A Season Inside the Devil's Bowl,2005,8.5,18
Mr. Isaac,2005,8.5,27
Never Ending Thermal,2004,8.5,30
Weekend Warriors,2005,8.5,10
Phish: Live in Vegas,2002,8.5,85
Blue Jeans,1981,8.5,14
Kinky Friedman: Proud to Be an Asshole from El Paso,2001,8.5,21
September 12th,2005,8.5,39
Rumi-Turning Ecstatic,2005,8.5,15
Mayamma,2004,8.5,9
For Catherine,2005,8.5,121
Basain,2005,8.5,37
Janine F.,2004,8.5,19
Pardina at ang mga duwende,1989,8.5,29
Leaving L.A.,2006,8.5,29
Visioning Tibet,2005,8.5,15
The Peace Tree,2005,8.5,64
A Winter Tale,2007,8.5,112
O Jumento Gozador,1986,8.5,7
Flamenco: A Personal Journey,2005,8.5,20
Druga strana Wellesa,2005,8.5,30
Alias Alejandro,2005,8.5,16
For the Title,2005,8.5,46
La metiche,2003,8.5,17
Murali Krishnudu,2008,8.5,260
Die Wahrheit über das Volk der Mäuse,2006,8.5,15
Bloom,2005,8.5,18
Return to Florence,2006,8.5,20
Millions of Cardinals Memories: Busch Stadium 1966-2005,2005,8.5,18
Zelfbeklag,1995,8.5,21
Mending Wall,2004,8.5,16
Celia: The Queen,2008,8.5,31
Dale,2007,8.5,343
Counting Backwards,2007,8.5,56
Speak Out: I Had an Abortion,2005,8.5,23
Underdogs,2006,8.5,27
The Path to Nuclear Fission: The Story of Lise Meitner and Otto Hahn,2006,8.5,24
Voyage in G Major,2006,8.5,44
The Life o'Simon,2008,8.5,9
Deeper Than Y,2006,8.5,15
Á Colombia,2006,8.5,25
Sri Kalahastiswara Mahatyam,1954,8.5,28
Placebo,2008,8.5,37
Shoot Back! Geschichten aus der Unterwelt,2005,8.5,26
The Ants,2006,8.5,38
Uuliin Tumur,2005,8.5,15
My Cultural Divide,2006,8.5,13
Flatland Flyers,2005,8.5,16
Thank You,2006,8.5,17
A Life Among Whales,2005,8.5,51
Tim's Island,2006,8.5,16
Lenders Morgan,2006,8.5,10
Kiran Over Mongolia,2005,8.5,19
The Full Picture,2008,8.5,106
Asiya,1960,8.5,32
Osdorf,2007,8.5,15
A.k.a. Nikki S. Lee,2006,8.5,23
Shut Up and Deal,2007,8.5,121
Chasing the Dream,2007,8.5,21
The Privateer,2009,8.5,9
Fingerman: Dr. London and the Triangle Force,2007,8.5,20
Troublemaker,2019,8.5,8
Something Blue,2009,8.5,15
Ubuntu,2017,8.5,65
HAM: A Musical Memoir,2020,8.5,82
Canapa nostra,2019,8.5,11
Freie Räume,2019,8.5,11
Kingdom Men Rising,2019,8.5,56
Agniyogana,2019,8.5,18
Mustang Ironheart: Preludes of Iron,2007,8.5,18
Russ Taff: I Still Believe,2018,8.5,86
Fluorescent Beast,2023,8.5,45
Bundles,2022,8.5,38
Dhire Bohe Meghna,1973,8.5,55
Understory,2019,8.5,15
Aljubarrota,2008,8.5,29
Ye Kaisa Pal Do Pal Ka Pyar,2016,8.5,15
The Wild,2019,8.5,19
The Great Ghosts,2019,8.5,29
Le vieil âge et l'espérance,2019,8.5,11
"Tine, Doamne, partizanii, pana vin americanii!",2016,8.5,7
Santos de Todos os Gols,2019,8.5,13
Love Boat: Taiwan,2019,8.5,12
The Dark Knight: The Ballad of the N Word,2018,8.5,170
I Am the Other One,2019,8.5,8
Breaking Boundaries,2024,8.5,32
"My War, My Story",2007,8.5,40
The Strange Life and Death of Dr Turing,1992,8.5,15
Impromptu,2019,8.5,9
Out Deh: The Youth of Jamaica,2020,8.5,18
Morazan. A revolution as told by its people,2015,8.5,7
Doctor Who: The Husbands of River Song,2015,8.5,91
The Child Within,2009,8.5,19
Home,2019,8.5,11
From Silence to Sound,2007,8.5,23
Abdo and Saneya,2024,8.5,28
Tonight Is Cancelled,2007,8.5,19
Weird the Life and Times of a Pocket God,2019,8.5,24
Soundgarden: Live from the Artists Den - The IMAX Experience,2019,8.5,38
Min Alesh?,2019,8.5,27
Last Flight Home,2007,8.5,17
The Turkey Alibi,2007,8.5,10
Sidemen: The Movie,2018,8.5,70
Kurukshetra 3D,2019,8.5,22
Kali Muni Tharisanam,2019,8.5,54
Udumba,2019,8.5,162
Stove,2019,8.5,8
Spilled Milk,2017,8.5,21
Zesser the movie,2019,8.5,21
Year of the Dog,2022,8.5,15
Emilio Vedova. Dalla parte del naufragio,2019,8.5,6
The Betrayer: Resolution,2019,8.5,23
Unpaved,2023,8.5,12
Grihalakshmi - The Awakening,2019,8.5,40
Nas Terras do Bem-Virá,2007,8.5,14
Alé,2019,8.5,7
Medulla,2019,8.5,15
Malos Padres,2023,8.5,107
G!,2019,8.5,11
Yaren,2019,8.5,155
Splyw,2007,8.5,14
Dandam,2019,8.5,37
From a Son,2025,8.5,12
The Limits,2007,8.5,20
Tongue Twisters,2018,8.5,11
The Carthage Castaways,2008,8.5,12
Fight,2024,8.5,6
Nenjirukkum Varai,2006,8.5,107
Box for Life,2017,8.5,20
The Silver Treasure,2019,8.5,9
The Man Who Became Museum,2019,8.5,14
Fahmat Tana,2018,8.5,10
Ghzela,2018,8.5,8
Radio Olmos,2019,8.5,18
In Search of the Earth-Mother of Anatolia,2019,8.5,24
White Valentine,2016,8.5,11
Bongoland II: There Is No Place Like Home,2008,8.5,14
Forbidden Love: The Story of Bronia and Gerhard,2002,8.5,9
A Caravan in the Desert,2017,8.5,10
Ranahedi,2019,8.5,12
Autogynephilia,2018,8.5,65
Ku Klux Kornea,2007,8.5,16
"Paco de Lucía: Light and Shade, A Portrait",2001,8.5,9
Karnabal,1973,8.5,9
Space Bangers,2020,8.5,9
Scramble the Seawolves,2018,8.5,13
A Comedian in a Syrian Tragedy,2019,8.5,32
Once Upon a Time in the City on the Stone,2019,8.5,13
Allons enfants du bicentenaire,1991,8.5,9
"Châteaubriant, mémoire vivante",1985,8.5,8
Tournevache,1985,8.5,8
Mis et Thiennot,1990,8.5,8
Amsterman,2007,8.5,15
Divisional Live,2019,8.5,11
Who the Fuck Are You,2019,8.5,23
Karma: A Love Story,2007,8.5,14
AI: Artificial or Advanced Intelligence,2020,8.5,8
Shaheed Bhai Kotwal,2020,8.5,10
The Great NHS Heist,2019,8.5,21
The Haunted House: The Sky Ghost vs Jormungandr,2019,8.5,85
For Love of Amy,2009,8.5,51
Deep Stage,2023,8.5,20
Open Your Eyes,2020,8.5,13
Unlimited Girls,2002,8.5,18
My Shattered Life,2022,8.5,18
Semau gue,1977,8.5,11
Nognog,1980,8.5,10
Der Hauptbahnhof,2018,8.5,11
90 Minutes,2020,8.5,40
Angelita... Ako ang iyong ina,1979,8.5,13
Adrushyam,2020,8.5,16
Memory (The Poetry of Disappearance),2023,8.5,7
Silverado,2010,8.5,13
Dreams of Flight: A Portrait of Sven Johansson,2008,8.5,20
Secrets of the Surface: The Mathematical Vision of Maryam Mirzakhani,2020,8.5,485
Never Too Late: The Doc Severinsen Story,2020,8.5,88
Boys Will Be...,2023,8.5,10
Igniting the Spark: The Story of Magic - The Gathering,2025,8.5,31
Trees - A Planetary Treasure,2021,8.5,13
Wendo Musaly History,2020,8.5,15
Spanish for Adults,2008,8.5,15
Offstage,2020,8.5,6
Mat Peci,1978,8.5,9
The Ghosts of Duffy's Cut,2006,8.5,20
Drawn,2008,8.5,31
No Go: The Free Derry Story,2006,8.5,9
Barbara: Chansons pour une absente,2017,8.5,11
Brielles Tale,2019,8.5,8
Cachao: Uno Mas,2008,8.5,28
"Monero Means Money: Cryptocurrency 101, Live from Leipzig",2020,8.5,40
A+,2013,8.5,17
The Party,2023,8.5,18
O Pinokio se treles peripeteies,2020,8.5,14
Class C: The Only Game in Town,2008,8.5,19
The Impossible Dream,2019,8.5,14
Odahuttidavaru,1994,8.5,65
Másik bolygó,2008,8.5,72
Summer in the Meadow: Diary of a Vanishing World,2018,8.5,14
Guru Badul,1988,8.5,7
Seeking Wellness Part Four: Final Project,2008,8.5,22
Clint Eastwood: Star Power,2002,8.5,27
Singapura Dilanggar Todak,1961,8.5,8
My Sister's Wedding,2022,8.5,22
25 to Life: Ice T Presents,2008,8.5,21
Already Free,2020,8.5,8
Mosar,2019,8.5,9
On the Edge of Black and White,2008,8.5,19
Tantric Tourists,2009,8.5,19
Mondo Enduro,2009,8.5,17
Fight the Panda Syndicate,2008,8.5,57
WMTv17,2020,8.5,16
A Pandemic: Away from the Motherland,2020,8.5,42
Where the Water Meets the Sky,2008,8.5,19
Parkway Drive - The DVD,2009,8.5,23
Tyler,2023,8.5,32
The Guide,1965,8.5,58
The Perils of Cyberbullying - Victim must not suffer in silence,2020,8.5,17
Urbex,2024,8.5,8
Upstream Battle,2008,8.5,27
Hurenkarussell,2008,8.5,16
As Crianças do Lixão,2018,8.5,15
Ten More Good Years,2007,8.5,22
Be Funny,2008,8.5,19
Empire,2020,8.5,25
Maro Monagadu,1985,8.5,52
Nerasthudu,1985,8.5,50
Issues of the Heart,2020,8.5,9
Kinogamma Part Two: Far East,2008,8.5,17
Crippled,2026,8.5,7
Anmol Sitaare,1982,8.5,17
Mission COVID,2020,8.5,7
"Shuklaphanta, the other wild Nepal",2016,8.5,10
From Mother to Daughter,2008,8.5,27
Autumn Rain,1970,8.5,9
Free for All!,2008,8.5,29
Böhse Onkelz: Nichts ist für die Ewigkeit - Live am Hockenheimring 2014,2014,8.5,15
Blue Hour,2021,8.5,16
Private High Musical,2008,8.5,60
Cornelian Cherries,2020,8.5,9
Big vs Small,2020,8.5,79
Jen,2010,8.5,8
Anger Has a Secret,2010,8.5,28
Skategoat,2024,8.5,36
The Wit of the Staircase: The Life and Work of Robert Jordan,2012,8.5,9
Vijay,1989,8.5,92
Spicy Calabria,2021,8.5,20
Schneewittchen und die sieben Zwerge,1939,8.5,16
Whiz Kids,2009,8.5,10
A Ripple of Hope,2008,8.5,84
Little Victories,2020,8.5,12
Third Wheel,2024,8.5,41
Does This Taste Like Degreaser to You?,2022,8.5,18
After We're Over,2021,8.5,50
Apples and Oranges,2012,8.5,35
Ophir,2020,8.5,29
Jattu Nikhattu,2023,8.5,43
Saoirse?,1961,8.5,23
Where Sweet Dreams Die,2026,8.5,12
Gaia,2009,8.5,34
"Keep Your Day Job, Superstar",2009,8.5,16
Vol. 1 Dream the Name Is Rogells (Ruggells),2011,8.5,358
Ney - À Flor da Pele,2020,8.5,14
Hombre Calzón,2023,8.5,9
Higher Entities: The Lost Tapes,2019,8.5,54
Jones Beach Boys,2007,8.5,11
Apache 8,2011,8.5,31
Eddie Macken: True Legend,2010,8.5,16
Remnants of a War,2009,8.5,11
DreamRiders,2008,8.5,18
The Lipstick Boy,2025,8.5,25
Yeardley,2010,8.5,20
Live Aid Remembered,2005,8.5,73
The Blockbuster Weekend,2020,8.5,15
The Legend of Troisvierges,2008,8.5,13
Nocturnal Jake,2009,8.5,9
Girl Inside,2007,8.5,22
Thank U2,2020,8.5,16
Venado,2009,8.5,12
Shehri Gabru,2020,8.5,103
On Paper Wings,2008,8.5,21
Colorless Dreams,2020,8.5,11
Bully the Dead Don't Die,2020,8.5,9
Veluthu Kattu,2010,8.5,12
North,2020,8.5,13
Animal Investigator,2021,8.5,11
Todd P Goes to Austin,2009,8.5,18
Mata,2020,8.5,20
Kanthan - The Lover of Colour,2018,8.5,8
My Friend Ganesha 4,2020,8.5,26
Fuck Haneke,2020,8.5,9
The Bells Are Ringing for Ahuva Ozeri,2020,8.5,8
Iron Temple,2021,8.5,32
Je ne sais quoi,2008,8.5,15
Surya Vamsha,1999,8.5,184
Dead Souls' Vacation,2020,8.5,33
Idu Akashavani Bengaluru Nilaya,2021,8.5,17
Devaru Kotta Thangi,1973,8.5,29
Namma Basava,2005,8.5,94
Jaanmoni,2020,8.5,34
Going Home,2009,8.5,19
Maker: Falso,2020,8.5,6
Endless Farewell,2009,8.5,15
A Road Not Taken,2010,8.5,15
Veneer,2020,8.5,53
Our Disappeared/Nuestros desaparecidos,2008,8.5,26
O dikos mas Thanos,2020,8.5,6
Pawtucket Rising,2008,8.5,17
Stand,2009,8.5,24
The Power Principle,2013,8.5,17
War Against the Weak,2009,8.5,33
Pal,2008,8.5,22
The Good Soldier,2009,8.5,52
American Artifact: The Rise of American Rock Poster Art,2009,8.5,46
Madhuve Madhu Tamashe Nodu,1984,8.5,31
Vichitra Jeevitham,1978,8.5,31
BP Underground - Rock,2020,8.5,9
Planet of Treasures,2020,8.5,61
El Yinker,2014,8.5,8
Olave Mandara,2011,8.5,34
No Kidding! Me 2!!,2009,8.5,48
A Time for Honor: Stories from Vietnam,2002,8.5,12
"Jacob, Broken by God",2022,8.5,10
Calle de la Resistencia,2021,8.5,12
Missed Call,2005,8.5,25
Intifada NYC,2009,8.5,10
Costaleros,2002,8.5,8
Wid Winner and the Slipstream,2010,8.5,30
Rani Honamma,1960,8.5,13
Her Stories,2021,8.5,16
Corpi liberi,2021,8.5,7
Ohileshwara,1956,8.5,21
The World of Vija Vetra,2008,8.5,23
Tsunami 81,2007,8.5,9
Freeing Silvia Baraldini,2009,8.5,17
Ambari,2009,8.5,50
The Young Romantic,2008,8.5,33
Jeevana Taranga,1963,8.5,16
Naga Pooja,1965,8.5,13
Shivarathri Mahatme,1964,8.5,16
The Experimental Eskimos,2009,8.5,30
There Is an Alien Here,2021,8.5,58
Bhakta Prahlada,1983,8.5,299
Halu Jenu,1982,8.5,114
Shri Srinivasa Kalyana,1974,8.5,84
Vasantha Geetha,1980,8.5,76
Inhabitants: An Indigenous Perspective,2021,8.5,53
Balanagamma,1966,8.5,16
Manik da: The Mystique of Pather Panchali,2021,8.5,15
Avwanchhit,2021,8.5,54
Budha Gujjar,2002,8.5,21
Ecos da Vermelha,2021,8.5,6
Bob vs. Society,2009,8.5,14
Chenai Mur Dhulia,2005,8.5,9
The Illustrator,2010,8.5,18
Stationed at Home,2025,8.5,36
21 Mu Tiffin,2021,8.5,246
Sul confine,2007,8.5,8
Yeezus,2014,8.5,44
Lucifer'e and The Great Controversy,2020,8.5,18
Lal Tuku Tuku Sadhaba Bahu,2007,8.5,45
A Boarding School,2019,8.5,13
Sana all,2021,8.5,8
Beneath the River,2009,8.5,42
Hacking at Leaves,2024,8.5,29
Contraland,2020,8.5,18
The Last Days of Princess Diana,2021,8.5,17
The Wall,2010,8.5,15
Fisaa,2021,8.5,20
A Vingança de um Tropeiro,2016,8.5,7
Hi.,2025,8.5,13
Padre Pio,2022,8.5,39
A Fire Inside,2021,8.5,64
My Rembetika Blues,2021,8.5,21
Aeithi Swarga Aeithi Narka,2003,8.5,8
Chance the Rapper's Magnificent Coloring World,2021,8.5,39
Citizen Oketch,2009,8.5,11
Halt,2021,8.5,14
club83,2008,8.5,33
Goli i bosi,2019,8.5,28
Rabbit Fever,2010,8.5,258
Akashe Ki Ranga Lagila,2009,8.5,50
A Ringing in the Ears,2024,8.5,6
Raati Sari Sari Jauchi,2021,8.5,41
Elenas Chance,2009,8.5,10
Imani's Story,2022,8.5,18
The Mulberry Tree,2010,8.5,80
Florence: A Matter Between Detectives,2015,8.5,10
Unexpected Neighbors,2019,8.5,7
La Grande Guerra del Salento,2022,8.5,80
Summer Nights,2021,8.5,67
Crackin' the Code,2009,8.5,29
The Book: False Prophet,2021,8.5,9
For the Taking,2023,8.5,14
Tim Hawkins: Full Range of Motion,2007,8.5,17
Have a Nice Trip: Psychedelics and Medicine,2021,8.5,17
Invisible,2021,8.5,25
Rongmon,2004,8.5,10
The New Erotic: Art Sex Revolution,2011,8.5,36
The Emirates,2021,8.5,9
Rejouer,2011,8.5,14
Shrink Wrapped,2022,8.5,15
Lo stato di eccezione,2008,8.5,14
Yamna's Blessing,2021,8.5,10
On Coal River,2010,8.5,27
Isang Araw Lang,2009,8.5,37
Shooting Guard,2022,8.5,19
Raw Faith,2010,8.5,74
Swayamsiddha,1975,8.5,27
Viewfinder,2009,8.5,77
One Crazy Ride,2009,8.5,49
Auf dem Weg - Wenn Begegnungen verändern,2021,8.5,6
All Who Wander,2023,8.5,13
Gravedigger Dave's Anthology Festival,2021,8.5,20
Te nombré en el silencio,2022,8.5,37
The Wild Man,2022,8.5,28
Apple Cinema,2021,8.5,8
Forever Golden! A Celebration of the Golden Girls,2021,8.5,56
The One Man Beatles,2009,8.5,89
Jaishree Krishh,2023,8.5,46
Scrap Vessel,2009,8.5,16
Ship of Dreams: Titanic Movie Diaries,2023,8.5,62
The Lost Season,2021,8.5,9
Demon Hunter: Time 2 Kill,2024,8.5,10
The Universe in a Grain of Sand,2024,8.5,9
Insurgentes,2009,8.5,279
Mondo Homo,2009,8.5,20
La vera storia di Luisa Bonfanti,2021,8.5,31
Lagna Kallol,2024,8.5,56
Siri Lambodara Vivaha,2023,8.5,377
Reck and Ima,2013,8.5,7
Newborn Sky: Women in the Democratic Army of Greece,2021,8.5,13
King B.'s Intimate Friends,2010,8.5,16
"Corumbiara: They Shoot Indians, Don't They?",2009,8.5,163
Leap of Faith,2009,8.5,12
Les Filles Du Roi,2023,8.5,14
Power & Money,2021,8.5,20
Today the Same Day Is Different,2007,8.5,16
Camera Obscura,2010,8.5,89
Sankraman,2022,8.5,11
Keep Eye on Ball: The Hashim Khan Story,2009,8.5,13
Manasvi,2021,8.5,47
Maiyar Ma Mandu Nathi Lagtu,2001,8.5,56
Celibate in Chelsea,2009,8.5,11
30 Days Sober - A Life Without Booze,2020,8.5,12
Bhagwan Samaye Sansar Mein,1976,8.5,8
Peep Game,2010,8.5,20
Sway,2009,8.5,13
Eskrimadors,2010,8.5,18
"Deconstructing Dad: The Music, Machines and Mystery of Raymond Scott",2010,8.5,46
Crazy in Love,2021,8.5,10
"Mercedes Sosa: Cantora, an Intimate Journey",2009,8.5,37
Skin Trade,2010,8.5,51
Preludes/Beginnings,2021,8.5,10
Sika,2022,8.5,15
A1 Quality Media Presents INNOCENCE,2021,8.5,13
133 nap - A Tanácsköztársaság története,2014,8.5,7
Industry Innovators (the movie),2021,8.5,10
Lost in a Crowd,2011,8.5,29
Long Knives Night,1999,8.5,13
The Sweetest Heir,2018,8.5,28
The Dominguez,2010,8.5,9
Bach & Friends,2010,8.5,14
Urban Roots,2011,8.5,31
Ashes,2009,8.5,13
Decameron 2020,2021,8.5,7
The Visit,2010,8.5,13
Dramebaaj,2021,8.5,39
Rifftrax: Avengers: Endgame,2020,8.5,21
Trust Issues the Movie,2021,8.5,38
When I Rise,2010,8.5,82
Tathastu,2018,8.5,15
Carstensz - The Seventh Summit,2008,8.5,22
Natural Demise,2010,8.5,60
The Vroucounda's Festival,2007,8.5,7
Andaman,2021,8.5,388
Rifftrax: Twilight,2009,8.5,31
Gaza We Are Coming,2010,8.5,25
My Name Is Faith,2012,8.5,25
Adele: A New Chapter,2021,8.5,25
An American Ballet Story,2022,8.5,11
Live Till I Die,2022,8.5,39
Another Record,2021,8.5,11
Sate,1997,8.5,15
Oneness,2024,8.5,26
OhhO,2020,8.5,8
Darkness there and nothing more,2021,8.5,9
Perspectivas De Un Extranjero,2018,8.5,10
Años cortos días eternos,2021,8.5,6
"Giorgione da Castelfranco, sulle tracce del genio",2010,8.5,16
Northern Light Orchestra,2009,8.5,10
Cinema Is Everywhere,2011,8.5,18
Kecoh Betul,2010,8.5,24
"Fire in the Heartland: Kent State, May 4, and Student Protest in America (2020)",2010,8.5,28
Soka Afrika,2011,8.5,27
Sam Hunt: Purple Balloon and Other Stories,2010,8.5,9
Star Wars xxx parody,2019,8.5,21
Old Man,2025,8.5,10
Es muss was geben,2010,8.5,41
Table for Six,2010,8.5,20
Marla,2007,8.5,29
Unlisted: A Story of Schizophrenia,2010,8.5,20
Jawani Zindabaad,2010,8.5,15
You're Looking at Me Like I Live Here and I Don't,2010,8.5,26
Girl with Black Balloons,2010,8.5,10
Jamalinte Punjiri,2024,8.5,176
Honorable Retribution,2010,8.5,22
Simon Leblanc: Malade,2020,8.5,17
Enam Batang,2022,8.5,81
Nas Mãos de Quem Me Leva,2021,8.5,6
Psycho Chicks Anonymous,2010,8.5,14
Charliebird,2025,8.5,76
Wild Isles,2022,8.5,14
Hollywood Whores,2011,8.5,25
Welcome to America: 50 States 50 Days,2011,8.5,18
Spinners,2010,8.5,8
Karamay,2010,8.5,146
Born to Be Our Children: Romanian Adoption Stories,2010,8.5,10
"One, the Story of a Goal",2010,8.5,44
Spitfire Sisters,2010,8.5,28
Let's Make a Movie,2012,8.5,108
Holbrook/Twain: An American Odyssey,2014,8.5,54
Prema Adhei Akshyara,2010,8.5,56
Congo: An Irish Affair,2011,8.5,19
Vishu,2022,8.5,58
The Hero,2014,8.5,52
Getting Outer Space,2010,8.5,16
Into the Sky,2010,8.5,8
Kings of the Gambia,2010,8.5,7
La dernière fois,2010,8.5,12
Cleophas and His Own,2005,8.5,13
Get Off Your Knees: The John Robinson Story,2009,8.5,11
Uno scrittore al fronte,2010,8.5,17
Come Home Raquel,2011,8.5,47
Footsteps,2010,8.5,24
Santiago,2011,8.5,49
Gordonia,2010,8.5,11
Slednecks 13,2010,8.5,33
Ms. Conceptions,1995,8.5,18
The Last Shot,2011,8.5,12
The Blood & the Rose,2013,8.5,28
Wounderland,2001,8.5,76
Los Wánabis,2023,8.5,44
Blake Blossom,2022,8.5,9
To Be King,2011,8.5,235
Loafer,2011,8.5,42
Just Retired,2021,8.5,12
Broke*,2011,8.5,15
Tainted Rose,2014,8.5,16
Malebolge,2021,8.5,16
Faith Beyond Fate,2020,8.5,10
Who Are You to Me?,2010,8.5,10
id-iology,2011,8.5,33
1945 Great War,2021,8.5,7
Carraco,2022,8.5,9
The Man from Philadelphia,2022,8.5,10
Panchayat,1996,8.5,11
Yasuni - dos segundos de vida,2010,8.5,10
Beekeeping,2006,8.5,7
Blind Runner: An Artist Under Surveillance,2007,8.5,8
Flor de Muertos,2011,8.5,14
Ghost Track,2011,8.5,8
Gigolo,2022,8.5,26
Margarita,2011,8.5,14
Crossing Blood Lines,2015,8.5,10
Uçurtmam tellere takildi,2010,8.5,329
Morning Tea,2010,8.5,11
Alma Mater High,2007,8.5,9
Trio,2022,8.5,122
Kamen Rider Saber: Trio of Deep Sin,2022,8.5,99
Before You Eat,2022,8.5,8
ADD & Loving It?!,2009,8.5,55
Every Day Is a Journey,2011,8.5,18
South Beach Shark Club: Legends and Lore of the South Florida Shark Hunters,2022,8.5,109
Damu,1996,8.5,141
Planting Vines,2011,8.5,16
Beyond Kokoda,2008,8.5,24
Bulan di Atas Kuburan,2015,8.5,8
Behind Bruised,2022,8.5,12
Tubaiste Bhaile Mhánais,2011,8.5,17
Hijacking for Democracy,2014,8.5,7
We Were Hyphy,2022,8.5,28
Sailing Miss Sadie,2009,8.5,14
Lost Souls,2022,8.5,11
Forerunners,2011,8.5,14
Open Pit,2011,8.5,17
InDifferent Worlds,2011,8.5,9
Call for Peace,2022,8.5,214
Lañinbwil's Gift,2011,8.5,13
Silvesterchlausen,2011,8.5,14
Sense of Scale,2011,8.5,30
...EBONG KANNA,2010,8.5,15
Thando,2022,8.5,19
JLS: Eyes Wide Open 3D,2011,8.5,47
Fortunate Son,2011,8.5,20
Purushothama,2022,8.5,89
Kick Drum Hearts,2011,8.5,10
The DOC,2022,8.5,38
Into Harm's Way,2011,8.5,28
Drug Nation - Das Versagen der Drogenpolitik,2022,8.5,13
The Truth Behind the Armenian Issue,2022,8.5,24
"Stefan G. Bucher: Designer, Illustrator and Writer",2011,8.5,9
Chabuk,2022,8.5,11
Maniac Miki,2022,8.5,14
Love in Our Own Time,2011,8.5,9
Between Shadows and Whispers,2012,8.5,38
Beladingala Baale,1995,8.5,292
The Road to Rachel,2011,8.5,10
Passion,2010,8.5,14
Christmas Snow Angels,2011,8.5,10
Sexually Frank,2012,8.5,16
Peace Out,2011,8.5,61
Latvia,2012,8.5,15
Street to Table,2022,8.5,16
Chocolate,2011,8.5,137
Manenberg,2010,8.5,9
Eight Full Moons,2011,8.5,49
Clowning with Shakespeare,2022,8.5,15
Positively False: Birth of a Heresy,2011,8.5,11
Sum 41 Don't Try This at Home,2011,8.5,29
The Aussie Who Baffled the World,2011,8.5,10
Labour,2021,8.5,48
Memoriam,2013,8.5,15
Berlenga - A Ilha do Farol,2011,8.5,30
Minnows Biscjit Special,2011,8.5,21
Acharya,2011,8.5,144
The Young,2011,8.5,46
Digital Dharma,2012,8.5,32
The Sojourners,2012,8.5,40
The Norwegian,2020,8.5,110
The Script: Beyond the Reality,2011,8.5,9
Giorgio Bush and the B-people,2015,8.5,13
Il filo della memoria - Giuseppe Pinelli,2000,8.5,13
Bons baisers de la Colonie,2011,8.5,18
María en tierra de nadie,2011,8.5,14
Gilad and All That Jazz,2012,8.5,21
Rush: Time Machine - Live in Cleveland 02011,2011,8.5,449
The Soft Touch,2011,8.5,13
Looking Four Mecca,2011,8.5,38
Prisoners of War,2011,8.5,19
Pagbabalik ng lawin,1975,8.5,12
Terra Blight,2012,8.5,27
The Confabulators,2013,8.5,18
Keep the Flight in Mind,2012,8.5,84
Memória Cubana,2010,8.5,9
The History of Australian Surfing,1985,8.5,8
Prince Oak Oakleyski: Monotheism,2022,8.5,58
New Prime,2011,8.5,295
The Gentleman,2011,8.5,14
Els oblidats dels oblidats,2011,8.5,16
Ugly Shoes,2016,8.5,26
Prince Oak Oakleyski: Lord Kandanai Maneesawath,2022,8.5,73
Chal Hat Kono Dekh Lihi,2022,8.5,45
Iceman: Book One,2023,8.5,15
Stereophonics Live in Cardiff: We'll Keep a Welcome,2022,8.5,19
Yibin: Golden Gate of the Yangtze River,2018,8.5,10
Step Aside,2023,8.5,26
One for the Road,2011,8.5,14
"Bravo! Common Men, Uncommon Valor",2011,8.5,68
What's Next?,2024,8.5,18
Ranking All 836 Moons in Super Mario Odyssey,2022,8.5,20
Nothing Goes,2023,8.5,87
Oud al ward,2007,8.5,10
The Ghosts of Somerville: Old Dutch Parsonage,2022,8.5,9
The Magic Hour,2012,8.5,14
Afghan Dreamers,2022,8.5,88
Sidemen Charity Match 2022 (Sidemen FC VS Youtube Allstars),2022,8.5,188
Majajan Orchestra,2022,8.5,87
Reese Enterprises,2023,8.5,7
Katak: The Silver City,2011,8.5,20
Pub: The Movie,2022,8.5,13
Material Success,2012,8.5,37
A Branch in the Fire,2021,8.5,13
Leyenda Viva,2022,8.5,39
Cosas de Adultos,2022,8.5,18
Bastards of Soul,2024,8.5,9
Below the Belt,2023,8.5,132
Dua Alam: Moseleum Van Motman,2020,8.5,13
Swan Lake,2012,8.5,277
New West,2022,8.5,32
Varvara,2023,8.5,144
Thingyan moe,1985,8.5,132
Jai Bhim Comrade,2011,8.5,316
Ohio Walnuts,2023,8.5,9
Plantadas,2023,8.5,103
Party Dream,2022,8.5,65
In a Cage,2013,8.5,32
In Return,2012,8.5,52
San Francisco Symphony at 100,2011,8.5,11
Il tempio della velocità,2022,8.5,14
Buker Ba Pashe,2018,8.5,112
The Big Day,2012,8.5,18
Hear Me Now,2016,8.5,16
Another World,2025,8.5,8
Tilae Kon Basa,2022,8.5,8
7 Days in a Coma,2017,8.5,9
Mrigja,2022,8.5,23
The Wind That Blows,2012,8.5,12
Ajay Wardhan,2022,8.5,51
Destressed,2014,8.5,62
Chasing Tokyo,2022,8.5,10
Tiny Plastic Sharks,2023,8.5,67
The Last Fishing Boat,2012,8.5,33
Ojanoma,2022,8.5,15
2016 - L'anno della trap,2022,8.5,16
Caribbean Nights: The Bob Marley Story,1982,8.5,38
Dads,2011,8.5,13
Zemnieki (The Land),2022,8.5,22
Baka: A Cry from the Rainforest,2012,8.5,17
Um Santo Entre Nós,2022,8.5,7
Symphony of the Soil,2012,8.5,152
Mariachi High,2012,8.5,19
Welcome to Nowhere (Bullet Hole Road),2012,8.5,69
A Survivor from Magadan,2012,8.5,35
Love in Game,2022,8.5,39
Jag speglar mig,2022,8.5,14
Spongebob in Real Life,2022,8.5,26
Paulo Gracindo - O Bem Amado,2009,8.5,15
It's Not in My Head,2022,8.5,9
Maa Baap Na Aashirwad,2013,8.5,30
Scout Master,2022,8.5,15
The Checkmate,2022,8.5,42
Hutou Fortress: Virus,2010,8.5,28
Virginity Deal,2022,8.5,8
Louder Than Love: The Grande Ballroom Story,2012,8.5,39
Walkmen,2002,8.5,14
Rehearsal,2011,8.5,9
Men Like Us,2012,8.5,26
The Last Colony,2015,8.5,57
Cowboy Poets,2022,8.5,16
Under Poisoned Skies,2022,8.5,15
Miss Deaf International,2012,8.5,11
Mirza Jatt,1992,8.5,26
Rosia Montana: Town on the Brink,2012,8.5,35
Somu Sound Engineer,2024,8.5,49
Toxic Crisis,2012,8.5,9
Forgiven This Gun4hire,2021,8.5,48
Peaceable Kingdom: The Journey Home,2009,8.5,258
Evidence of Existence,2012,8.5,23
Do You Really Want to Know?,2012,8.5,49
Chess Kids: Special Edition,2011,8.5,32
Reunion,2026,8.5,23
Meshuggah: Alive,2010,8.5,31
The Exterminator: Don Teschio's Revenge,2023,8.5,277
Raid of the Rainbow Lounge,2012,8.5,72
"Jordi Dauder, la revolució pendent",2012,8.5,15
Driving North: E-Autos am Limit,2022,8.5,11
The Rugged Priest,2011,8.5,16
The Graves of Edgar Allan Poe & The Women Who Haunted Him,2022,8.5,18
The Testament of Tebaran,2011,8.5,9
Flying the Feathered Edge: The Bob Hoover Project,2014,8.5,62
I Love This Place,2013,8.5,7
Unfiltered: Gen Z Reacts to the Chosen,2022,8.5,21
Scammerhead,2014,8.5,120
The Thick Dark Fog,2011,8.5,26
Fame di mezzanotte,2022,8.5,14
Broken Glass,2013,8.5,21
How to Make Movies at Home,2012,8.5,29
Eternel,2023,8.5,14
The Silent Chaos,2013,8.5,11
Deceit,2024,8.5,36
National Theatre Live: The Motive and the Cue,2024,8.5,218
Pudhu Padagan,1990,8.5,10
Bikes for Africa,2012,8.5,9
Let's Stay Together,2011,8.5,27
McTaggart's Fortune,2014,8.5,16
Burning Man 2.0,2013,8.5,15
Non dirlo a nessuno,2022,8.5,19
Wakaliwood: The Documentary,2012,8.5,191
Neil Young: Harvest Time,2022,8.5,118
The Victor Marx Story,2012,8.5,66
The Blackest Days,2013,8.5,111
Leaked,2022,8.5,37
"High School, I Hate You",2012,8.5,18
In Between Engagements,2014,8.5,30
Out of the Woods: Life and Death in Dirty Dave's Homeless Camp,2012,8.5,10
Truth & Life Dramatized Audio Bible,2010,8.5,20
Thirteen Downs,2012,8.5,10
Transcending Fear: The Story of Gao Zhisheng,2012,8.5,25
...Vanities...,2012,8.5,103
Hands That Hold Us,2014,8.5,11
Love All Humans,2013,8.5,15
Neel Parbat Ke Paar,2002,8.5,11
Everything's Bigger: Adam Pacitti's Accidental Guide to Texas,2012,8.5,17
Anne Braden: Southern Patriot,2012,8.5,13
"Charlie, Trevor and a Girl Savannah",2015,8.5,123
The Problem with Honor,2013,8.5,18
The Milagro Man: The Irrepressible Multicultural Life and Literary Times of John Nichols,2012,8.5,30
Gadad Andhar,2023,8.5,181
Cyberwar 2022,2023,8.5,15
Bush Boys,2013,8.5,11
Ticking Time Bomb: The Truth Behind Takata Airbags,2023,8.5,14
The Queen of Night,2022,8.5,7
Mouni,2003,8.5,49
Cheap vs. Expensive Christmas Songs,2022,8.5,10
End Credits,2013,8.5,15
Pies en la tierra,2012,8.5,21
Flying Paper,2014,8.5,23
Pyara Kulhad,2023,8.5,22
From Tehran to Cairo,2012,8.5,27
Never Sleep Cyrus,2012,8.5,19
Walk On,2013,8.5,18
Not a Still Life,2013,8.5,25
Progression,2014,8.5,41
ZON North Canyon Show 2011: Nazare Calling,2012,8.5,15
The Royal Ballet: Tchaikovsky - The Nutcracker,2017,8.5,23
Bye Bye Havana,2004,8.5,8
Lunch Break,2013,8.5,59
Alpha Protocol: Solomon's Stele,2012,8.5,58
American Thrill Ride,2012,8.5,11
Fishing Frequencies,2022,8.5,7
Deadline,2016,8.5,18
The Real Superheroes,2022,8.5,16
Kliny,2015,8.5,11
Karen Carpenter: Starving for Perfection,2023,8.5,131
Introvertic,2022,8.5,9
Constant Angel,2013,8.5,19
The Trouble with Aid,2012,8.5,17
Bo Nan Za,2024,8.5,32
Solange,2023,8.5,6
La versione di Anita,2023,8.5,13
El Cinturón de Olivia,2024,8.5,14
Vida de Atriz,2023,8.5,8
Villager News: The Movie,2023,8.5,15
The Immortal Edward Lumley,2013,8.5,11
Walled Off,2024,8.5,98
Raashifal,2023,8.5,11
Radha Tara Vina Mane Gamtu Nathi,2008,8.5,12
Ahmedabad Palanpur Via Kadi Kalol,2007,8.5,11
Two Wrongs 2,2023,8.5,8
Ondolle Love Story,2023,8.5,113
Mid-Century Moderns: The Homes That Define Palm Springs,2013,8.5,26
Legends of Rock 'n' Roll 1989,1989,8.5,15
Chico Forever,2022,8.5,71
Patria y vida: The Power of Music,2023,8.5,83
Swapnaloka,2023,8.5,15
Yu Grupa - Trenutak sna,2023,8.5,41
Coldplay: Music of the Spheres - Live at River Plate,2023,8.5,287
Five Times a Stranger,2023,8.5,13
Bullet War Chapter 1 - Battle of Madness,2022,8.5,25
One Decision,2022,8.5,8
Yo Soy Pablo,2023,8.5,11
Party People,2024,8.5,21
Morse and the Last Endeavour,2023,8.5,249
Shikkoku Ten: Tsui no Katari,2022,8.5,10
Nine Times Fired,2025,8.5,6
Rogue Cops: Pushed to the Limit,2024,8.5,85
El Efecto Clemente,2013,8.5,21
Mudnocchio: The Shockumentary (Page 1),2023,8.5,9
The Rockford Blondes,2013,8.5,11
"Un gând, un vis, Doyle... si-un pix",2012,8.5,32
The Great Isabella,2023,8.5,15
The World Is My Country,2017,8.5,20
Hope Circle,2023,8.5,7
Happy Birthday,2023,8.5,17
Gothix,2023,8.5,72
Ennu Sakshal Daivam,2023,8.5,16
Silvicola,2023,8.5,11
Just a Bit Outside: The Story of the 1982 Milwaukee Brewers,2024,8.5,227
Way of Life,2022,8.5,37
A Moment for Love,2025,8.5,65
The Hidden Treasure of the Church,2023,8.5,8
Centered: Joe Lieberman,2024,8.5,27
Regal vs. Rebel,2023,8.5,16
Broken Promises 5 Vengeance,2024,8.5,77
Spit,2014,8.5,21
"Thank You, Amelia Earhart",2023,8.5,15
Waverider,2013,8.5,29
Edattam,2025,8.5,52
Little Saints,2014,8.5,10
Tempi supplementari,2022,8.5,77
Big Trouble in Little India,2023,8.5,9
Stormbound,2026,8.5,19
Sister Úna Lived a Good Death,2024,8.5,22
The Look of Love,2012,8.5,26
Butterfly,2023,8.5,12
Take a Right to Palma Ceia,2023,8.5,16
Into the Light,2023,8.5,10
Bullet,2025,8.5,13
Odesza: The Last Goodbye Cinematic Experience,2023,8.5,178
Stolen Dough,2023,8.5,102
Falaq,2025,8.5,8
Fifteen,2012,8.5,9
God's Grace: The Sheila Johnson Story,2023,8.5,56
Who Murdered Professor Black?,2023,8.5,8
Yoma Paw Kya Tae Myet Yay,2019,8.5,14
United Natures,2013,8.5,12
A Fighting Heart,2013,8.5,15
The Outer Edges,2013,8.5,26
Juliet,2023,8.5,24
Autism in America,2015,8.5,20
The Humbler - Danny Gatton,2023,8.5,10
Kanubhai the Great,2023,8.5,26
Tomorrow,2015,8.5,21
Nano Narayanappa,2023,8.5,275
The Wacky,2023,8.5,15
Looney Tunes Golden Collection: Volume 6,1968,8.5,52
The Hunting,2011,8.5,16
12vi Aala Pyar,2023,8.5,52
The Genius of the Place,2023,8.5,12
Sunny Boy,2023,8.5,14
Mariposa de Papel,2024,8.5,6
Ishq Ka Pyaada,2023,8.5,35
Debate Wars,2023,8.5,10
Defiant,2023,8.5,32
A Bag of Trouble,2023,8.5,25
The Boy and the Sword,2023,8.5,90
The Umbrella Men: Escape from Robben Island,2023,8.5,26
Whale Wisdom,2018,8.5,29
Flores del cemento,2023,8.5,32
Polarizados,2024,8.5,10
Aam Kathaler Chhuti,2023,8.5,20
Three Colours & a Canvas,2014,8.5,19
El método Arrieta,2013,8.5,11
The Damned Lands,2024,8.5,130
"Peace, War and 9/11",2023,8.5,52
"Aos Amigos, A Lei",2023,8.5,42
The Purvanchal Files,2023,8.5,31
Paradise (bunnies and flowers),2023,8.5,7
Bharath Stores,2013,8.5,88
Occy: The Occumentary,1998,8.5,18
Happy Days: Falling Stars,2006,8.5,11
Paani Photo,2022,8.5,12
America's Fall from Space,2017,8.5,9
Secret Hunt: The Quest of Jammer,2023,8.5,25
Baristas vs Billionaires,2025,8.5,15
Tamso,2023,8.5,46
Let Them Have Their Way,2020,8.5,17
Shared Bread,1969,8.5,418
A Man with a Bag,2023,8.5,7
Nawe zakhmona,2021,8.5,7
Hangzhou 2022 Asian Games Opening Ceremony,2023,8.5,10
Fighting Spirit: A Combat Chaplain's Journey,2024,8.5,58
Beyond Sight: The Derek Rabelo Story,2014,8.5,22
Belki Sibe,2023,8.5,26
Joy Lane,2025,8.5,15
Nollbudget,2024,8.5,12
American Mafia,2023,8.5,8
Stella Stevens: The Last Starlet,2025,8.5,27
If We Shout Loud Enough,2013,8.5,20
Abhiramachandra,2023,8.5,241
Dove posarono i suoi piedi,2013,8.5,10
Bessie Coleman: Queen of the Skies,2023,8.5,9
The Sentence,2023,8.5,59
Panoh,2007,8.5,46
April in France,2023,8.5,24
Attila,2023,8.5,22
Duong ve que me,1971,8.5,9
Ván bài lat ngua: Tap 5 - Troi xanh qua ke lá,1985,8.5,13
Ván bài lat ngua: Tap 6 - Loi canh cáo cuoi cung,1986,8.5,16
120 Days,2013,8.5,52
Dhai Aakhar,2023,8.5,32
Alfred and Jakobine,2014,8.5,30
The Stones Cry Out,2013,8.5,17
Rather Be Ashes Than Dust,2023,8.5,24
Obedience,2023,8.5,24
"River Deep, Mountain High: James Nesbitt in New Zealand",2013,8.5,24
From the mediterrenean to the agean alevi muslim turkomans Tahtacilar,2023,8.5,6
Ole Aale,2024,8.5,423
Shadow of Doubt,2013,8.5,11
Pada suatu cinta dahulu,2013,8.5,17
I mille cancelli di Filippo,2022,8.5,7
Hungry Man,2013,8.5,19
Stuck Outside of Phoenix,2013,8.5,29
Death of a Farmer,2014,8.5,29
England Made with Love,2023,8.5,18
Mata,2006,8.5,362
Grimy Situation,2023,8.5,31
Black and White and Dead All Over,2013,8.5,10
Searchdog,2016,8.5,17
MetaMoebius,2010,8.5,16
Garbo's Cuban Lover,2002,8.5,6
Sheherazade,2011,8.5,36
The Megalomaniacs,2025,8.5,15
Thank You for Her,2025,8.5,10
Hollywood Deal,2023,8.5,18
All That Glitters,2026,8.5,15
Q. Pidd,2004,8.5,17
Kako zivi narod,2013,8.5,20
Nerve,2024,8.5,18
New Man Pending,2024,8.5,21
Sa susunod na habang buhay,2023,8.5,7
Filmen om Kal P Dal,2023,8.5,66
Eppura,2024,8.5,463
Brad Warner's Hardcore Zen,2013,8.5,37
I Hope This Helps!,2024,8.5,9
Azotes En llamas,2022,8.5,6
4 giorni per la libertà: Napoli 1943,2023,8.5,6
My Conversations on Film,2013,8.5,15
The Continuing Land,2022,8.5,9
Her Name Is Alesia: Ms. Macer to You!,2024,8.5,9
Niki Pilic: The Legend,2024,8.5,9
El Camino: A Tale of Brotherly Revenge,2013,8.5,10
The Tempest of Neptun,2024,8.5,20
Hamida - En afghansk filmstjärna från Alingsås,2023,8.5,8
Faders Up: The John Aielli Experience,2024,8.5,15
Bijoyar Pore,2024,8.5,40
Starscape,2024,8.5,8
Jara Brishtite Bhijechhilo,2007,8.5,64
Rupture,2023,8.5,29
"Jean Seberg: Actress, Activist, Icon",2021,8.5,9
"Foxy, or the Intolerant Mind Damned to Impotence",2024,8.5,14
Who's Changing: An Adventure in Time with Fans,2014,8.5,15
Being There,2011,8.5,68
Gone Lesbo Gone: The Untold Tale of an Unseen Film!,2015,8.5,33
Peleamos,2024,8.5,28
Kaisi Ye Paheli,2025,8.5,59
Celestina & Lawrence,2024,8.5,20
Pastor,2025,8.5,7
Bruised 2,2025,8.5,9
Vacuidad,2023,8.5,15
Cute Kitten Video (Please Watch),2012,8.5,9
Gangs of Sukumara Kurup,2024,8.5,60
All in the Valley,2014,8.5,17
Henry IV: Part 1,2012,8.5,25
The Cowboy and the Queen,2023,8.5,140
Chupp,2024,8.5,36
Ilampuyal,2009,8.5,445
It Comes in Waves,2025,8.5,48
Oriyardori Asal,2011,8.5,16
Gentleman Caller,2024,8.5,10
The Twilight Angel,2014,8.5,25
The Port,2024,8.5,72
Stripped for Parts: American Journalism on the Brink,2023,8.5,17
Sharp Elements,2024,8.5,6
The Beauty of Errors,2026,8.5,24
Road to Austin,2014,8.5,36
Afternoon Is Night,2015,8.5,9
Hari Om Hari,2013,8.5,14
"Mensch, MSCH!",2024,8.5,6
Anumati,2013,8.5,99
"The Other, Gold",2024,8.5,28
Situations,2025,8.5,12
HOPE Westside High,2024,8.5,9
Local Kung Fu,2013,8.5,371
"Chuy, El hombre lobo",2014,8.5,19
Bound: Africans versus African Americans,2014,8.5,47
Road to Hope,2016,8.5,12
"La Protegida: Mateo, el origen",2024,8.5,7
The Legend of Ixquik,2007,8.5,10
Robber,2025,8.5,20
Wapsi Ya Prawasi,2023,8.5,8
Something to Stand for with Mike Rowe,2024,8.5,358
Where Olive Trees Weep,2024,8.5,494
Kambili,2024,8.5,13
O Segredo Dos Djinn 2,2025,8.5,233
Historias de cuarentena,2020,8.5,7
Best Man in the Dark,2014,8.5,19
Divino Dalí,2024,8.5,6
Angel Azul,2014,8.5,31
Deep City,2014,8.5,28
Shadow Nation,2019,8.5,44
Reagan: Portrait of a Presidency,2024,8.5,30
Fake Boyfriend,2024,8.5,18
Transpassing,2024,8.5,13
On the Wave,2025,8.5,14
Blacksmith: Alagbede,2024,8.5,41
A Long Walk to Happiness,2024,8.5,14
Slug Street Scrappers: Regen,2025,8.5,33
Aliens Are Coming!! On Monday!!!,2026,8.5,9
Faux Paws,2013,8.5,18
Halloween: The Hunt of Michael Myers,2024,8.5,17
Gabriel Rutledge: Nectarine,2024,8.5,11
I Am Spaceman,2024,8.5,61
Bekikang: Ang nanay kong beki,2013,8.5,99
"SWAB 2000: Steve Wynn & Australian Blonde, live at Moby Dick Club",2019,8.5,8
Birdsong,2024,8.5,72
"Where There Is Love, There Is No Darkness",2025,8.5,58
Simharoopini,2024,8.5,16
40 Below: The Toughest Race in the World,2023,8.5,8
Yndhatvats Mankutyun,2013,8.5,20
Black Girls Rock!,2024,8.5,17
Ezhuthola,2024,8.5,262
The Journey to Planet Minimik,2013,8.5,36
Comandante Fritz,2025,8.5,44
Kafiristan,1956,8.5,15
War Horse,2014,8.5,397
Kehi Jane Bhala Lagere,2013,8.5,18
How Ponyo Was Born,2009,8.5,12
Los Bunkers: MTV Unplugged,2024,8.5,36
4th Floor of Singapore,2016,8.5,19
Sight & Sound Presents: Daniel LIVE,2024,8.5,38
Don't Ask Me Questions: The Unsung Life of Graham Parker and the Rumour,2013,8.5,16
"Ajawaska, fragmentos de un viaje a las alturas",2013,8.5,9
Ranbhoomi,2024,8.5,111
Lift Force,2024,8.5,89
Pen Drive,2025,8.5,147
La Història Desconeguda,2025,8.5,12
Hayagrriva,2026,8.5,40
Nel nome del padre,2024,8.5,8
Cliff Cash: The Long Road,2024,8.5,72
Stray Dreams,2024,8.5,45
Rachel's Revenge,2015,8.5,8
Da Vinci,2024,8.5,110
School for Defectors,2026,8.5,12
Kariyatthi,2025,8.5,34
Pikhaas,2024,8.5,17
Een Andere School (A Different School),2025,8.5,8
"Maria, regina noastra",2010,8.5,21
Jagat Khyapa,2023,8.5,16
Lucy: The Stolen Lives of Elephants,2025,8.5,21
Line in the Sand,2024,8.5,118
Rudhra Thaandavam,1978,8.5,50
Hva vi snakker om når vi snakker om musikk,2024,8.5,10
Escuchar a Dios,2013,8.5,22
The Legend of Juan Jose Mundo,2025,8.5,22
How I Learned to Love the Numbers,2014,8.5,42
Balance,2025,8.5,6
Abar Asibo Firey,2024,8.5,34
The Elder Eagle,2026,8.5,6
The Family Approach,2024,8.5,54
"Younost, une jeunesse russe",2024,8.5,12
No More Trouble - Cosa rimane di una tempesta,2024,8.5,25
The Wash,2024,8.5,12
Hal Bheru Gamde,2024,8.5,44
Compelled by Love,2014,8.5,34
Room 236,2015,8.5,25
Pataligunjer Putul Khela,2025,8.5,49
Rock in the Red Zone,2014,8.5,40
Searching for Michael Peterson,2009,8.5,12
Evelyn in the Cloud,2023,8.5,46
The Bequeather,2014,8.5,28
Sol Mayor,2024,8.5,50
Hank Is Evil: The Movie,2014,8.5,17
Life's Essentials with Ruby Dee,2014,8.5,28
Make It in America: Empowering Global Fashion,2014,8.5,10
Aliens of the West,2014,8.5,9
Thinline,2024,8.5,19
Anne & Alet,2013,8.5,79
Mama Goema,2011,8.5,13
You're No Indian,2025,8.5,20
Capital Punishment: Part 1,2025,8.5,15
Muruga S/o Kanunu,2025,8.5,12
Shaolin Family Soccer,2004,8.5,13
'51 Dons,2014,8.5,37
Fist Bump,2024,8.5,20
The Moelln Letters,2025,8.5,61
FIR 6 to 6,2025,8.5,26
The Flamingo Effect,2024,8.5,14
Fumika3 Royal and Simple,2022,8.5,8
Simon & Garfunkel: Bridge Over Troubled Water,2013,8.5,18
Utopia e Barbárie,2009,8.5,76
Outrage,2024,8.5,27
Outsider. Freud,2025,8.5,222
Interference,2014,8.5,14
Victor Walk,2016,8.5,15
Citizen Glenn,2024,8.5,107
Solo pienso en ti,2025,8.5,13
Khancha,2026,8.5,170
Our Father,2025,8.5,38
The Passport,2025,8.5,90
Six: The Musical Live!,2025,8.5,365
A Tennis Shoe in the Street,2015,8.5,9
IU Concert: The Winning,2025,8.5,106
The 46ers,2015,8.5,12
The Week-End,2025,8.5,14
Ayyappa Swamy Mahatyam,1989,8.5,24
Green Lava,2025,8.5,8
The Spies Among Us,2025,8.5,25
Hidden Louisiana,2024,8.5,9
Ganja Society,2025,8.5,7
About Time,2025,8.5,11
Human People,2013,8.5,11
Imagine Dragons: Live from the Hollywood Bowl,2025,8.5,170
Wto/99,2025,8.5,44
"Love, Reality and the Time of Transition",2011,8.5,26
Directing Actors,2014,8.5,16
Children in the Fire,2025,8.5,15
Andhela Ravamidhi,2025,8.5,237
Siblings,2025,8.5,12
Breekpunt,2014,8.5,11
Popel,2025,8.5,23
News Without A Newsroom,2025,8.5,13
Ensaio sobre o amor,2014,8.5,7
"Milk, Rice, and the Blood",2024,8.5,158
Pershing's Last Patriot,2013,8.5,23
Spade,2025,8.5,19
Killing Time,2013,8.5,20
The Doctor on Duty,2025,8.5,14
Nanna Malli Raava,2025,8.5,21
Os Ruminantes,2025,8.5,6
Mariyskie skazki,2025,8.5,10
Yellow,2014,8.5,108
The Dalai Lama's Gift,2025,8.5,9
The Last Dive,2025,8.5,20
El Brujo: Julio Zachrisson,2025,8.5,19
La musica provata,2014,8.5,15
The Puppeteers,2025,8.5,12
Le paradoxe de John Malkovich,2014,8.5,12
Succede in una notte,2025,8.5,13
Tokyo Fantasy: Sekai no Owari,2014,8.5,7
ABBA & Elvis in the Outback,2025,8.5,15
Puppy,2025,8.5,83
Rio de Janeiro: Paraíso em Chamas,2025,8.5,299
Les Jours Sauvages,2024,8.5,11
Loser's Crown,2014,8.5,26
The Conspiracists,2026,8.5,27
Newport and the Great Folk Dream,2025,8.5,18
Aurat Aur Inteqam,1998,8.5,8
Alien Genesis: Beyond the Stars,2025,8.5,106
Far from the Altar,2014,8.5,17
Sang Martir,2012,8.5,26
"Adolfo Cambiaso, en el nombre del polo",2025,8.5,29
Martin's Pink Pickle,2014,8.5,16
Riverstone,2025,8.5,22
Gde ty?,2025,8.5,6
Our Lives Matter,2025,8.5,7
The Toughest Footrace on Earth,2025,8.5,35
Tomorrow's Too Late,2025,8.5,12
Shurale,2026,8.5,6
Vishwaguru,2025,8.5,247
CSO: Operation Power Trip,2025,8.5,13
Trango,2025,8.5,146
Seven Lovers,2014,8.5,29
The Mission,2025,8.5,8
Shed 17: Trilogy the Movie,2025,8.5,8
Vilangu Therikkum,2025,8.5,8
Centralia: Pennsylvania's Lost Town,2017,8.5,22
Tamo Daleko - Prvi Svetski Rat,1988,8.5,10
Human Fiction,2025,8.5,14
Sabu,2025,8.5,21
Kite Brothers,2025,8.5,11
O Papa que Venceu o Comunismo,2025,8.5,42
Más allá de la noche,2014,8.5,11
Good to See You,2025,8.5,14
The Doctrine of Discovery: Unmasking the Domination Code,2014,8.5,16
The Frog and the Water,2025,8.5,27
Inside Room 234,2014,8.5,15
What?,2014,8.5,15
Second Wind,2025,8.5,47
Mark & Olly: Living with the Tribes,2007,8.5,21
The Stares of Phenomenology,2003,8.5,11
Moments from a Sidewalk,2016,8.5,20
Premarital,2026,8.5,19
Storm Chasing: The Anthology,2016,8.5,10
To Love Is Enemy of the Great Dull Void,2020,8.5,86
An Inconvenient Study,2025,8.5,140
Sex Hub 1,2023,8.5,134
Sex Hub 2,2023,8.5,135
In My Skin,2026,8.5,91
Everyone's Sorry Nowadays,2026,8.5,20
The Rehearsal Suite,2025,8.5,7
Staring at the Sun,2017,8.5,42
Catching Junior Tate,2015,8.5,19
Teague: Design & Beauty,2014,8.5,10
"Down, But Not Out!",2015,8.5,80
Unheard Cries at GB Road,2025,8.5,15
Tighee,2026,8.5,54
Indeks,2025,8.5,29
MOCA: Jedna od najlepsih fudbalskih prica,2025,8.5,8
Lovely Ladies Dormitory 3,2022,8.5,107
Cousin Madenn,2015,8.5,18
Mrityormukshi,2025,8.5,6
Edgar Allan Poe's Plan 13: The House of Elvis,1986,8.5,20
The Adventure of the Disappearing Divan,1990,8.5,22
Scheme,2025,8.5,8
In First Movements,2025,8.5,7
Road to the North,2026,8.5,7
And Her Body Was Never Found,2026,8.5,15
Cuba - Coocuyo Remix,2025,8.5,227
Shkola Baby-Yagi,2026,8.5,8
The Season,1985,8.5,19
Eagles Nest,2014,8.5,11
The Day Passed,1971,8.5,414
Borrando a papá,2014,8.5,65
Jack Johnson: SURFILMUSIC,2026,8.5,9
The Groove Under the Groove,2026,8.5,28
Play It Safe,2015,8.5,19
"Step Aside Ex, She's the Hidden Lycan Queen!",2026,8.5,19
Skunk Ape,2026,8.5,6
Nouvelle Ère: À la découverte de moi-même!,2025,8.5,6
Cockroach,2026,8.5,6
Launder Run,2014,8.5,133
Jarilike,2016,8.5,40
Little Stars,2015,8.5,30
Love Love: Fractures,2026,8.5,7
Side by Side Extra: Volume Four,2014,8.5,20
Adventures of Miss Fit,2016,8.5,28
A Future on Stage,2025,8.5,8
The Problem Y,2014,8.5,15
Deficiency Notice,2016,8.5,22
Basundhara,2026,8.5,6
ONE OK ROCK Detox Japan Tour 2025 at Nissan Stadium in Cinemas,2026,8.5,18
Hulhudhaan,2014,8.5,13
Canción de barrio,2014,8.5,7
With This Ring,2016,8.5,9
El despertar de les places. Un any de 15M,2012,8.5,18
Yagoat,2026,8.5,6
Too Hip for the Room,2015,8.5,10
Sertão: Veredas,2008,8.5,12
Forget Not,2014,8.5,12
I Am You Are Everyone,2016,8.5,17
Enclave,2014,8.5,21
Surrogative,2014,8.5,11
Ganja Ladhei,2014,8.5,12
Gehry's Vertigo,2013,8.5,15
First Language: The Race to Save Cherokee,2014,8.5,18
Bio jednom jedan... Dusko Radovic,2006,8.5,10
Adrenalin: The BMW Touring Car Story,2014,8.5,148
Restoration,2014,8.5,13
Cheap Magic Inside,2011,8.5,9
Sita,1980,8.5,10
Eh Janam Tumhare Lekhe,2015,8.5,434
Subhas Chandra,1966,8.5,57
Summertime,2006,8.5,16
Tutti morimmo a stento,2015,8.5,25
Operation: Candlelight,2014,8.5,17
The Shadow's Edge,2014,8.5,24
Impact,2014,8.5,20
Mayooraa,1976,8.5,19
Novi hendikep,2015,8.5,11
Diary of a Deadbeat,2015,8.5,12
The Arc,2016,8.5,25
Avatarachi Goshta,2014,8.5,34
Man on Bridge,2014,8.5,19
The Last Love Letter,2015,8.5,25
Elizabeth,2015,8.5,20
The Process,2017,8.5,19
Somewhere Between Arnold & Festus,2015,8.5,10
Crnjanski,2015,8.5,10
Call of the Forest: The Forgotten Wisdom of Trees,2016,8.5,103
Glass,2016,8.5,105
Mob Fathers: Permanent Rehab,2016,8.5,21
From the Kill Pen,2016,8.5,43
Habitat: Note personali,2014,8.5,14
Strad Style,2017,8.5,91
Max Peril,2015,8.5,55
Prejudice,2015,8.5,18
Gradation,2019,8.5,17
A Global Joy,2015,8.5,6
Cuarenta balas: El caso Fischer-Bufano,2015,8.5,8
Running by Runes,2016,8.5,10
One Note at a Time,2016,8.5,74
Tunisia Clash,2015,8.5,17
Cinderella,1995,8.5,61
Tera Mera Vaada,2012,8.5,18
Wig'd Out,2016,8.5,22
Why Anzac with Sam Neill,2015,8.5,16
Standing on Water,2015,8.5,38
The Abducted,2015,8.5,63
Chimanee Pakhre,2000,8.5,66
Father Joseph,2015,8.5,16
Bhoomigeetha: Song of the Earth,1997,8.5,22
The Opposition,2016,8.5,31
Take Heart,2016,8.5,9
Voices for the Voiceless: The Story of the Lagloom (Lagoon) Abusement Park,2015,8.5,15
Twelve,2015,8.5,32
Trust None,2014,8.5,8
Comedy on the Half Shell Presents: The Roast of Tom Myers,2015,8.5,11
The Smalls: Forever Is a Long Time,2015,8.5,23
Socks & Shoes Off: Tora Black Belt Academy,2015,8.5,13
How It Is,2016,8.5,15
Kaliarda,2015,8.5,61
Lawman of Simpsonville,2015,8.5,9
Deutsche Pop Zustände,2015,8.5,20
The Rebound,2016,8.5,63
It's Not a Race: The Scooter Cannonball Run,2016,8.5,15
Soul of the Forest,2014,8.5,10
Daryl Hall and John Oates Live in Dublin,2015,8.5,38
Something Wicked Something Wonderful,2017,8.5,14
Privy,2015,8.5,11
"Hermogenes, professor and poet of Yoga",2015,8.5,30
A Fatherless America,2019,8.5,315
"Gharsallah, la Semence de Dieu",2007,8.5,9
Roxy: The Movie,2015,8.5,367
Welcome to Your Funeral: Part 1,2015,8.5,54
Train Chaar Baje Ki Hai,2015,8.5,17
Urutau,2015,8.5,19
Should I Stay or Should I Go?,2015,8.5,11
Bidaai,2008,8.5,11
Eyes Upon Waking,2022,8.5,51
Shongkhonil Karagar,1992,8.5,224
Die Macht der Träume,2016,8.5,81
The Warrior Prince: Sourav Ganguly,2012,8.5,30
Oporuka,2015,8.5,29
The Reflection of Kripto,2016,8.5,39
Pachar: Palter,2015,8.5,9
Duo,2013,8.5,11
"My Brother, Which I Care For",2015,8.5,63
In Search of Life,2016,8.5,9
Dzejms Bond je Srbin,2016,8.5,22
Out of a Jam,2015,8.5,19
Brevet,2016,8.5,16
Good Morning Sunshine,2023,8.5,13
Din Jai Kotha Thakey,1979,8.5,14
Cambridge,2015,8.5,13
Iron Knight: Lou Gehrig,2015,8.5,20
Year-round Metal Enjoyment,2015,8.5,11
Where's Daddy?,2017,8.5,29
YOLO: The Movie,2015,8.5,44
Chhutir Phande,1990,8.5,8
A Stray,2016,8.5,60
HeartLand Blues,2016,8.5,9
The Perfect Gangster,2018,8.5,41
After Love,2016,8.5,42
Living Dead: HAM,2001,8.5,10
The Rest I Make Up,2018,8.5,80
Ghani,2006,8.5,67
Memoria Viva (Living Memory),2014,8.5,15
Noah: The Journey Begins & Ends,2014,8.5,14
Queen: A Night in Bohemia,2016,8.5,58
You're Not Thinking Straight,2016,8.5,10
Gateseven,2016,8.5,10
Sundul Gan: The Story of Kaskus,2016,8.5,39
Night Sea Journey,2017,8.5,12
Blood Ties,2014,8.5,13
Teen Ghumti,2016,8.5,21
Pretty Guardian Sailor Moon Eternal the Movie Part 1,2021,8.5,50
Ruch and Norie,2015,8.5,37
Rigoberta Menchu: Daughter of the Maya,2016,8.5,21
Trezoros: The Lost Jews of Kastoria,2016,8.5,100
Misconstrued,2016,8.5,10
Medellin: A Journey Inside,2016,8.5,19
River of Gold,2016,8.5,17
L'architecte textile,2017,8.5,19
Ashen Streets,2014,8.5,15
Queens of the Stone Age: Over the Years and Through the Woods,2005,8.5,36
1040 Not So EZ,2017,8.5,54
Sustained,2017,8.5,36
Umaturka: The Call of the Water,2016,8.5,8
Hit Men,2016,8.5,14
Through the Valleys,2016,8.5,14
Beautiful Lives,2017,8.5,19
Chapter One: The Kiteboard Legacy Begins,2016,8.5,111
The Dreamers' Field,2017,8.5,48
Fear No Gumbo,2016,8.5,9
Junk,2016,8.5,8
Rez,2016,8.5,16
Billy Yeager the Ineffable Enigma,2016,8.5,14
War of the Limelight,2016,8.5,23
Four,2016,8.5,10
The Human Effect,2016,8.5,8
Spies Are Forever,2016,8.5,365
Through the Eyes of Spurgeon,2014,8.5,26
Angry Buddha,2016,8.5,29
Our Stories,2014,8.5,10
Shared Legacies,2020,8.5,20
The Wake of Dick Johnson,2016,8.5,8
Fijne Vrienden: Roadtrip Vietnam,2016,8.5,35
Roller Life,2016,8.5,14
Clear Skies 2,2009,8.5,20
Endless Letterpress,2019,8.5,6
Jewtah,2018,8.5,25
Mumford & Sons Live from South Africa: Dust & Thunder,2016,8.5,74
What Comes Next Is the Future,2016,8.5,18
Scattering CJ,2019,8.5,45
Barely Dead: The Saga of Modern Rollerblading,2008,8.5,14
Finding St. Isabel,2016,8.5,16
Xunzhao Lin Zhao de linghun,2004,8.5,58
The Organizer,2017,8.5,20
Engrams,2016,8.5,44
Temuan Takdir,2016,8.5,13
The Last Pig,2017,8.5,71
Zero Point: The Story of Mark McCandlish and the Flux Liner,2013,8.5,32
Eyeless in Gaza,2016,8.5,11
Vad Kunság: A Puszta rejtett élete,2016,8.5,37
Acts and Intermissions,2017,8.5,29
Sleeping Rough,2018,8.5,8
The Over-Mountain Men: The Price of Freedom,2016,8.5,11
The Face of Mercy,2016,8.5,66
My Cousin Is the Mayor of New York,2016,8.5,12
The Tunche,2017,8.5,10
The Heart of Nuba,2016,8.5,155
Bicycling the Southern Tier,2016,8.5,7
Martyrs of Marriage,2016,8.5,262
The Man Who Disturbed the Universe,2000,8.5,38
Lunàdigas - or Concerning Childfree Women,2016,8.5,13
Sistas Conversation,2020,8.5,11
Sunya,2016,8.5,16
La Era de la Desconexión,2018,8.5,18
KTM Cocktale,2017,8.5,35
Gloria Del Pacifico,2014,8.5,42
Valley of Sighs,2013,8.5,22
Andaz Tera Mera,2025,8.5,135
My Dad's Hot Girlfriend 30,2016,8.5,36
Living Utopia and the Birth of Freedom,2005,8.5,9
Clank: Red Mosaic,2017,8.5,68
Nous sommes l'humanité,2017,8.5,14
Hope and Healing Award Concert,2016,8.5,24
Death Is But a Dream,2021,8.5,13
Brumville,2018,8.5,104
Slipknot: (sic)nesses,2012,8.5,65
Soldier Nobre,2023,8.5,6
Barna Hedenhös i världsrymden,1961,8.5,9
Pagar-Pagar Cinta,1986,8.5,13
The Ritman Library: Amsterdam,2017,8.5,103
Taste: What's Going on - Live at the Isle of Wight 1970,2015,8.5,20
Jacqueline I Am Coming,2019,8.5,31
Last Light of Orion,2017,8.5,17
Tu pug imatuy,2017,8.5,12
American Media & The Second Assassination of John F. Kennedy,2017,8.5,55
Doc-U-Mentally,2016,8.5,13
"Dom Helder Camara, O Santo Rebelde",2004,8.5,6
I Am Rohingya: A Genocide in Four Acts,2018,8.5,16
Maricarmen,2020,8.5,15
Behavioral Concept,2015,8.5,31
Universal Program,2016,8.5,35
DVTK 100 Years,2010,8.5,33
Mighty Ground,2017,8.5,30
Radovan: Povik Iza Zidova Tamnice,2017,8.5,13
"O Jehovah, ... I Trust in You",2016,8.5,171
Martírio,2016,8.5,216
Choose Your Wave,2016,8.5,8
Sarajevo Roses,2016,8.5,38
Eleyaru Naavu Geleyaru,2017,8.5,13
Sachin: The Ultimate Winner,2023,8.5,55
Mother of Abbes,1970,8.5,9
Walking with the Wind,2017,8.5,80
The Lock,2016,8.5,12
REM,2017,8.5,14
Nebeska tema,2019,8.5,416
Names on the Cup,2017,8.5,53
The Man in the Attic,2021,8.5,11
Mankiller,2017,8.5,79
Korn: Reconciliation,2013,8.5,8
Moments of Silence,2017,8.5,10
B for Bundelkhand,2017,8.5,13
Then!,2016,8.5,11
The Color of Medicine: The Story of Homer G. Phillips Hospital,2018,8.5,32
The Chosen People? A Film about Jewish Identity,2017,8.5,8
The Killing Floor,2017,8.5,18
Frozen Ambrosia,2017,8.5,31
Ace of Hearts: Bwana Y'umutima,2017,8.5,13
AAS: Uttarakhandi Film,2017,8.5,9
Ek Chiltey Sindoor,2004,8.5,8
Sea of Life,2017,8.5,62
Overland,2020,8.5,16
Khumbula: I Will Remember,2015,8.5,13
"1984, When the Sun Didn't Rise",2017,8.5,13
Light,2017,8.5,7
The Empty Iris,2017,8.5,10
Deconstructing The Beatles' Rubber Soul,2017,8.5,25
Waste,2019,8.5,21
Karen or Bust,2018,8.5,12
Dramebaaz Kalakaar,2017,8.5,24
Il primo meraviglioso spettacolo,2017,8.5,13
Coming to Light,2000,8.5,10
Mmirsa,2016,8.5,18
Yes I Am: The Ric Weiland Story,2021,8.5,68
"Thea: To somre, en vinter",2017,8.5,9
Luba,2018,8.5,35
Clearing the Way,2017,8.5,13
Sisters Rising,2020,8.5,15
Time Well Spent,2018,8.5,73
Court of Appeals,2018,8.5,111
Swagger of Thieves,2017,8.5,10
Khobi hamduna,2016,8.5,7
The Silver Branch,2018,8.5,40
Heegondu Dina,2018,8.5,17
An Educator,2017,8.5,15
Nani Gopaler Biye,1973,8.5,9
The art of mandolin in Crete: part 1,2017,8.5,6
DocUFObia,2017,8.5,8
Bailey.,2017,8.5,9
Reinventing Rosalee,2018,8.5,20
Alki's Long Walk,2017,8.5,13
The Ragin 13,2023,8.5,110
The Holy Fish,2017,8.5,25
Le origini della cinematografia,2017,8.5,7
Forged in Fire: Cricket's Greatest Rivalry,2017,8.5,51
To Be Frank Carson,2017,8.5,13
Beautiful Game,2023,8.5,10
Zaraab,2018,8.5,15
Love & Irony,2025,8.5,15
Livet på Surte,2013,8.5,6
Shelter me: Apollo House,2018,8.5,15
Dear Fredy,2017,8.5,45
Thunder from the Sea,2018,8.5,10
A Christmas Monstrosity,2018,8.5,19
W A N D E R L U S T: A Musical Noir,2017,8.5,12
Spiele mit Bart: The Movie feat. Night Trap,2018,8.5,238
Indus Blues,2018,8.5,60
Sons of St. Clair,2018,8.5,10
Christian Movie: Yearning,2018,8.5,66
Myth,2018,8.5,169
One More Shot,2018,8.5,55
Life on the Deben,2017,8.5,12
Athens Resistance (1941-1944),2018,8.5,73
Farmsteaders,2018,8.5,53
Gaane Ki Aane,2016,8.5,40
Palashichi P.T,2018,8.5,35
Greenpool,2018,8.5,31
Foxy,2018,8.5,13
Robbie Rotten in LazyTown,1999,8.5,55
Horses: Patti Smith and Her Band,2018,8.5,7
The Power of Movement,2020,8.5,22
Displaced,2017,8.5,10
Eva: A-7063,2018,8.5,75
100 Yillik Sevda,2006,8.5,169
Mehrunisa,2021,8.5,12
Runanubandha (The He Without Him),2018,8.5,28
Alle in einem Boot,2019,8.5,6
An American Story: Norman Mineta and His Legacy,2018,8.5,17
Kuch Alag Sa,2014,8.5,9
Belaseshe,2009,8.5,12
Capo di Famiglia: Part II,2020,8.5,26
Samadhi Part 2: (It's Not What You Think),2018,8.5,398
O La La,2018,8.5,8
Hard sex: Hi niku gari,1986,8.5,9
L'énigme Chaland,2018,8.5,12
In the Desert - A Documentary Diptych: Omar's Dream,2018,8.5,10
Underdog,2018,8.5,17
Rahasia Perkawinan,1978,8.5,6
The Barcelona Experiment,2018,8.5,10
The Imaginary State,2020,8.5,14
A New Leash on Life: The K9s for Warriors Story,2018,8.5,11
A Joyful Mind,2016,8.5,27
Die Seele der Geige,2018,8.5,13
Great Great Great Great Great Great Great Great Great Great Great Great Movie,2018,8.5,32
Make Me A Leader,2018,8.5,29
Siguiente Round,2018,8.5,36
Ratherman,2012,8.5,17
Burkinabè Rising: The Art of Resistance in Burkina Faso,2018,8.5,18
lakshmi nivasam,1968,8.5,11
Outrage,2021,8.5,23
Paradogma,2018,8.5,55
Way in the dark: Confinement,2013,8.5,32
Land of Little Rivers,2019,8.5,15
Pariah Dog,2019,8.5,55
Marshal Law: Reconciliation,2018,8.5,49
The Balcony: Memories of Occupation,2018,8.5,25
Mon père n'est pas mort,2023,8.5,15
Mike Ward s'eXpose,2013,8.5,14
Madre Luna,2019,8.5,8
Decoding the Driftless,2018,8.5,46
Mad Dogs,2016,8.5,11
Hugh Hefner's After Dark: Speaking Out in America,2018,8.5,17
School Circles,2018,8.5,20
14 Back,2018,8.5,19
Kesempatan Kedu(d)a,2018,8.5,67
Jake & Jack,2019,8.5,26
Poets Are the Destroyers,2021,8.5,9
Fight Pride,2025,8.5,7
Daydream Nation,2018,8.5,11
Who Said You Can't: African American Women in Science,2023,8.5,17
A Haunted Past,2018,8.5,26
Aisyah: Biarkan Kami Bersaudara,2016,8.5,29
Chez Rabah,2013,8.5,8
Marah-Marah Sayang,1987,8.5,12
Walking with C.S. Lewis,2017,8.5,9
Birds of the Lakes Return,2018,8.5,24
Le Pardon,2018,8.5,24
Running Man,2018,8.5,44
"Do Something, The Jeffrey Modell Story",2019,8.5,9
"La Nueve, Heroes en el olvido",2023,8.5,23
Evrensel Döngü: Zamansal Yolculuk,2019,8.5,28
The Wheel of Punishment 2,2018,8.5,40
Auschwitz - La fábrica de muerte,2017,8.5,14
Agent P,1980,8.5,13
Funny Tweets,2018,8.5,38
Aandal,2005,8.5,8
Noise,2019,8.5,29
Surviving Birkenau: The Dr. Susan Spatz Story,2019,8.5,31
The War to End All Wars... and its American Veterans,2020,8.5,8
Blessed,2018,8.5,35
Brothers in Football,2018,8.5,66
Un Loco Verano Catracho,2015,8.5,18
Boy Tokwa: Lodi ng Gapo,2019,8.5,11
Food for Thought,2025,8.5,35
Futurus - Robot contro uomini,2019,8.5,14
Plax: Escaper,2019,8.5,12
Chholyar,2018,8.5,9
The Target,2016,8.5,11
Rory Gallagher: Irish Tour '74,1974,8.5,48
Untitled Chris Cornell Documentary,2021,8.5,14
